theme,title,publisher,updated,api,resource_id,page,api_url
ITI / CTS / NSTI,"State-wise Number of Training Centres under PMKVY Centres, JSS Centres, NAPS Establishments and ITIs (Govt and Pvt) (in reply to Unstarred Question as on 04 February 2026)",Rajya Sabha,2026-09-24,0,4d6dcbc7-05c7-4225-8817-c8c75126cfba,https://www.data.gov.in/resource/state-wise-number-training-centres-under-pmkvy-centres-jss-centres-naps-establishments-and,https://api.data.gov.in/resource/4d6dcbc7-05c7-4225-8817-c8c75126cfba?api-key=YOUR_KEY&format=csv&limit=1000
ITI / CTS / NSTI,State-wise Number of Courses Offered in Industrial Training Institutes (ITIs) (in reply to Unstarred Question as on 25th March 2026),Rajya Sabha,2026-09-23,0,ae47aa45-c893-4a1f-bac5-f8677f1cb640,https://www.data.gov.in/resource/state-wise-number-courses-offered-industrial-training-institutes-itis-reply-unstarred,https://api.data.gov.in/resource/ae47aa45-c893-4a1f-bac5-f8677f1cb640?api-key=YOUR_KEY&format=csv&limit=1000
ITI / CTS / NSTI,"Scheme-wise Details of the Women Candidates trained under PMKVY, JSS, NAPS, and CTS (ITIs) (in reply to Starred Question as on 04 February 2026)",Rajya Sabha,2026-09-23,0,f1ede2cf-d66a-4b40-9355-12c06a3bad19,https://www.data.gov.in/resource/scheme-wise-details-women-candidates-trained-under-pmkvy-jss-naps-and-cts-itis-reply,https://api.data.gov.in/resource/f1ede2cf-d66a-4b40-9355-12c06a3bad19?api-key=YOUR_KEY&format=csv&limit=1000
ITI / CTS / NSTI,State/UT-wise Number of Enrolment under National Skill Training Institutes (NSTIs) Offering AI Programming Assistant Craftsmen Training Scheme (CTS) Course during 2024 and 2025,Rajya Sabha,2026-09-23,0,a486a48e-433d-4866-afc1-d6051fdaa30b,https://www.data.gov.in/resource/stateut-wise-number-enrolment-under-national-skill-training-institutes-nstis-offering-ai,https://api.data.gov.in/resource/a486a48e-433d-4866-afc1-d6051fdaa30b?api-key=YOUR_KEY&format=csv&limit=1000
ITI / CTS / NSTI,State-wise Number of Courses Offered in National Skill Training Institute (NSTI) (in reply to Unstarred Question as on 25th March 2026),Rajya Sabha,2026-09-23,0,e8430e11-a667-42e5-b621-ab902371578a,https://www.data.gov.in/resource/state-wise-number-courses-offered-national-skill-training-institute-nsti-reply-unstarred,https://api.data.gov.in/resource/e8430e11-a667-42e5-b621-ab902371578a?api-key=YOUR_KEY&format=csv&limit=1000
ITI / CTS / NSTI,"State/UT-wise Number of Training Centres Offering New-age and Future-skills Courses under PMKVY, NAPS and ITI (Reply to Starred Question as on 11 March 2026)",Rajya Sabha,2026-09-16,1,1144a2f5-7045-4015-88bb-a651e5b59e0e,https://www.data.gov.in/resource/stateut-wise-number-training-centres-offering-new-age-and-future-skills-courses-under,https://api.data.gov.in/resource/1144a2f5-7045-4015-88bb-a651e5b59e0e?api-key=YOUR_KEY&format=csv&limit=1000
ITI / CTS / NSTI,Trade-wise Details of Candidates Enrolled in New-age Courses under Craftsman Training Scheme (CTS) from 2022-23 to 2024-25,Rajya Sabha,2026-09-16,1,0d2ad257-b41f-4374-992d-7b32b04e7950,https://www.data.gov.in/resource/trade-wise-details-candidates-enrolled-new-age-courses-under-craftsman-training-scheme-cts,https://api.data.gov.in/resource/0d2ad257-b41f-4374-992d-7b32b04e7950?api-key=YOUR_KEY&format=csv&limit=1000
ITI / CTS / NSTI,Institute wise Short Term Training Programs in Government of Maharashtra ITIs during 2025-26,Maharashtra,2026-01-08,0,d3362d3f-0560-4849-9ba0-317e0c579f3b,https://www.data.gov.in/resource/institute-wise-short-term-training-programs-government-maharashtra-itis-during-2025-26,https://api.data.gov.in/resource/d3362d3f-0560-4849-9ba0-317e0c579f3b?api-key=YOUR_KEY&format=csv&limit=1000
ITI / CTS / NSTI,State-wise Detail of Trades Running in National Skill Training Institutes (NSTIs) under Craftsmen Training Scheme (CTS) with Intake Capacity during 2024-25,Rajya Sabha,2025-07-17,1,6a28815e-5c9e-4be3-a3e5-e4f0aebb4cf6,https://www.data.gov.in/resource/state-wise-detail-trades-running-national-skill-training-institutes-nstis-under-craftsmen,https://api.data.gov.in/resource/6a28815e-5c9e-4be3-a3e5-e4f0aebb4cf6?api-key=YOUR_KEY&format=csv&limit=1000
ITI / CTS / NSTI,State/UT-wise Number of Candidates Trained under Craftsmen Training Scheme (CTS) Scheme from 2021-22 to 2023-24,Rajya Sabha,2025-07-17,1,7cc46a5e-4210-4160-a64f-acbfcc789be0,https://www.data.gov.in/resource/stateut-wise-number-candidates-trained-under-craftsmen-training-scheme-cts-scheme-2021-22,https://api.data.gov.in/resource/7cc46a5e-4210-4160-a64f-acbfcc789be0?api-key=YOUR_KEY&format=csv&limit=1000
ITI / CTS / NSTI,Category-wise Details of New Age/Future Skill Courses under Craftsmen Training Scheme (CTS) (in reply to Unstarred Question as on 2nd April 2025),Rajya Sabha,2025-07-17,1,9583a7be-5285-41c1-a2fa-51bb817fbd7c,https://www.data.gov.in/resource/category-wise-details-new-agefuture-skill-courses-under-craftsmen-training-scheme-cts,https://api.data.gov.in/resource/9583a7be-5285-41c1-a2fa-51bb817fbd7c?api-key=YOUR_KEY&format=csv&limit=1000
ITI / CTS / NSTI,"State/UT-wise Number of Training Centres under PMKVY, JSS, NAPS, and ITIs as on 31-10-2024",Rajya Sabha,2025-04-15,1,605183f9-4387-4735-a6ec-ebd7f4298c49,https://www.data.gov.in/resource/stateut-wise-number-training-centres-under-pmkvy-jss-naps-and-itis-31-10-2024,https://api.data.gov.in/resource/605183f9-4387-4735-a6ec-ebd7f4298c49?api-key=YOUR_KEY&format=csv&limit=1000
ITI / CTS / NSTI,"Category-wise Number of Training Women, OBC, SC, ST and PWD Category Candidates under Pradhan Mantri Kaushal Vikas Yojana (PMKVY), Jan Sikhshan Sansthan (JSS), NAPS and CTS (ITIs) Scheme from 2021-22 to 2023-24",Rajya Sabha,2025-04-15,1,036f7666-8e82-4f93-bd1d-809a1de82d67,https://www.data.gov.in/resource/category-wise-number-training-women-obc-sc-st-and-pwd-category-candidates-under-pradhan,https://api.data.gov.in/resource/036f7666-8e82-4f93-bd1d-809a1de82d67?api-key=YOUR_KEY&format=csv&limit=1000
ITI / CTS / NSTI,"District-wise Number of Youth Trained under under Pradhan Mantri Kaushal Vikas Yojana (PMKVY), Jan Sikhshan Sansthan (JSS), NAPS and CTS (ITIs) Scheme in Gujarat from 2021-22 to 2023-24",Rajya Sabha,2025-04-15,1,b87bf720-05fe-49bc-ae4e-d3a1eaf1135c,https://www.data.gov.in/resource/district-wise-number-youth-trained-under-under-pradhan-mantri-kaushal-vikas-yojana-pmkvy,https://api.data.gov.in/resource/b87bf720-05fe-49bc-ae4e-d3a1eaf1135c?api-key=YOUR_KEY&format=csv&limit=1000
ITI / CTS / NSTI,"District-wise Number of Youth Trained under Pradhan Mantri Kaushal Vikas Yojana (PMKVY), Jan Sikhshan Sansthan (JSS), NAPS and CTS (ITIs) Scheme in Andhra Pradesh from 2021-22 to 2023-24",Rajya Sabha,2025-04-15,1,87454102-951d-4ee5-bf8d-c57ce0586528,https://www.data.gov.in/resource/district-wise-number-youth-trained-under-pradhan-mantri-kaushal-vikas-yojana-pmkvy-jan,https://api.data.gov.in/resource/87454102-951d-4ee5-bf8d-c57ce0586528?api-key=YOUR_KEY&format=csv&limit=1000
ITI / CTS / NSTI,State/UT-wise Number of Candidates Enrolled under Craftsman Training Scheme (CTS) from 2019-20 to 2023-24,Rajya Sabha,2025-04-15,1,cfc747c8-dbb4-455f-81cf-bdcc244a592b,https://www.data.gov.in/resource/stateut-wise-number-candidates-enrolled-under-craftsman-training-scheme-cts-2019-20-2023,https://api.data.gov.in/resource/cfc747c8-dbb4-455f-81cf-bdcc244a592b?api-key=YOUR_KEY&format=csv&limit=1000
ITI / CTS / NSTI,"State/UTs-wise Total Number of Industrial Training Institutes (ITIs) run under Craftsmen Training Scheme (CTS) (in reply to Unstarred Question on 6 April, 2022)",Rajya Sabha,2025-02-18,1,8da0d40b-6a9e-449e-b8cd-e803244ee418,https://www.data.gov.in/resource/stateuts-wise-total-number-industrial-training-institutes-itis-run-under-craftsmen,https://api.data.gov.in/resource/8da0d40b-6a9e-449e-b8cd-e803244ee418?api-key=YOUR_KEY&format=csv&limit=1000
ITI / CTS / NSTI,State/UT-wise Details of Fund Released under the Scheme Upgradation of Existing Government ITIs into Model ITIs from 2019-20 to 2023-24,Rajya Sabha,2024-10-23,1,75be5fd9-6a13-4d0b-8e1a-dde5c705e748,https://www.data.gov.in/resource/stateut-wise-details-fund-released-under-scheme-upgradation-existing-government-itis-model,https://api.data.gov.in/resource/75be5fd9-6a13-4d0b-8e1a-dde5c705e748?api-key=YOUR_KEY&format=csv&limit=1000
ITI / CTS / NSTI,State-wise Number of National Skill Training Institutes (NSTI)/Industrial Training Institutes (ITIs) Trainees Imparted Training under STRIVE Project from 2022 to 2024,Rajya Sabha,2024-10-23,1,1b29067a-f08a-41fe-88dc-b5aa5d7cb68b,https://www.data.gov.in/resource/state-wise-number-national-skill-training-institutes-nstiindustrial-training-institutes,https://api.data.gov.in/resource/1b29067a-f08a-41fe-88dc-b5aa5d7cb68b?api-key=YOUR_KEY&format=csv&limit=1000
ITI / CTS / NSTI,"Scheme-wise Number of Persons Enrolled, Trained and Certified under Pradhan Mantri Kaushal Vikas Yojana (PMKVY), Jan Sikhshan Sansthan (JSS) and Craftsman Training Scheme (CTS) from 2015-16 to 2024-25",Rajya Sabha,2024-10-23,1,2e1904af-7881-4798-ab2f-09a5bd55ca66,https://www.data.gov.in/resource/scheme-wise-number-persons-enrolled-trained-and-certified-under-pradhan-mantri-kaushal,https://api.data.gov.in/resource/2e1904af-7881-4798-ab2f-09a5bd55ca66?api-key=YOUR_KEY&format=csv&limit=1000
ITI / CTS / NSTI,"State/UT-wise Number of NSTIs exclusively for Women, Total ITIs and Women ITIs as on 30-06-2024",Rajya Sabha,2024-09-17,1,943c6962-2001-45d1-9a24-5a1668eb9c89,https://www.data.gov.in/resource/stateut-wise-number-nstis-exclusively-women-total-itis-and-women-itis-30-06-2024,https://api.data.gov.in/resource/943c6962-2001-45d1-9a24-5a1668eb9c89?api-key=YOUR_KEY&format=csv&limit=1000
ITI / CTS / NSTI,"State/UT-wise Number of Candidates Trained under Pradhan Mantri Kaushal Vikas Yojana (PMKVY), Jan Shikshan Sansthan Scheme (JSS), NAPS and CTS (ITIs) including State of Punjab from 2015-16 to 2023-24",Rajya Sabha,2024-09-09,1,a9346fe0-d3da-4802-8bf9-5e042a431f01,https://www.data.gov.in/resource/stateut-wise-number-candidates-trained-under-pradhan-mantri-kaushal-vikas-yojana-pmkvy-jan,https://api.data.gov.in/resource/a9346fe0-d3da-4802-8bf9-5e042a431f01?api-key=YOUR_KEY&format=csv&limit=1000
ITI / CTS / NSTI,"Institute-wise List of Govt., Institute for Training of Trainers (IToTs Converted from Industrial Training Institutes (ITIs) in the state of Odisha during 2022",Rajya Sabha,2024-08-27,1,a1445983-4935-4605-835e-14f7f328f75b,https://www.data.gov.in/resource/institute-wise-list-govt-institute-training-trainers-itots-converted-industrial-training,https://api.data.gov.in/resource/a1445983-4935-4605-835e-14f7f328f75b?api-key=YOUR_KEY&format=csv&limit=1000
ITI / CTS / NSTI,"District-wise Number of Skill Development Centers functioning under PMKVY, JSS, National Apprenticeship Promotion Scheme (NAPS), and ITIs in Chhattisgarh (In Reply to Starred Question on 06 -12-2023)",Rajya Sabha,2024-08-27,1,dea33e0d-10b1-4af5-a65a-1e2bcf33beb8,https://www.data.gov.in/resource/district-wise-number-skill-development-centers-functioning-under-pmkvy-jss-national,https://api.data.gov.in/resource/dea33e0d-10b1-4af5-a65a-1e2bcf33beb8?api-key=YOUR_KEY&format=csv&limit=1000
ITI / CTS / NSTI,District-wise List of National Skill Training Institutes and Institute for Training of Trainers in Odisha (In Reply to Unstarred Question on 06-12-2023),Rajya Sabha,2024-08-27,1,17ca1659-efd1-4e2a-af9f-e14961a0e8f8,https://www.data.gov.in/resource/district-wise-list-national-skill-training-institutes-and-institute-training-trainers,https://api.data.gov.in/resource/17ca1659-efd1-4e2a-af9f-e14961a0e8f8?api-key=YOUR_KEY&format=csv&limit=1000
ITI / CTS / NSTI,District-wise Number of Candidates Enrolled Under Craftsmen Training Scheme (CTS) in Chhattisgarh from 2020 to 2022,Rajya Sabha,2024-08-27,1,abfcad50-5f0a-49c2-bad7-7c92c1b1d26b,https://www.data.gov.in/resource/district-wise-number-candidates-enrolled-under-craftsmen-training-scheme-cts-chhattisgarh,https://api.data.gov.in/resource/abfcad50-5f0a-49c2-bad7-7c92c1b1d26b?api-key=YOUR_KEY&format=csv&limit=1000
ITI / CTS / NSTI,"State/ UT-wise Number of Skill Development Centers under PMKVY, JSS, NAPS, and ITIs as on 31-12-2023",Rajya Sabha,2024-05-07,1,2c87a4b3-f9d5-4b23-bb09-927855bbe555,https://www.data.gov.in/resource/state-ut-wise-number-skill-development-centers-under-pmkvy-jss-naps-and-itis-31-12-2023,https://api.data.gov.in/resource/2c87a4b3-f9d5-4b23-bb09-927855bbe555?api-key=YOUR_KEY&format=csv&limit=1000
ITI / CTS / NSTI,State/UT-wise Enrolment of Trainees in ITIs under Craftsman Training Scheme (CTS) from 2019-20 to 2022-23,Rajya Sabha,2024-04-04,1,c123ed4d-63db-4313-bc3f-2ecaa76413af,https://www.data.gov.in/resource/stateut-wise-enrolment-trainees-itis-under-craftsman-training-scheme-cts-2019-20-2022-23,https://api.data.gov.in/resource/c123ed4d-63db-4313-bc3f-2ecaa76413af?api-key=YOUR_KEY&format=csv&limit=1000
ITI / CTS / NSTI,"State/UT-wise Number of Skill Development Centers/facilities under PMKVY, JSS, NAPS, and ITIs as on 31-03-2023",Rajya Sabha,2024-02-23,1,2af9602e-db00-49db-ba25-a1823a13384c,https://www.data.gov.in/resource/stateut-wise-number-skill-development-centersfacilities-under-pmkvy-jss-naps-and-itis-31,https://api.data.gov.in/resource/2af9602e-db00-49db-ba25-a1823a13384c?api-key=YOUR_KEY&format=csv&limit=1000
ITI / CTS / NSTI,State/UT-wise Number of Students Enrolled in Industrial Training Institutes(ITIs) under Craftsmen Training Scheme(CTS) Scheme of North Eastern Region from 2019 to 2022,Rajya Sabha,2024-02-23,1,55d77373-f0de-46e3-b68b-5f3d3e074d35,https://www.data.gov.in/resource/stateut-wise-number-students-enrolled-industrial-training-institutesitis-under-craftsmen,https://api.data.gov.in/resource/55d77373-f0de-46e3-b68b-5f3d3e074d35?api-key=YOUR_KEY&format=csv&limit=1000
ITI / CTS / NSTI,"State-wise Details of Industrial Training Institutes (ITIs) are Teaching Artificial Intelligence (AI) Industrial Training Institutes (ITIs) across Country (in Reply to Unstarred Question on 08 February, 2023)",Rajya Sabha,2023-11-29,1,f46998aa-4f09-4669-b305-fd0620294ea2,https://www.data.gov.in/resource/state-wise-details-industrial-training-institutes-itis-are-teaching-artificial,https://api.data.gov.in/resource/f46998aa-4f09-4669-b305-fd0620294ea2?api-key=YOUR_KEY&format=csv&limit=1000
ITI / CTS / NSTI,"State/UT-wise Details of the Fund Allocated and Released under the Upgradation of existing Government ITIs (Industrial Training Institutes) into Model ITIs Scheme (in Reply to Unstarred Question on 29 March, 2023)",Rajya Sabha,2023-09-21,1,f08f7c86-d521-4a8c-90ec-bd790bc1d307,https://www.data.gov.in/resource/stateut-wise-details-fund-allocated-and-released-under-upgradation-existing-government,https://api.data.gov.in/resource/f08f7c86-d521-4a8c-90ec-bd790bc1d307?api-key=YOUR_KEY&format=csv&limit=1000
ITI / CTS / NSTI,"District-wise Details of the Financial Allocation and Funds Released to the ITIs covered under STRIVE Project from the State of Punjab (in Reply to Unstarred Question on 29 March, 2023)",Rajya Sabha,2023-09-21,1,85a1d307-d67d-4281-9c82-c8193a7a398f,https://www.data.gov.in/resource/district-wise-details-financial-allocation-and-funds-released-itis-covered-under-strive,https://api.data.gov.in/resource/85a1d307-d67d-4281-9c82-c8193a7a398f?api-key=YOUR_KEY&format=csv&limit=1000
ITI / CTS / NSTI,"State-wise Details of the Fund Allocated and Released to ITIs (Industrial Training Institutes) under Enhancing Skill Development in NE (North Eastern) States Scheme (in Reply to Unstarred Question on 29 March, 2023)",Rajya Sabha,2023-09-21,1,774af106-92d4-4d82-a68b-99e7d80a926a,https://www.data.gov.in/resource/state-wise-details-fund-allocated-and-released-itis-industrial-training-institutes-under,https://api.data.gov.in/resource/774af106-92d4-4d82-a68b-99e7d80a926a?api-key=YOUR_KEY&format=csv&limit=1000
ITI / CTS / NSTI,District-wise Number of Industrial training institutes in Punjab from 1970 to 2022 (as on 30th September),Punjab,2023-08-21,0,97269b75-631a-49b9-a47d-99ab41fe0e3f,https://www.data.gov.in/resource/district-wise-number-industrial-training-institutes-punjab-1970-2022-30th-september,https://api.data.gov.in/resource/97269b75-631a-49b9-a47d-99ab41fe0e3f?api-key=YOUR_KEY&format=csv&limit=1000
ITI / CTS / NSTI,State-wise Status of Fund Released to Govt. Industrial Training Institutes (ITIs) under the Scheme Skill Development in 48 Districts Affected by Left-Wing Extremism as on 01-03-2023,Rajya Sabha,2023-07-26,1,d3b6e965-b7df-4045-98e9-870b6c6f7bbd,https://www.data.gov.in/resource/state-wise-status-fund-released-govt-industrial-training-institutes-itis-under-scheme,https://api.data.gov.in/resource/d3b6e965-b7df-4045-98e9-870b6c6f7bbd?api-key=YOUR_KEY&format=csv&limit=1000
ITI / CTS / NSTI,State/UT-wise Training Data under Craftsmen Training Scheme (CTS) through Industrial Training Institutes (ITIs) from 2018 to 2022,Rajya Sabha,2023-05-19,1,ba097f68-3882-4c3f-bb75-1b1973285b8b,https://www.data.gov.in/resource/stateut-wise-training-data-under-craftsmen-training-scheme-cts-through-industrial-training,https://api.data.gov.in/resource/ba097f68-3882-4c3f-bb75-1b1973285b8b?api-key=YOUR_KEY&format=csv&limit=1000
ITI / CTS / NSTI,"State/UT-wise Number of Skill Development Centres under Jan Shikshan Sansthan (JSS), National Apprenticeship Promotion Scheme (NAPS), and Industrial Training Institutes (ITIs) as on 30.09.2022",Rajya Sabha,2023-05-19,1,29b6c84e-4b08-4d61-a3e5-c6acce749ce9,https://www.data.gov.in/resource/stateut-wise-number-skill-development-centres-under-jan-shikshan-sansthan-jss-national,https://api.data.gov.in/resource/29b6c84e-4b08-4d61-a3e5-c6acce749ce9?api-key=YOUR_KEY&format=csv&limit=1000
ITI / CTS / NSTI,State/UTs-wise Industrial Training Institutes (ITI) Running Exclusively for Women and Number of Women Trained in those Centres from 2019 to 2021,Rajya Sabha,2023-05-02,1,51c8e446-0677-4dd4-97bd-64c009cb4794,https://www.data.gov.in/resource/stateuts-wise-industrial-training-institutes-iti-running-exclusively-women-and-number,https://api.data.gov.in/resource/51c8e446-0677-4dd4-97bd-64c009cb4794?api-key=YOUR_KEY&format=csv&limit=1000
ITI / CTS / NSTI,"State-wise Total Number of Industrial Training Institutes (ITIs) (one ITI per district) and Skill Development Centers (SDCs) (in reply to Unstarred Question on 21 December, 2022)",Rajya Sabha,2023-05-02,1,0bd90ba2-c268-40a3-af0e-bdb74b11868c,https://www.data.gov.in/resource/state-wise-total-number-industrial-training-institutes-itis-one-iti-district-and-skill,https://api.data.gov.in/resource/0bd90ba2-c268-40a3-af0e-bdb74b11868c?api-key=YOUR_KEY&format=csv&limit=1000
ITI / CTS / NSTI,"Scheme-wise Number of Candidates Skilled/Trained under PMKVY, Jan Shikshan Sansthan, National Apprenticeship Promotion Scheme and Industrial Training Institutes/Craftsmen Training Scheme from 2017-18 to 2021-22",Rajya Sabha,2023-05-02,1,00ababb9-da1f-463d-bcdf-e354fcdf5047,https://www.data.gov.in/resource/scheme-wise-number-candidates-skilledtrained-under-pmkvy-jan-shikshan-sansthan-national,https://api.data.gov.in/resource/00ababb9-da1f-463d-bcdf-e354fcdf5047?api-key=YOUR_KEY&format=csv&limit=1000
ITI / CTS / NSTI,State-wise National Skill Training Institutes (NSTIs) Running Exclusively for Women and Number of Women Trained in those Centres from 2019-20 to 2021-22,Rajya Sabha,2023-05-02,1,b43b7927-5414-4734-a39c-b854fd6f038d,https://www.data.gov.in/resource/state-wise-national-skill-training-institutes-nstis-running-exclusively-women-and-number,https://api.data.gov.in/resource/b43b7927-5414-4734-a39c-b854fd6f038d?api-key=YOUR_KEY&format=csv&limit=1000
ITI / CTS / NSTI,"Scheme-wise Share of Female Candidates in Total Candidate Trained under PMKVY, JSS, National Apprenticeship Promotion Scheme (NAPS) and Craftsmen Training Scheme (CTS) from 2019-20 to 2021-22",Rajya Sabha,2023-05-02,1,285f3a9f-d59a-43e4-b12e-8f75a109563e,https://www.data.gov.in/resource/scheme-wise-share-female-candidates-total-candidate-trained-under-pmkvy-jss-national,https://api.data.gov.in/resource/285f3a9f-d59a-43e4-b12e-8f75a109563e?api-key=YOUR_KEY&format=csv&limit=1000
ITI / CTS / NSTI,"District-wise Details of the Government and Private ITIs (Industrial Training Institutes) Functioning under the Craftsman Training Scheme (CTS) in Karnataka State (in Reply to Unstarred Question on 07 December, 2022)",Rajya Sabha,2023-04-03,1,30a12010-56e5-4465-912c-a8289c3c8f08,https://www.data.gov.in/resource/district-wise-details-government-and-private-itis-industrial-training-institutes,https://api.data.gov.in/resource/30a12010-56e5-4465-912c-a8289c3c8f08?api-key=YOUR_KEY&format=csv&limit=1000
ITI / CTS / NSTI,State/UTs-wise Details of the Number of Youth Trained in Industrial Training Institutes (ITIs) under Craftsmen Training Scheme (CTS) from 2019  to 2021,Rajya Sabha,2023-04-03,1,68e53cc1-7c22-41d4-ba71-9d84ba70e607,https://www.data.gov.in/resource/stateuts-wise-details-number-youth-trained-industrial-training-institutes-itis-under,https://api.data.gov.in/resource/68e53cc1-7c22-41d4-ba71-9d84ba70e607?api-key=YOUR_KEY&format=csv&limit=1000
ITI / CTS / NSTI,"District-wise Details of the Industrial Training Institutes (ITIs) functioning under Craftsmen Training Scheme (CTS) in Punjab State (in Reply to Unstarred Question on 07 December, 2022)",Rajya Sabha,2023-04-03,1,302fed03-6499-4e6d-b5b1-c26ddc6cdbcd,https://www.data.gov.in/resource/district-wise-details-industrial-training-institutes-itis-functioning-under-craftsmen,https://api.data.gov.in/resource/302fed03-6499-4e6d-b5b1-c26ddc6cdbcd?api-key=YOUR_KEY&format=csv&limit=1000
ITI / CTS / NSTI,"Scheme-wise Details of the Skill Development Institutes being run by Public and Private Sector in the Country and Number of Youth Trained under PMKVY, JSS, NAPS (National Apprenticeship Promotion Scheme) and ITIs from 2015-16 to 30-09-2022",Rajya Sabha,2023-04-03,1,510ce318-fd06-42a6-a1f7-f53f6e8d96a5,https://www.data.gov.in/resource/scheme-wise-details-skill-development-institutes-being-run-public-and-private-sector,https://api.data.gov.in/resource/510ce318-fd06-42a6-a1f7-f53f6e8d96a5?api-key=YOUR_KEY&format=csv&limit=1000
ITI / CTS / NSTI,State/UTs-wise Details of the Number of Women Trained  across NSTIs (National Skill Training Institutes) and Extension Centres under Craft Instructor Training Scheme (CITS) and Craftsmen Training Scheme (CTS) from 2019-20 to 2021-22,Rajya Sabha,2023-04-03,1,097eadc3-dbd8-41b1-89aa-788099b7ba70,https://www.data.gov.in/resource/stateuts-wise-details-number-women-trained-across-nstis-national-skill-training-institutes,https://api.data.gov.in/resource/097eadc3-dbd8-41b1-89aa-788099b7ba70?api-key=YOUR_KEY&format=csv&limit=1000
ITI / CTS / NSTI,State/UTs-wise Candidates Trained under Craftsmen Training Scheme as on 30.10.2022,Rajya Sabha,2023-04-03,1,87289d07-80fa-4a51-a7a0-433b87cd0c36,https://www.data.gov.in/resource/stateuts-wise-candidates-trained-under-craftsmen-training-scheme-30102022,https://api.data.gov.in/resource/87289d07-80fa-4a51-a7a0-433b87cd0c36?api-key=YOUR_KEY&format=csv&limit=1000
ITI / CTS / NSTI,State/UTs-wise Male/Female Candidates Trained under Craftsman Training Scheme (CTS) Scheme from 2019 to 2021,Rajya Sabha,2023-04-03,1,62036996-b17e-4e54-b5c8-007738ccc4b7,https://www.data.gov.in/resource/stateuts-wise-malefemale-candidates-trained-under-craftsman-training-scheme-cts-scheme,https://api.data.gov.in/resource/62036996-b17e-4e54-b5c8-007738ccc4b7?api-key=YOUR_KEY&format=csv&limit=1000
ITI / CTS / NSTI,"State/UTs-wise Details of Centres Institutes under Jan Shikshan Sansthan (JSS), National Apprenticeship Promotion Scheme (NAPS) and Industrial Training Institutes (ITI) Placed as on 30 June 2022",Rajya Sabha,2023-01-10,1,4908bd73-3942-4498-b1d4-e132838d0793,https://www.data.gov.in/resource/stateuts-wise-details-centres-institutes-under-jan-shikshan-sansthan-jss-national,https://api.data.gov.in/resource/4908bd73-3942-4498-b1d4-e132838d0793?api-key=YOUR_KEY&format=csv&limit=1000
ITI / CTS / NSTI,"State/UTs-wise Number of Training Centres set-up under PMKVY, JSS, NAPS and ITIs as on 30.06.2022",Rajya Sabha,2023-01-10,1,8310287f-fc77-45b5-bf09-6aca4c067ea2,https://www.data.gov.in/resource/stateuts-wise-number-training-centres-set-under-pmkvy-jss-naps-and-itis-30062022,https://api.data.gov.in/resource/8310287f-fc77-45b5-bf09-6aca4c067ea2?api-key=YOUR_KEY&format=csv&limit=1000
ITI / CTS / NSTI,"State/UTs-wise Number of Students Enrolled/ Trained under PMKVY, JSS, NAPS and ITIs from 2017-18 to 2021-22",Rajya Sabha,2023-01-10,1,b38ea205-d4f2-4410-83c2-9a868e545037,https://www.data.gov.in/resource/stateuts-wise-number-students-enrolled-trained-under-pmkvy-jss-naps-and-itis-2017-18-2021,https://api.data.gov.in/resource/b38ea205-d4f2-4410-83c2-9a868e545037?api-key=YOUR_KEY&format=csv&limit=1000
ITI / CTS / NSTI,State/UTs-wise Candidates Enrolled under Craftsman Training Scheme (CTS) and Industrial Training Institutes (ITIs) from 2017 to 2021,Rajya Sabha,2023-01-10,1,bdd36e72-4694-455f-82ec-9e5726b43247,https://www.data.gov.in/resource/stateuts-wise-candidates-enrolled-under-craftsman-training-scheme-cts-and-industrial,https://api.data.gov.in/resource/bdd36e72-4694-455f-82ec-9e5726b43247?api-key=YOUR_KEY&format=csv&limit=1000
ITI / CTS / NSTI,"District-wise Number of Candidates Trained / Enrolled under Pradhan Mantri Kaushal Vikas Yojana (PMKVY), Craftsman Training Scheme (CTS) and Jan Shikshan Sansthan (JSS) in the State of Andhra Pradesh (in reply to Unstarred Question on 3 August, 2022)",Rajya Sabha,2023-01-10,1,6955915c-1bd7-4a42-a5d0-36249688f6d9,https://www.data.gov.in/resource/district-wise-number-candidates-trained-enrolled-under-pradhan-mantri-kaushal-vikas-yojana,https://api.data.gov.in/resource/6955915c-1bd7-4a42-a5d0-36249688f6d9?api-key=YOUR_KEY&format=csv&limit=1000
ITI / CTS / NSTI,"Sector-wise Detail of Industrial Training Institutes (ITIs) (in reply to Unstarred Question on 9 February, 2022)",Rajya Sabha,2022-12-13,1,775576c6-04dc-4c66-9790-fed9d9b03009,https://www.data.gov.in/resource/sector-wise-detail-industrial-training-institutes-itis-reply-unstarred-question-9-february,https://api.data.gov.in/resource/775576c6-04dc-4c66-9790-fed9d9b03009?api-key=YOUR_KEY&format=csv&limit=1000
ITI / CTS / NSTI,State-wise Enrolment of Trainees in Industrial Training Institutes (ITIs) from 2018 to 2020,Rajya Sabha,2022-12-13,1,5e97937f-3ff3-4f7e-86e3-987e87d32dd3,https://www.data.gov.in/resource/state-wise-enrolment-trainees-industrial-training-institutes-itis-2018-2020,https://api.data.gov.in/resource/5e97937f-3ff3-4f7e-86e3-987e87d32dd3?api-key=YOUR_KEY&format=csv&limit=1000
ITI / CTS / NSTI,State-wise Fund Allocated for Industrial Training Institutes (ITIs) from 2019-20 to 2021-22,Rajya Sabha,2022-12-13,1,3e24fb77-69f8-4380-b94a-7de7cda4b501,https://www.data.gov.in/resource/state-wise-fund-allocated-industrial-training-institutes-itis-2019-20-2021-22,https://api.data.gov.in/resource/3e24fb77-69f8-4380-b94a-7de7cda4b501?api-key=YOUR_KEY&format=csv&limit=1000
ITI / CTS / NSTI,State/UTs-wise Number of Person Enrolled Industrial Training Institutes (ITIs) from 2018-19 to 2020-21,Rajya Sabha,2022-12-13,1,0fec4669-0e92-473a-835f-f6616ce23c3f,https://www.data.gov.in/resource/stateuts-wise-number-person-enrolled-industrial-training-institutes-itis-2018-19-2020-21,https://api.data.gov.in/resource/0fec4669-0e92-473a-835f-f6616ce23c3f?api-key=YOUR_KEY&format=csv&limit=1000
ITI / CTS / NSTI,District-wise Youth Trained under Skills Strengthening for Industrial Value Enhancement (STRIVE) Industrial Training Institutes (ITIs) from 2019-20 to 2020-21,Rajya Sabha,2022-12-13,1,902bdd25-610f-4a94-92e8-650c8d576abb,https://www.data.gov.in/resource/district-wise-youth-trained-under-skills-strengthening-industrial-value-enhancement-strive,https://api.data.gov.in/resource/902bdd25-610f-4a94-92e8-650c8d576abb?api-key=YOUR_KEY&format=csv&limit=1000
ITI / CTS / NSTI,State/UTs-wise Centre under Jan Sikhshan Sansthan (JSS) National Apprenticeship Promotion Scheme (NAPs) and Industrial Training Institutes (ITIs) Place as on 31 December 2021,Rajya Sabha,2022-12-13,1,288d7261-4c8c-4867-8041-abfe6c55e64a,https://www.data.gov.in/resource/stateuts-wise-centre-under-jan-sikhshan-sansthan-jss-national-apprenticeship-promotion,https://api.data.gov.in/resource/288d7261-4c8c-4867-8041-abfe6c55e64a?api-key=YOUR_KEY&format=csv&limit=1000
ITI / CTS / NSTI,"Scheme-wise Number of Women Trained PMKVY, JSS, CTS through ITIs and NAPS under various MSDE Schemes (in reply to Unstarred Question on 16 March, 2022)",Rajya Sabha,2022-12-13,1,c23d2c1b-3a79-4619-bff5-714230a07036,https://www.data.gov.in/resource/scheme-wise-number-women-trained-pmkvy-jss-cts-through-itis-and-naps-under-various-msde,https://api.data.gov.in/resource/c23d2c1b-3a79-4619-bff5-714230a07036?api-key=YOUR_KEY&format=csv&limit=1000
ITI / CTS / NSTI,"State/UTs-wise Industrial Training Institutes (ITIs) set-up in Private and Public Sector in the Country under CTS during the last three years (in reply to Unstarred Question on 9 February, 2022)",Rajya Sabha,2022-12-13,1,6a772839-2804-4247-b097-b97f55f47d13,https://www.data.gov.in/resource/stateuts-wise-industrial-training-institutes-itis-set-private-and-public-sector-country,https://api.data.gov.in/resource/6a772839-2804-4247-b097-b97f55f47d13?api-key=YOUR_KEY&format=csv&limit=1000
ITI / CTS / NSTI,"State/UTs-wise Number of Industrial Training Institutes (ITIs) under Craftsman Training Scheme (CTS) and Training Centre under Pradhan Mantri Kaushal Vikas Yojana (PMKVY) (in reply to Unstarred Question on 9 February, 2022)",Rajya Sabha,2022-12-13,1,b81f053c-5668-4e13-92cc-7bebe85ceeb5,https://www.data.gov.in/resource/stateuts-wise-number-industrial-training-institutes-itis-under-craftsman-training-scheme,https://api.data.gov.in/resource/b81f053c-5668-4e13-92cc-7bebe85ceeb5?api-key=YOUR_KEY&format=csv&limit=1000
ITI / CTS / NSTI,"Scheme-wise Candidate Trained for Pradhan Mantri Kaushal Vikas Yojana (PMKVY), Jan Shikshan Sansthan (JSS), National Apprenticeship Promotion Scheme (NAPS) and Craftsmen Training Scheme (CTS) (in reply to Unstarred Question on 17 March, 2022)",Rajya Sabha,2022-12-13,1,2c17cd81-64a1-495e-a832-7f0b40f27115,https://www.data.gov.in/resource/scheme-wise-candidate-trained-pradhan-mantri-kaushal-vikas-yojana-pmkvy-jan-shikshan,https://api.data.gov.in/resource/2c17cd81-64a1-495e-a832-7f0b40f27115?api-key=YOUR_KEY&format=csv&limit=1000
ITI / CTS / NSTI,State/UTs-wise Trainees Enrolled under Craftsmen Training Scheme in ITIs from 2018 to 2020,Rajya Sabha,2022-09-20,0,7fb406e0-78c7-468e-88df-82458109ac82,https://www.data.gov.in/resource/stateuts-wise-trainees-enrolled-under-craftsmen-training-scheme-itis-2018-2020,https://api.data.gov.in/resource/7fb406e0-78c7-468e-88df-82458109ac82?api-key=YOUR_KEY&format=csv&limit=1000
ITI / CTS / NSTI,"State/UTs-wise National Skill Training Institutes (NSTIs) Functioning across the Country along with the Number of Trainees Enrolled under Craftsmen Training Scheme (in reply to Unstarred Question on 6 April, 2022)",Rajya Sabha,2022-09-20,1,cd8de871-861f-4f86-924f-6a8920c9f714,https://www.data.gov.in/resource/stateuts-wise-national-skill-training-institutes-nstis-functioning-across-country-along,https://api.data.gov.in/resource/cd8de871-861f-4f86-924f-6a8920c9f714?api-key=YOUR_KEY&format=csv&limit=1000
ITI / CTS / NSTI,State/UTs-wise Enrolled Candidates under Industrial Training Institutes (ITIs) from 2016 to 2020,Rajya Sabha,2022-09-09,1,d5a26bc1-6a98-4147-afd2-10e545e43af9,https://www.data.gov.in/resource/stateuts-wise-enrolled-candidates-under-industrial-training-institutes-itis-2016-2020,https://api.data.gov.in/resource/d5a26bc1-6a98-4147-afd2-10e545e43af9?api-key=YOUR_KEY&format=csv&limit=1000
ITI / CTS / NSTI,"State/UTs-wise Industrial Training Institutes and Industry Clusters (ITIs and Ics) Participating in the Scheme with Fund Released (in reply to Unstarred Question on 23 March, 2022)",Rajya Sabha,2022-09-08,1,b284105c-f3fa-417c-9945-e3bee82a234c,https://www.data.gov.in/resource/stateuts-wise-industrial-training-institutes-and-industry-clusters-itis-and-ics,https://api.data.gov.in/resource/b284105c-f3fa-417c-9945-e3bee82a234c?api-key=YOUR_KEY&format=csv&limit=1000
ITI / CTS / NSTI,"State/UTs-wise Industrial Training Institutes (ITIs) functioning in the country under Craftsman Training scheme (CTS) (in reply to Unstarred Question on 15 December, 2021)",Rajya Sabha,2022-07-14,1,0955ba2f-3be6-4cf0-a608-434409fd6f21,https://www.data.gov.in/resource/stateuts-wise-industrial-training-institutes-itis-functioning-country-under-craftsman,https://api.data.gov.in/resource/0955ba2f-3be6-4cf0-a608-434409fd6f21?api-key=YOUR_KEY&format=csv&limit=1000
ITI / CTS / NSTI,"State/UTs-wise ITIs Established (in reply to Unstarred Question on 22 December, 2021)",Rajya Sabha,2022-07-08,1,baa451ce-0637-464c-adbe-0e56d466b3c0,https://www.data.gov.in/resource/stateuts-wise-itis-established-reply-unstarred-question-22-december-2021,https://api.data.gov.in/resource/baa451ce-0637-464c-adbe-0e56d466b3c0?api-key=YOUR_KEY&format=csv&limit=1000
ITI / CTS / NSTI,State/UTs- wise Students Learning in ITIs and the Existing Vacancies in Various Categories during 2020,Rajya Sabha,2022-07-08,1,89bce479-067c-48ee-966a-ac6f551995bc,https://www.data.gov.in/resource/stateuts-wise-students-learning-itis-and-existing-vacancies-various-categories-during-2020,https://api.data.gov.in/resource/89bce479-067c-48ee-966a-ac6f551995bc?api-key=YOUR_KEY&format=csv&limit=1000
ITI / CTS / NSTI,State/UTs-wise Industrial Training Institutes (ITIs) opened by Government in the country under Craftsman Training Scheme (CTS) in from 2018 to 2020,Rajya Sabha,2022-07-08,1,9b00bdb5-e106-4f86-94e6-6e0629d43aa2,https://www.data.gov.in/resource/stateuts-wise-industrial-training-institutes-itis-opened-government-country-under,https://api.data.gov.in/resource/9b00bdb5-e106-4f86-94e6-6e0629d43aa2?api-key=YOUR_KEY&format=csv&limit=1000
ITI / CTS / NSTI,"State-wise National Skill Training Institute (NSTI) and Institute of Training of Trainers (IToTs) (in reply to Unstarred Question on 22 December, 2021)",Rajya Sabha,2022-07-08,1,319942be-0a78-442f-8e16-1cfae2f434f8,https://www.data.gov.in/resource/state-wise-national-skill-training-institute-nsti-and-institute-training-trainers-itots,https://api.data.gov.in/resource/319942be-0a78-442f-8e16-1cfae2f434f8?api-key=YOUR_KEY&format=csv&limit=1000
ITI / CTS / NSTI,"Scheme-wise Candidates Trained PMKVY, JSS, National Apprenticeship Promotion Scheme (NAPS) and Craftsmen Training Scheme (CTS) (in reply to Unstarred Question on 22 December, 2021)",Rajya Sabha,2022-07-08,1,f0d8598a-acc2-4e36-8b70-fe2133bbb379,https://www.data.gov.in/resource/scheme-wise-candidates-trained-pmkvy-jss-national-apprenticeship-promotion-scheme-naps-and,https://api.data.gov.in/resource/f0d8598a-acc2-4e36-8b70-fe2133bbb379?api-key=YOUR_KEY&format=csv&limit=1000
ITI / CTS / NSTI,Institute-wise Total Number of Women Trained in NSTIs from 2019-20 to 2020-21,Rajya Sabha,2022-07-08,1,d9bb8142-d17c-45ef-94a8-5d85b9e37b46,https://www.data.gov.in/resource/institute-wise-total-number-women-trained-nstis-2019-20-2020-21,https://api.data.gov.in/resource/d9bb8142-d17c-45ef-94a8-5d85b9e37b46?api-key=YOUR_KEY&format=csv&limit=1000
ITI / CTS / NSTI,State/UTs-wise Trainees Enrolled under Craftsman Training scheme (CTS) from 2018 to 2020,Rajya Sabha,2022-06-30,1,7ca95fc4-e255-4d18-b121-d288c0da6920,https://www.data.gov.in/resource/stateuts-wise-trainees-enrolled-under-craftsman-training-scheme-cts-2018-2020,https://api.data.gov.in/resource/7ca95fc4-e255-4d18-b121-d288c0da6920?api-key=YOUR_KEY&format=csv&limit=1000
ITI / CTS / NSTI,"Course-wise NSQF Compliant Courses Under (Craft Instructor Training Scheme), (Engineering Trades) and (Non-Engineering Trades) (in reply to Unstarred Question on 22 December, 2021)",Rajya Sabha,2022-06-30,1,06f15b15-d174-4cf5-a46f-ce59d23b25ef,https://www.data.gov.in/resource/course-wise-nsqf-compliant-courses-under-craft-instructor-training-scheme-engineering,https://api.data.gov.in/resource/06f15b15-d174-4cf5-a46f-ce59d23b25ef?api-key=YOUR_KEY&format=csv&limit=1000
ITI / CTS / NSTI,State-wise New Industrial Training Institutes (ITIs) Affiliated in the Country during 2020-21 and 2021-22,Rajya Sabha,2022-06-27,1,f65d0a51-905e-4f19-b95a-81a2a9384fca,https://www.data.gov.in/resource/state-wise-new-industrial-training-institutes-itis-affiliated-country-during-2020-21-and,https://api.data.gov.in/resource/f65d0a51-905e-4f19-b95a-81a2a9384fca?api-key=YOUR_KEY&format=csv&limit=1000
ITI / CTS / NSTI,State/UT-wise Number Government and Private ITIs as on 13th July 2021,Rajya Sabha,2022-03-30,1,597f89f5-350e-40b0-a895-4bf7b00f0944,https://www.data.gov.in/resource/stateut-wise-number-government-and-private-itis-13th-july-2021,https://api.data.gov.in/resource/597f89f5-350e-40b0-a895-4bf7b00f0944?api-key=YOUR_KEY&format=csv&limit=1000
ITI / CTS / NSTI,State/UT-wise Number Affiliated Industrial Training Institutes (ITIs) as on 01.01.2021 (From: Ministry of Skill Development and Entrepreneurship),Rajya Sabha,2022-03-03,1,f6e88ccd-ea62-4288-9c04-6ee538e965f6,https://www.data.gov.in/resource/stateut-wise-number-affiliated-industrial-training-institutes-itis-01012021-ministry-skill,https://api.data.gov.in/resource/f6e88ccd-ea62-4288-9c04-6ee538e965f6?api-key=YOUR_KEY&format=csv&limit=1000
ITI / CTS / NSTI,"State/UT-wise Number of Empanelled TCs under PMKVY 2.0, JSSs and ITIs (in reply to Unstarred Question on 12 February, 2021) (From: Ministry of Skill Development and Entrepreneurship)",Rajya Sabha,2022-01-27,1,117f6967-4b9e-40ce-ae40-d5b8877d1f2f,https://www.data.gov.in/resource/stateut-wise-number-empanelled-tcs-under-pmkvy-20-jsss-and-itis-reply-unstarred-question,https://api.data.gov.in/resource/117f6967-4b9e-40ce-ae40-d5b8877d1f2f?api-key=YOUR_KEY&format=csv&limit=1000
ITI / CTS / NSTI,State/UT-wise Enrolment in ITIs under CTS from 2017-18 to 2019-20 (From: Ministry of Skill Development and Entrepreneurship),Rajya Sabha,2022-01-27,1,36b9567e-6c21-405c-847f-fe1c876195c9,https://www.data.gov.in/resource/stateut-wise-enrolment-itis-under-cts-2017-18-2019-20-ministry-skill-development-and,https://api.data.gov.in/resource/36b9567e-6c21-405c-847f-fe1c876195c9?api-key=YOUR_KEY&format=csv&limit=1000
ITI / CTS / NSTI,"State/UT-wise DGT Granted Affiliation for Third Shift in Industrial Training Institutes (ITIs), as per the Working Hours Decided by respective State Directors from 2017 to 2019 (From: Ministry of Skill Development and Entrepreneurship)",Rajya Sabha,2022-01-27,1,0d076054-30c2-49d1-99f1-1262d9dd544c,https://www.data.gov.in/resource/stateut-wise-dgt-granted-affiliation-third-shift-industrial-training-institutes-itis,https://api.data.gov.in/resource/0d076054-30c2-49d1-99f1-1262d9dd544c?api-key=YOUR_KEY&format=csv&limit=1000
ITI / CTS / NSTI,State/UT-wise Number of Persons Trained in Industrial Training Institutes (ITIs) from 2015 to 2018 (From : Ministry of Skill Development and Entrepreneurship),Rajya Sabha,2021-12-11,1,321a9674-4bc2-45cf-a84e-a7ac313db3ed,https://www.data.gov.in/resource/stateut-wise-number-persons-trained-industrial-training-institutes-itis-2015-2018-ministry,https://api.data.gov.in/resource/321a9674-4bc2-45cf-a84e-a7ac313db3ed?api-key=YOUR_KEY&format=csv&limit=1000
ITI / CTS / NSTI,Funds Provided to the States for Establishment of ITIs/SDCs in 47/34 LWE affected districts (in reply to Unstarred Question on 25.07.2018) (From : Ministry of Home Affairs),Rajya Sabha,2021-12-11,1,3b9b1b77-4653-48f4-8e24-50dc13f428a6,https://www.data.gov.in/resource/funds-provided-states-establishment-itissdcs-4734-lwe-affected-districts-reply-unstarred,https://api.data.gov.in/resource/3b9b1b77-4653-48f4-8e24-50dc13f428a6?api-key=YOUR_KEY&format=csv&limit=1000
ITI / CTS / NSTI,Releases to the state government under the scheme upgradation of government ITIs into model ITIs during 2014-15 & 2015-16(From:Ministry of Skill Development & Entrepreneurship),Rajya Sabha,2021-12-10,1,54925155-0ac2-4288-a056-02b121eb6dbb,https://www.data.gov.in/resource/releases-state-government-under-scheme-upgradation-government-itis-model-itis-during-2014,https://api.data.gov.in/resource/54925155-0ac2-4288-a056-02b121eb6dbb?api-key=YOUR_KEY&format=csv&limit=1000
ITI / CTS / NSTI,State wise number of itis (in reply to unstarred question on 01-12-2016)(From:Ministry of Skill Development & Entrepreneurship),Rajya Sabha,2021-12-10,1,7a16313d-c4aa-4d58-aa8d-8b20d95f2dcc,https://www.data.gov.in/resource/state-wise-number-itis-reply-unstarred-question-01-12-2016fromministry-skill-development,https://api.data.gov.in/resource/7a16313d-c4aa-4d58-aa8d-8b20d95f2dcc?api-key=YOUR_KEY&format=csv&limit=1000
ITI / CTS / NSTI,List of engineering and non- engineering trades under craftsmen training scheme (in semester pattern) (in reply to unstarred question on 01-12-2016)(From:Ministry of Skill Development & Entrepreneurship),Rajya Sabha,2021-12-10,1,2938f66d-7906-4b35-a064-34e60d2bc3f4,https://www.data.gov.in/resource/list-engineering-and-non-engineering-trades-under-craftsmen-training-scheme-semester,https://api.data.gov.in/resource/2938f66d-7906-4b35-a064-34e60d2bc3f4?api-key=YOUR_KEY&format=csv&limit=1000
ITI / CTS / NSTI,Details of ITIs with seating capacities in various states/uts as on 23.06.2015 (From :Ministry of Rural Development),Rajya Sabha,2021-12-09,1,1b355466-49c3-472f-a89e-b2820f409cc4,https://www.data.gov.in/resource/details-itis-seating-capacities-various-statesuts-23062015-ministry-rural-development,https://api.data.gov.in/resource/1b355466-49c3-472f-a89e-b2820f409cc4?api-key=YOUR_KEY&format=csv&limit=1000
ITI / CTS / NSTI,State-wise details of ITIs to be established and fund released for the purpose (From: Ministry of Skill Development And Entrepreneurship),Rajya Sabha,2021-12-09,1,3262aef2-06c3-4f51-8f97-92af0a1eb916,https://www.data.gov.in/resource/state-wise-details-itis-be-established-and-fund-released-purpose-ministry-skill,https://api.data.gov.in/resource/3262aef2-06c3-4f51-8f97-92af0a1eb916?api-key=YOUR_KEY&format=csv&limit=1000
ITI / CTS / NSTI,ITIs set up under scheme Enhancing Skill Development Infrastructure in North Eastern States and Sikkim in 2015 (From :Ministry of Rural Development),Rajya Sabha,2021-12-09,0,63834b44-0ce5-4404-a12b-91a085a6ece9,https://www.data.gov.in/resource/itis-set-under-scheme-enhancing-skill-development-infrastructure-north-eastern-states-and,https://api.data.gov.in/resource/63834b44-0ce5-4404-a12b-91a085a6ece9?api-key=YOUR_KEY&format=csv&limit=1000
ITI / CTS / NSTI,Details of number & percentage of unemployed youth & number of ITIs with seating capacities in North East region (From: Ministry of Skill Development and Entrepreneurship),Rajya Sabha,2021-12-09,1,709135f5-1c8f-43d8-994e-4fae96150b02,https://www.data.gov.in/resource/details-number-percentage-unemployed-youth-number-itis-seating-capacities-north-east,https://api.data.gov.in/resource/709135f5-1c8f-43d8-994e-4fae96150b02?api-key=YOUR_KEY&format=csv&limit=1000
ITI / CTS / NSTI,ITIs and SDCs set up under the scheme Skill Development in 34 Districts affected by Left wing Extremism in 2015 (From :Ministry of Rural Development),Rajya Sabha,2021-12-09,1,bed48f33-054a-4961-aa0a-11d1a67629f6,https://www.data.gov.in/resource/itis-and-sdcs-set-under-scheme-skill-development-34-districts-affected-left-wing-extremism,https://api.data.gov.in/resource/bed48f33-054a-4961-aa0a-11d1a67629f6?api-key=YOUR_KEY&format=csv&limit=1000
ITI / CTS / NSTI,ITIs proposed to be set up under scheme Enhancing Skill Development Infrastructure in North Eastern States and Sikkim in 2015 (From :Ministry of Rural Development),Rajya Sabha,2021-12-09,1,156fcb9a-7221-4ce2-b913-6ba888c3e09f,https://www.data.gov.in/resource/itis-proposed-be-set-under-scheme-enhancing-skill-development-infrastructure-north-eastern,https://api.data.gov.in/resource/156fcb9a-7221-4ce2-b913-6ba888c3e09f?api-key=YOUR_KEY&format=csv&limit=1000
ITI / CTS / NSTI,State Wise List of ITIs covered under the scheme Enhancing Skill Development Infrastructure in NE States & Sikkim in 2013 (From :Ministry of Skill Development And Entrepreneurship),Rajya Sabha,2021-12-09,1,aeb05137-56d4-4f6c-999e-c854fb49da60,https://www.data.gov.in/resource/state-wise-list-itis-covered-under-scheme-enhancing-skill-development-infrastructure-ne,https://api.data.gov.in/resource/aeb05137-56d4-4f6c-999e-c854fb49da60?api-key=YOUR_KEY&format=csv&limit=1000
ITI / CTS / NSTI,Industrial Training Institutes (Govt. and Private) in various States during last one year (From: Ministry of Skill Development And Entrepreneurship),Rajya Sabha,2021-12-09,1,4720b5d1-8d43-40db-b980-dd7ff82ecc1c,https://www.data.gov.in/resource/industrial-training-institutes-govt-and-private-various-states-during-last-one-year,https://api.data.gov.in/resource/4720b5d1-8d43-40db-b980-dd7ff82ecc1c?api-key=YOUR_KEY&format=csv&limit=1000
ITI / CTS / NSTI,State/UT-wise Details of Industrial Training Institute (ITI) operating in the country as on 28.12.2018 (From : Ministry of Skill Development and Entrepreneurship),Rajya Sabha,2021-09-08,1,63d81eb9-28f3-49b8-937f-460388ed3194,https://www.data.gov.in/resource/stateut-wise-details-industrial-training-institute-iti-operating-country-28122018-ministry,https://api.data.gov.in/resource/63d81eb9-28f3-49b8-937f-460388ed3194?api-key=YOUR_KEY&format=csv&limit=1000
ITI / CTS / NSTI,State/UT-wise Trainees Trained through ITIs from 2014-15 to 2018-19 (From: Ministry of Skill Development and Entrepreneurship),Rajya Sabha,2021-09-08,1,c23ae710-1458-4c0f-a3ed-4ef3286f8777,https://www.data.gov.in/resource/stateut-wise-trainees-trained-through-itis-2014-15-2018-19-ministry-skill-development-and,https://api.data.gov.in/resource/c23ae710-1458-4c0f-a3ed-4ef3286f8777?api-key=YOUR_KEY&format=csv&limit=1000
ITI / CTS / NSTI,State/UT-wise Fund Released under Upgradation of existing Govt. ITIs into Model ITIs from 2016-17 to 2019-20 (From: Ministry of Skill Development and Entrepreneurship),Rajya Sabha,2021-09-08,1,5eb4f5c9-5347-477a-8e05-b65818b416bd,https://www.data.gov.in/resource/stateut-wise-fund-released-under-upgradation-existing-govt-itis-model-itis-2016-17-2019-20,https://api.data.gov.in/resource/5eb4f5c9-5347-477a-8e05-b65818b416bd?api-key=YOUR_KEY&format=csv&limit=1000
ITI / CTS / NSTI,Trade-wise Trainees Enrolled in ITIs under Various Trades of Tourism and Hospitality Sector (in reply to Unstarred Question on 06.02.2019) (From : Ministry of Skill Development and Entrepreneurship),Rajya Sabha,2021-09-08,1,982df24f-7a0d-418e-b0ff-cabc8971c444,https://www.data.gov.in/resource/trade-wise-trainees-enrolled-itis-under-various-trades-tourism-and-hospitality-sector,https://api.data.gov.in/resource/982df24f-7a0d-418e-b0ff-cabc8971c444?api-key=YOUR_KEY&format=csv&limit=1000
ITI / CTS / NSTI,State/UT-wise Upgradation of Government ITIs into Model ITIs from 2014-15 to 2017-18 (From: Ministry of Skill Development and Entrepreneurship),Rajya Sabha,2021-09-08,1,6651624c-c1bf-4871-aa01-343acea2ae72,https://www.data.gov.in/resource/stateut-wise-upgradation-government-itis-model-itis-2014-15-2017-18-ministry-skill,https://api.data.gov.in/resource/6651624c-c1bf-4871-aa01-343acea2ae72?api-key=YOUR_KEY&format=csv&limit=1000
ITI / CTS / NSTI,The Details of Funds Releases to the State Government under the scheme 'Upgradation of Government ITIs into Model ITIs' during 2014-15 to 2016-17 (From: Ministry of Skill Development and Entrepreneurship ),Rajya Sabha,2021-09-08,1,ab9b9d66-437b-44c1-8c4e-bf67c4b41d8a,https://www.data.gov.in/resource/details-funds-releases-state-government-under-scheme-upgradation-government-itis-model,https://api.data.gov.in/resource/ab9b9d66-437b-44c1-8c4e-bf67c4b41d8a?api-key=YOUR_KEY&format=csv&limit=1000
ITI / CTS / NSTI,State/ UT-wise Details of the Funds under the Scheme Titled 'Upgradation of Government ITIs into Model Industrial Training Institutes (ITIs)' as on 10-02-2017 (From: Ministry of Skill Development and Entrepreneurship ),Rajya Sabha,2021-09-08,1,e7fea29f-680a-4a4e-b624-d58d0c64eb1d,https://www.data.gov.in/resource/state-ut-wise-details-funds-under-scheme-titled-upgradation-government-itis-model,https://api.data.gov.in/resource/e7fea29f-680a-4a4e-b624-d58d0c64eb1d?api-key=YOUR_KEY&format=csv&limit=1000
ITI / CTS / NSTI,State/ UT-wise Number of Government ITIs Covered under the Scheme of Up-gradation of 1396 Government ITIs through Public Private Partnership (PPP) (in reply to Unstarred Question for 06-04-2017)(From: Ministry of Skill Development and Entrepreneurship ),Rajya Sabha,2021-09-08,1,c7e3b948-c078-44ac-b8f9-c3950a2628c5,https://www.data.gov.in/resource/state-ut-wise-number-government-itis-covered-under-scheme-gradation-1396-government-itis,https://api.data.gov.in/resource/c7e3b948-c078-44ac-b8f9-c3950a2628c5?api-key=YOUR_KEY&format=csv&limit=1000
ITI / CTS / NSTI,State/UT-wise Women Trained under the ITIs during 2014-18 (From: Ministry of Skill Development and Entrepreneurship),Rajya Sabha,2021-09-08,1,c482cf64-7add-45d0-89b9-0b10b859adf5,https://www.data.gov.in/resource/stateut-wise-women-trained-under-itis-during-2014-18-ministry-skill-development-and,https://api.data.gov.in/resource/c482cf64-7add-45d0-89b9-0b10b859adf5?api-key=YOUR_KEY&format=csv&limit=1000
ITI / CTS / NSTI,State/UT-wise Number of Trainees Enrolled under ITIs from 2017 to 2019 (From: Ministry of Skill Development and Entrepreneurship),Rajya Sabha,2021-09-08,1,a342ecbe-1bf7-41ee-bdd5-54a7d0c50e74,https://www.data.gov.in/resource/stateut-wise-number-trainees-enrolled-under-itis-2017-2019-ministry-skill-development-and,https://api.data.gov.in/resource/a342ecbe-1bf7-41ee-bdd5-54a7d0c50e74?api-key=YOUR_KEY&format=csv&limit=1000
ITI / CTS / NSTI,State-wise Government Industrial Training Institutes (ITIs) Granted Affilication during 2013-15 to 2016-17 (From: Ministry of Skill Development and Entrepreneurship ),Rajya Sabha,2021-09-08,1,941bc8b4-70c9-47a8-9350-5721ac1c4414,https://www.data.gov.in/resource/state-wise-government-industrial-training-institutes-itis-granted-affilication-during-2013,https://api.data.gov.in/resource/941bc8b4-70c9-47a8-9350-5721ac1c4414?api-key=YOUR_KEY&format=csv&limit=1000
ITI / CTS / NSTI,State/ UT-wise Details of Government and Private ITIs (in reply to Unstarred Question for 03-08-2017 (From: Ministry of Skill Development and Entrepreneurship ),Rajya Sabha,2021-09-08,1,f96fb075-36e3-4f6c-a0cf-ab9e9cab1ef5,https://www.data.gov.in/resource/state-ut-wise-details-government-and-private-itis-reply-unstarred-question-03-08-2017,https://api.data.gov.in/resource/f96fb075-36e3-4f6c-a0cf-ab9e9cab1ef5?api-key=YOUR_KEY&format=csv&limit=1000
ITI / CTS / NSTI,State/ UT-wise Details of Industrial Training Institutes ( ITIs) (in reply to Unstarred Question for 09-02-2017) (From: Ministry of Skill Development and Entrepreneurship ),Rajya Sabha,2021-09-08,1,c72013bf-6edb-4ff6-8f5d-28eb423e12e4,https://www.data.gov.in/resource/state-ut-wise-details-industrial-training-institutes-itis-reply-unstarred-question-09-02,https://api.data.gov.in/resource/c72013bf-6edb-4ff6-8f5d-28eb423e12e4?api-key=YOUR_KEY&format=csv&limit=1000
ITI / CTS / NSTI,State/UT-wise Details of Trainees Enrolled/Trained under Craftsmen Training Scheme in ITIs from 2014 to 2016 (From: Ministry of Skill Development and Entrepreneurship),Rajya Sabha,2021-09-08,1,799ec786-a14e-413f-a39b-ee27b1569679,https://www.data.gov.in/resource/stateut-wise-details-trainees-enrolledtrained-under-craftsmen-training-scheme-itis-2014,https://api.data.gov.in/resource/799ec786-a14e-413f-a39b-ee27b1569679?api-key=YOUR_KEY&format=csv&limit=1000
ITI / CTS / NSTI,"District-wise Number of Affiliated ITIs and Trainees in State of Rajasthan and West Bengal, as on 30.11.2019 (From: Ministry of Skill Development and Entrepreneurship)",Rajya Sabha,2021-09-08,1,260afcda-6333-486c-a1f7-715b1b7c41cd,https://www.data.gov.in/resource/district-wise-number-affiliated-itis-and-trainees-state-rajasthan-and-west-bengal-30112019,https://api.data.gov.in/resource/260afcda-6333-486c-a1f7-715b1b7c41cd?api-key=YOUR_KEY&format=csv&limit=1000
ITI / CTS / NSTI,"State-wise Details of Trainees, Admitted in Industrial Training Institutes (ITIs) Across the Country from 2015 to 2017 (From: Ministry of Skill Development and Entrepreneurship)",Rajya Sabha,2021-09-08,1,4de52cc2-0bf6-4072-8dcc-ae60d4d0fc5c,https://www.data.gov.in/resource/state-wise-details-trainees-admitted-industrial-training-institutes-itis-across-country,https://api.data.gov.in/resource/4de52cc2-0bf6-4072-8dcc-ae60d4d0fc5c?api-key=YOUR_KEY&format=csv&limit=1000
ITI / CTS / NSTI,State/UT-wise Matrix for Number of Industrial Training Institutes (ITIs) with seating capacities as on April 2016 (From: Ministry of Skill Development and Entrepreneurship),Rajya Sabha,2021-09-08,1,2e56e75f-eb35-4284-ab27-014c2ce45195,https://www.data.gov.in/resource/stateut-wise-matrix-number-industrial-training-institutes-itis-seating-capacities-april,https://api.data.gov.in/resource/2e56e75f-eb35-4284-ab27-014c2ce45195?api-key=YOUR_KEY&format=csv&limit=1000
ITI / CTS / NSTI,State/ UT-wise Matrix for Number of ITIs with seating Capacities (in reply to Unstarred Question on 28-7-2016) (Ministry of Skill Development and Entrepreneurship ),Rajya Sabha,2021-09-08,1,04dab8e6-592d-44b0-887f-9950cbce4e23,https://www.data.gov.in/resource/state-ut-wise-matrix-number-itis-seating-capacities-reply-unstarred-question-28-7-2016,https://api.data.gov.in/resource/04dab8e6-592d-44b0-887f-9950cbce4e23?api-key=YOUR_KEY&format=csv&limit=1000
ITI / CTS / NSTI,State/ UT-wise Detail of Seating Capacity with Number of Instructors Required in ITIs as on 23/3/2017 (From: Ministry of Skill Development and Entrepreneurship ),Rajya Sabha,2021-09-08,1,354dfda5-50a2-43e5-bad5-5132b6f6ea47,https://www.data.gov.in/resource/state-ut-wise-detail-seating-capacity-number-instructors-required-itis-2332017-ministry,https://api.data.gov.in/resource/354dfda5-50a2-43e5-bad5-5132b6f6ea47?api-key=YOUR_KEY&format=csv&limit=1000
ITI / CTS / NSTI,Details of Trainees Enrolled and Trained under Craftsmen Training Scheme Implemented by ITIs from 2014-15 to 2018-19 (From : Ministry of Skill Development and Entrepreneurship),Rajya Sabha,2021-09-08,1,14368c60-0166-4cbd-8294-e9e278f19c3d,https://www.data.gov.in/resource/details-trainees-enrolled-and-trained-under-craftsmen-training-scheme-implemented-itis,https://api.data.gov.in/resource/14368c60-0166-4cbd-8294-e9e278f19c3d?api-key=YOUR_KEY&format=csv&limit=1000
ITI / CTS / NSTI,State/ UT-wise Statement showing Increase in Government and Private Industrial Training Institutes (ITIs) during 2014-15 to 2016-17 (From: Ministry of Skill Development and Entrepreneurship ),Rajya Sabha,2021-09-08,1,810a4879-18f0-451a-a060-a68e93d41a70,https://www.data.gov.in/resource/state-ut-wise-statement-showing-increase-government-and-private-industrial-training,https://api.data.gov.in/resource/810a4879-18f0-451a-a060-a68e93d41a70?api-key=YOUR_KEY&format=csv&limit=1000
ITI / CTS / NSTI,"State/ UT-wise Details of ITIs Admitting Trainees, Affiliated to NCVT (in reply to Unstarred Question for 09-03-2017) (From: Ministry of Skill Development and Entrepreneurship )",Rajya Sabha,2021-09-08,1,0a348746-d4a8-4f27-8dd8-b10cea46c3d2,https://www.data.gov.in/resource/state-ut-wise-details-itis-admitting-trainees-affiliated-ncvt-reply-unstarred-question-09,https://api.data.gov.in/resource/0a348746-d4a8-4f27-8dd8-b10cea46c3d2?api-key=YOUR_KEY&format=csv&limit=1000
ITI / CTS / NSTI,State/ UT-wise Financial Progress under the Scheme of Upgradation of 1396 Government ITIs through PPP (in reply to Unstarred Question for 03-08-2017 (From: Ministry of Skill Development and Entrepreneurship ),Rajya Sabha,2021-09-08,1,62456a67-1050-4fb2-b5f5-a0dd84d66de9,https://www.data.gov.in/resource/state-ut-wise-financial-progress-under-scheme-upgradation-1396-government-itis-through-ppp,https://api.data.gov.in/resource/62456a67-1050-4fb2-b5f5-a0dd84d66de9?api-key=YOUR_KEY&format=csv&limit=1000
ITI / CTS / NSTI,State-wise Financial Progress under the Scheme of 'Up-gradation of 1396 ITIs through Public Private Partnership (PPP)' (in reply to Unstarred Question for 09-03-2017) (From: Ministry of Skill Development and Entrepreneurship ),Rajya Sabha,2021-09-08,1,2d6070cf-f8f8-4768-bf60-2ce4097f1a36,https://www.data.gov.in/resource/state-wise-financial-progress-under-scheme-gradation-1396-itis-through-public-private,https://api.data.gov.in/resource/2d6070cf-f8f8-4768-bf60-2ce4097f1a36?api-key=YOUR_KEY&format=csv&limit=1000
ITI / CTS / NSTI,Details of the trainees trained under Craftsmen Training Scheme during the period 2014 to 2018 (From: Ministry of Skill Development and Entrepreneurship),Rajya Sabha,2021-09-08,1,2c44bc22-a604-458d-a16c-adccf5c54c4e,https://www.data.gov.in/resource/details-trainees-trained-under-craftsmen-training-scheme-during-period-2014-2018-ministry,https://api.data.gov.in/resource/2c44bc22-a604-458d-a16c-adccf5c54c4e?api-key=YOUR_KEY&format=csv&limit=1000
ITI / CTS / NSTI,New seats Created in eExisting courses under National Council of Vocational Training (NCVT) including Rajasthan during Session 2014 and 2016 (From: Ministry of Skill Development and Entrepreneurship ),Rajya Sabha,2021-09-08,1,ef3f552d-51c3-4997-b812-879e307ce07d,https://www.data.gov.in/resource/new-seats-created-eexisting-courses-under-national-council-vocational-training-ncvt,https://api.data.gov.in/resource/ef3f552d-51c3-4997-b812-879e307ce07d?api-key=YOUR_KEY&format=csv&limit=1000
ITI / CTS / NSTI,"State/UT-wise Percentage of Female, SC and ST Trainees Trained under Craftsmen Training Scheme from 2014-15 to 2018-19 (From : Ministry of Skill Development and Entrepreneurship)",Rajya Sabha,2021-09-08,1,dd020189-3d18-40f4-86a3-51a014d8d8ac,https://www.data.gov.in/resource/stateut-wise-percentage-female-sc-and-st-trainees-trained-under-craftsmen-training-scheme,https://api.data.gov.in/resource/dd020189-3d18-40f4-86a3-51a014d8d8ac?api-key=YOUR_KEY&format=csv&limit=1000
ITI / CTS / NSTI,State/UT-wise Total Trainee Traind and Percentage of Female Trainees Trained under Craftsmen Training Scheme from 2014-15 to 2018-19 (From: Ministry of Women and Child Development),Rajya Sabha,2021-09-08,1,1ac18fe2-1537-438e-82e4-7e9338e08a07,https://www.data.gov.in/resource/stateut-wise-total-trainee-traind-and-percentage-female-trainees-trained-under-craftsmen,https://api.data.gov.in/resource/1ac18fe2-1537-438e-82e4-7e9338e08a07?api-key=YOUR_KEY&format=csv&limit=1000
ITI / CTS / NSTI,State/ UT-wise New Seats created in Existing courses under National Council for Vocational Training (NCVT) Including Rajasthan State (in reply to Starred Question for 06-04-2017) (From: Ministry of Skill Development and Entrepreneurship ),Rajya Sabha,2021-09-08,1,36d04fdc-b804-4a74-858c-ef77f176f516,https://www.data.gov.in/resource/state-ut-wise-new-seats-created-existing-courses-under-national-council-vocational,https://api.data.gov.in/resource/36d04fdc-b804-4a74-858c-ef77f176f516?api-key=YOUR_KEY&format=csv&limit=1000
ITI / CTS / NSTI,District-wise Number of actual intake in Industrial training institutes in Punjab from 1970 to 2017 (as on 30th september),Punjab,2020-07-14,0,71703673-0b83-4d89-832b-5e08461348cb,https://www.data.gov.in/resource/district-wise-number-actual-intake-industrial-training-institutes-punjab-1970-2017-30th,https://api.data.gov.in/resource/71703673-0b83-4d89-832b-5e08461348cb?api-key=YOUR_KEY&format=csv&limit=1000
ITI / CTS / NSTI,Colleges for General Education Students and Teachers for ITI Collage in Ramanathapuram District : DHB 2017-18,Tamil Nadu,2020-03-17,0,550cedcb-7442-4fdf-8e6d-4c43f0fb9b77,https://www.data.gov.in/resource/colleges-general-education-students-and-teachers-iti-collage-ramanathapuram-district-dhb,https://api.data.gov.in/resource/550cedcb-7442-4fdf-8e6d-4c43f0fb9b77?api-key=YOUR_KEY&format=csv&limit=1000
Apprenticeship (NAPS/NATS),"wise Details of Funds Released under Major Skill Development Schemes PMKVY, JSS and NAPS from 2021?22 to 2025?26",Rajya Sabha,2026-09-24,0,f5444810-072c-4637-8d35-40b79afd8b3d,https://www.data.gov.in/resource/stateutwise-details-funds-released-under-major-skill-development-schemes-pmkvy-jss-and,https://api.data.gov.in/resource/f5444810-072c-4637-8d35-40b79afd8b3d?api-key=YOUR_KEY&format=csv&limit=1000
Apprenticeship (NAPS/NATS),Year-wise Number of Apprentices Engaged under National Apprenticeship Promotion Scheme (NAPS) from 2020-21 to 2024-25,Rajya Sabha,2026-09-23,0,0dc65fd6-1b6e-4e10-ae30-fd9cb8209d86,https://www.data.gov.in/resource/year-wise-number-apprentices-engaged-under-national-apprenticeship-promotion-scheme-naps,https://api.data.gov.in/resource/0dc65fd6-1b6e-4e10-ae30-fd9cb8209d86?api-key=YOUR_KEY&format=csv&limit=1000
Apprenticeship (NAPS/NATS),Year-wise Number of Women Apprentices Engaged under National Apprenticeship Promotion Scheme (NAPS) from 2020-21 to 2024-25,Rajya Sabha,2026-09-23,0,c73f563a-6b0f-47a9-83a6-817e9239102b,https://www.data.gov.in/resource/year-wise-number-women-apprentices-engaged-under-national-apprenticeship-promotion-scheme,https://api.data.gov.in/resource/c73f563a-6b0f-47a9-83a6-817e9239102b?api-key=YOUR_KEY&format=csv&limit=1000
Apprenticeship (NAPS/NATS),"Scheme-wise Details of Funds Released under Pradhan Mantri Kaushal Vikas Yojana (PMKVY), Jan Shikshan Sansthan (JSS), NAPS Schemes in Rajasthan during upto December 2025",Rajya Sabha,2026-09-23,0,b5c76a6f-a96b-4236-a525-cd08b73640e9,https://www.data.gov.in/resource/scheme-wise-details-funds-released-under-pradhan-mantri-kaushal-vikas-yojana-pmkvy-jan,https://api.data.gov.in/resource/b5c76a6f-a96b-4236-a525-cd08b73640e9?api-key=YOUR_KEY&format=csv&limit=1000
Apprenticeship (NAPS/NATS),"District-wise Number of Beneficiaries Trained under Pradhan Mantri Kaushal Vikas Yojana (PMKVY), Jan Shikshan Sansthan (JSS), NAPS Schemes of MSDE in the state of Rajasthan during upto Dec 2025",Rajya Sabha,2026-09-23,0,9dba81b1-8136-4607-b2c5-73d58853d18c,https://www.data.gov.in/resource/district-wise-number-beneficiaries-trained-under-pradhan-mantri-kaushal-vikas-yojana-pmkvy,https://api.data.gov.in/resource/9dba81b1-8136-4607-b2c5-73d58853d18c?api-key=YOUR_KEY&format=csv&limit=1000
Apprenticeship (NAPS/NATS),State/UT-wise Number of Candidates Trained under National Apprenticeship Promotion Scheme (NAPS) Scheme from 2021-22 to 2023-24,Rajya Sabha,2025-07-17,1,79d103ce-09b3-4a71-b9e4-826f88ab89b8,https://www.data.gov.in/resource/stateut-wise-number-candidates-trained-under-national-apprenticeship-promotion-scheme-0,https://api.data.gov.in/resource/79d103ce-09b3-4a71-b9e4-826f88ab89b8?api-key=YOUR_KEY&format=csv&limit=1000
Apprenticeship (NAPS/NATS),Sector-wise Number of Apprentices Engaged and Establishments from 2018-19 to 2024-25,Rajya Sabha,2025-07-17,1,10aadfc3-697a-4bd4-8d35-1560675776d4,https://www.data.gov.in/resource/sector-wise-number-apprentices-engaged-and-establishments-2018-19-2024-25,https://api.data.gov.in/resource/10aadfc3-697a-4bd4-8d35-1560675776d4?api-key=YOUR_KEY&format=csv&limit=1000
Apprenticeship (NAPS/NATS),State/UT-wise Details of Funds Released under National Apprenticeship Promotion (NAPS) Scheme from 2021-22 to 2023-24,Rajya Sabha,2025-07-17,1,c4dec668-48ef-4547-a7d0-7da253e79935,https://www.data.gov.in/resource/stateut-wise-details-funds-released-under-national-apprenticeship-promotion-naps-scheme,https://api.data.gov.in/resource/c4dec668-48ef-4547-a7d0-7da253e79935?api-key=YOUR_KEY&format=csv&limit=1000
Apprenticeship (NAPS/NATS),State/UT-wise Details of Funds Released for for Skill Development under National Apprenticeship Promotion Scheme (NAPS) from 2019-20 to 2023-24,Rajya Sabha,2025-05-30,1,af8e5914-bafc-4731-a6c3-fdad391c08cf,https://www.data.gov.in/resource/stateut-wise-details-funds-released-skill-development-under-national-apprenticeship,https://api.data.gov.in/resource/af8e5914-bafc-4731-a6c3-fdad391c08cf?api-key=YOUR_KEY&format=csv&limit=1000
Apprenticeship (NAPS/NATS),State/UT-wise Number of Apprentices Engaged under National Apprenticeship Training Scheme (NATS) from 2019-20 to 2023-24,Rajya Sabha,2025-04-23,1,d708a72c-3cb9-4ded-a255-a41e9f99d531,https://www.data.gov.in/resource/stateut-wise-number-apprentices-engaged-under-national-apprenticeship-training-scheme-nats,https://api.data.gov.in/resource/d708a72c-3cb9-4ded-a255-a41e9f99d531?api-key=YOUR_KEY&format=csv&limit=1000
Apprenticeship (NAPS/NATS),Year-wise Details of Total Stipend to Apprentices under National Apprenticeship Promotion Scheme (NAPS) and National Apprenticeship Training Scheme (NATS) from 2019-20 to 2023-24,Rajya Sabha,2025-04-23,1,f68d6524-6a4a-4fe0-88c5-862017c112d5,https://www.data.gov.in/resource/year-wise-details-total-stipend-apprentices-under-national-apprenticeship-promotion-scheme,https://api.data.gov.in/resource/f68d6524-6a4a-4fe0-88c5-862017c112d5?api-key=YOUR_KEY&format=csv&limit=1000
Apprenticeship (NAPS/NATS),State/UT-wise Number of Apprentices Engaged under National Apprenticeship Promotion Scheme (NAPS)from 2019-20 to 2023-24,Rajya Sabha,2025-04-23,1,296e1abb-b9d0-45bb-b3ce-c4f79cc95887,https://www.data.gov.in/resource/stateut-wise-number-apprentices-engaged-under-national-apprenticeship-promotion-scheme,https://api.data.gov.in/resource/296e1abb-b9d0-45bb-b3ce-c4f79cc95887?api-key=YOUR_KEY&format=csv&limit=1000
Apprenticeship (NAPS/NATS),"Scheme-wise Number of Women Candidates Trained under Pradhan Mantri Kaushal Vikas Yojana (PMKVY), Jan Sikhshan Sansthan (JSS), NAPS and CTS Scheme from 2021-22 to 2023-24",Rajya Sabha,2025-04-15,1,1d252bbd-3c4a-474f-b6f5-14604fd2632f,https://www.data.gov.in/resource/scheme-wise-number-women-candidates-trained-under-pradhan-mantri-kaushal-vikas-yojana,https://api.data.gov.in/resource/1d252bbd-3c4a-474f-b6f5-14604fd2632f?api-key=YOUR_KEY&format=csv&limit=1000
Apprenticeship (NAPS/NATS),State/UT-wise Number of Candidates Engaged under National Apprenticeship Promotion Scheme (NAPS) from 2019-20 to 2023-24,Rajya Sabha,2025-04-15,1,7eaf6fd7-91cd-477c-a4da-5535cb549f8f,https://www.data.gov.in/resource/stateut-wise-number-candidates-engaged-under-national-apprenticeship-promotion-scheme-naps,https://api.data.gov.in/resource/7eaf6fd7-91cd-477c-a4da-5535cb549f8f?api-key=YOUR_KEY&format=csv&limit=1000
Apprenticeship (NAPS/NATS),"Scheme-wise Details of Funds Released for Implementation of PMKVY, JSS and NAPS Schemes in the States of Gujarat and Andhra Pradesh from 2021-22 to 2023-24",Rajya Sabha,2025-04-15,1,7d348c1b-4107-41b0-be1c-e5debabb2aec,https://www.data.gov.in/resource/scheme-wise-details-funds-released-implementation-pmkvy-jss-and-naps-schemes-states,https://api.data.gov.in/resource/7d348c1b-4107-41b0-be1c-e5debabb2aec?api-key=YOUR_KEY&format=csv&limit=1000
Apprenticeship (NAPS/NATS),State/UT-wise Number of Apprentices Engagement under National Apprenticeship Promotion Scheme (NAPS) from 2019-20 to 2023-24,Rajya Sabha,2025-02-20,1,1304f3ba-a0a3-4d02-90bb-af140cd63ea3,https://www.data.gov.in/resource/stateut-wise-number-apprentices-engagement-under-national-apprenticeship-promotion-scheme,https://api.data.gov.in/resource/1304f3ba-a0a3-4d02-90bb-af140cd63ea3?api-key=YOUR_KEY&format=csv&limit=1000
Apprenticeship (NAPS/NATS),"State/UTs-wise Transgender Persons Imparted Training under PMKVY, JSS, NAPS and CTS (in reply to Unstarred Question on 2 February, 2022)",Rajya Sabha,2025-02-17,1,03219d51-00ca-498d-a2c5-f06d19e8745e,https://www.data.gov.in/resource/stateuts-wise-transgender-persons-imparted-training-under-pmkvy-jss-naps-and-cts-reply,https://api.data.gov.in/resource/03219d51-00ca-498d-a2c5-f06d19e8745e?api-key=YOUR_KEY&format=csv&limit=1000
Apprenticeship (NAPS/NATS),"District-wise Number of Candidates Trained in the State of Rajasthan under Pradhan Mantri Kaushal Vikas Yojana (PMKVY), Jan Shikshan Sansthan Scheme (JSS), NAPS and CTS from 2021-22 to 2023-24",Rajya Sabha,2024-10-23,1,77b2c953-d5b6-4b2f-919f-0b7c63471973,https://www.data.gov.in/resource/district-wise-number-candidates-trained-state-rajasthan-under-pradhan-mantri-kaushal-vikas,https://api.data.gov.in/resource/77b2c953-d5b6-4b2f-919f-0b7c63471973?api-key=YOUR_KEY&format=csv&limit=1000
Apprenticeship (NAPS/NATS),"District-wise Number of Training Centers under PMKVY, NAPS, JSS and CTS in Uttarakhand from 2020-21 to 2022-23",Rajya Sabha,2024-08-27,1,8a4d9190-7503-49bb-8cef-e8deca514512,https://www.data.gov.in/resource/district-wise-number-training-centers-under-pmkvy-naps-jss-and-cts-uttarakhand-2020-21,https://api.data.gov.in/resource/8a4d9190-7503-49bb-8cef-e8deca514512?api-key=YOUR_KEY&format=csv&limit=1000
Apprenticeship (NAPS/NATS),"District-wise Number of Candidates Trained /enrolled under PMKVY, NAPS, JSS and CTS in Uttarakhand from 2020-21 to 2022-23",Rajya Sabha,2024-08-27,1,a8e7723c-5d57-44eb-b546-81ac1a511aa2,https://www.data.gov.in/resource/district-wise-number-candidates-trained-enrolled-under-pmkvy-naps-jss-and-cts-uttarakhand,https://api.data.gov.in/resource/a8e7723c-5d57-44eb-b546-81ac1a511aa2?api-key=YOUR_KEY&format=csv&limit=1000
Apprenticeship (NAPS/NATS),District-wise Details of Youth and Women Engaged as Apprentices at Present under National Apprenticeship Promotion Scheme (NAPS) in Chhattisgarh from 2019-20 to 2023-24,Rajya Sabha,2024-08-27,1,e388bdea-bf00-465b-a388-27aba9e761a1,https://www.data.gov.in/resource/district-wise-details-youth-and-women-engaged-apprentices-present-under-national,https://api.data.gov.in/resource/e388bdea-bf00-465b-a388-27aba9e761a1?api-key=YOUR_KEY&format=csv&limit=1000
Apprenticeship (NAPS/NATS),State/UT wise Details of Fund Released under National Apprenticeship Promotion Scheme (NAPS) from 2021-21 to 2022-23,Rajya Sabha,2024-08-27,1,5a8f2952-6262-41c3-9f32-d456a3de0893,https://www.data.gov.in/resource/stateut-wise-details-fund-released-under-national-apprenticeship-promotion-scheme-naps-0,https://api.data.gov.in/resource/5a8f2952-6262-41c3-9f32-d456a3de0893?api-key=YOUR_KEY&format=csv&limit=1000
Apprenticeship (NAPS/NATS),"Year-wise Details of Fund Released under National Apprenticeship Promotion Scheme (NAPS), Pradhan Mantri Kaushal Vikas Yojana (PMKVY) and Jan Sikshan Sansthan (JSS) Schemes from 2018-19 to 2022-23",Rajya Sabha,2024-08-27,1,129ef6e6-0dbf-424e-9284-2d388a1c4161,https://www.data.gov.in/resource/year-wise-details-fund-released-under-national-apprenticeship-promotion-scheme-naps,https://api.data.gov.in/resource/129ef6e6-0dbf-424e-9284-2d388a1c4161?api-key=YOUR_KEY&format=csv&limit=1000
Apprenticeship (NAPS/NATS),"Crore) under JSS, PMKVY and NAPS schemes from 2021-22 to 2023-24",Rajya Sabha,2024-08-09,1,110a2d0a-7795-48ba-8203-af655c18c054,https://www.data.gov.in/resource/stateut-wise-details-funds-released-rs-crore-under-jss-pmkvy-and-naps-schemes-2021-22-2023,https://api.data.gov.in/resource/110a2d0a-7795-48ba-8203-af655c18c054?api-key=YOUR_KEY&format=csv&limit=1000
Apprenticeship (NAPS/NATS),State/UT-wise Details of Fund Released under National Apprenticeship Promotion Scheme (NAPS) from 2020-21 to 2022-23,Rajya Sabha,2024-05-07,1,13081d82-84cf-46c3-bdc9-34de4ad1e9d6,https://www.data.gov.in/resource/stateut-wise-details-fund-released-under-national-apprenticeship-promotion-scheme-naps,https://api.data.gov.in/resource/13081d82-84cf-46c3-bdc9-34de4ad1e9d6?api-key=YOUR_KEY&format=csv&limit=1000
Apprenticeship (NAPS/NATS),State/UT-wise Details of Apprentice Engaged under National Apprenticeship Promotion Scheme (NAPS) from FY 2019-20 to 2022-23,Rajya Sabha,2024-05-07,1,d1e0d1fc-efa1-46d7-935b-d7ff2fb15271,https://www.data.gov.in/resource/stateut-wise-details-apprentice-engaged-under-national-apprenticeship-promotion-scheme,https://api.data.gov.in/resource/d1e0d1fc-efa1-46d7-935b-d7ff2fb15271?api-key=YOUR_KEY&format=csv&limit=1000
Apprenticeship (NAPS/NATS),"State/UT-wise Number of OBC Candidates who have passed and have been reported placed / employed under programmes being implemented by NSDC, namely PMKVY, NAPS and NSDC Market-led Fee-based programmes, from 2020 to 2023",Rajya Sabha,2024-04-08,1,72fd6ff5-6ef3-4fc7-b0dd-d60da63d1af5,https://www.data.gov.in/resource/stateut-wise-number-obc-candidates-who-have-passed-and-have-been-reported-placed-employed,https://api.data.gov.in/resource/72fd6ff5-6ef3-4fc7-b0dd-d60da63d1af5?api-key=YOUR_KEY&format=csv&limit=1000
Apprenticeship (NAPS/NATS),"District-wise Number of Students Enrolled, Engaged as Apprentice and Employed in Uttar Pradesh under National Apprenticeship Training Scheme from 2020-21 to 2022-23",Rajya Sabha,2024-02-23,1,5a9b83c5-19d8-433a-93e7-19e8f070e490,https://www.data.gov.in/resource/district-wise-number-students-enrolled-engaged-apprentice-and-employed-uttar-pradesh-under,https://api.data.gov.in/resource/5a9b83c5-19d8-433a-93e7-19e8f070e490?api-key=YOUR_KEY&format=csv&limit=1000
Apprenticeship (NAPS/NATS),Region-wise Funds Allocated to the Regional Boards of Apprenticeship from 2020-21 to 2022-23,Rajya Sabha,2024-02-23,1,efa4e01a-ec5a-46cd-8e75-e49a04d5aed5,https://www.data.gov.in/resource/region-wise-funds-allocated-regional-boards-apprenticeship-2020-21-2022-23,https://api.data.gov.in/resource/efa4e01a-ec5a-46cd-8e75-e49a04d5aed5?api-key=YOUR_KEY&format=csv&limit=1000
Apprenticeship (NAPS/NATS),Year-wise Number of Apprentices Engaged in National Apprenticeship Promotion Scheme(NAPS) from North- Eastern Region from 2020-21 to 2023-24,Rajya Sabha,2024-02-21,0,6b7d7e3a-9d75-4ead-8a8b-920d0ae2c5d6,https://www.data.gov.in/resource/year-wise-number-apprentices-engaged-national-apprenticeship-promotion-schemenaps-north,https://api.data.gov.in/resource/6b7d7e3a-9d75-4ead-8a8b-920d0ae2c5d6?api-key=YOUR_KEY&format=csv&limit=1000
Apprenticeship (NAPS/NATS),State/UT-wise Details of Fund Utilized under the National Apprenticeship Training Scheme from 2020-21 to 2022-23,Rajya Sabha,2024-01-23,1,1c24420d-4af6-494a-8ef0-8247bef46651,https://www.data.gov.in/resource/stateut-wise-details-fund-utilized-under-national-apprenticeship-training-scheme-2020-21,https://api.data.gov.in/resource/1c24420d-4af6-494a-8ef0-8247bef46651?api-key=YOUR_KEY&format=csv&limit=1000
Apprenticeship (NAPS/NATS),State/UT-wise Number of Candidates Trained under National Apprenticeship Promotion Scheme (NAPS) from 2018-19 to 2022-23,Rajya Sabha,2024-01-23,1,633208b5-0c3e-4d2e-96d7-454747f6f251,https://www.data.gov.in/resource/stateut-wise-number-candidates-trained-under-national-apprenticeship-promotion-scheme-naps,https://api.data.gov.in/resource/633208b5-0c3e-4d2e-96d7-454747f6f251?api-key=YOUR_KEY&format=csv&limit=1000
Apprenticeship (NAPS/NATS),"Scheme-wise Total Number of Candidates Trained in the State of Uttar Pradesh under PMKVY, JSS, NAPS and CTS Scheme (in reply to Unstarred Question on 22 March, 2023)",Rajya Sabha,2023-09-21,1,7ffd80d0-7222-40f5-8713-2f3de4fb5b27,https://www.data.gov.in/resource/scheme-wise-total-number-candidates-trained-state-uttar-pradesh-under-pmkvy-jss-naps-and,https://api.data.gov.in/resource/7ffd80d0-7222-40f5-8713-2f3de4fb5b27?api-key=YOUR_KEY&format=csv&limit=1000
Apprenticeship (NAPS/NATS),"Scheme-wise Number of Total Candidates and Women Candidates Trained in the State of Rajasthan under PMKVY, JSS, NAPS and CTS Scheme (in reply to Unstarred Question on 22 March, 2023)",Rajya Sabha,2023-09-21,1,3a977b52-2a0c-4e1b-a1f8-7954b066cada,https://www.data.gov.in/resource/scheme-wise-number-total-candidates-and-women-candidates-trained-state-rajasthan-under,https://api.data.gov.in/resource/3a977b52-2a0c-4e1b-a1f8-7954b066cada?api-key=YOUR_KEY&format=csv&limit=1000
Apprenticeship (NAPS/NATS),Year-wise Number of Women Beneficiaries under the National Apprenticeship Training Scheme (NATS) from 2019-2022,Rajya Sabha,2023-07-26,1,db02d6fd-5df4-4651-b3b2-29779dedd881,https://www.data.gov.in/resource/year-wise-number-women-beneficiaries-under-national-apprenticeship-training-scheme-nats,https://api.data.gov.in/resource/db02d6fd-5df4-4651-b3b2-29779dedd881?api-key=YOUR_KEY&format=csv&limit=1000
Apprenticeship (NAPS/NATS),"Scheme-wise Total Number of Differently-abled Persons Trained under Different Schemes PMKVY, JSS, NAPS, CTS and SIPDA in the State of Gujarat Including Tribal Areas (in reply to Unstarred Question on 15 March, 2023)",Rajya Sabha,2023-07-26,1,feda7c5f-e908-42be-bcf8-57be00bec7e8,https://www.data.gov.in/resource/scheme-wise-total-number-differently-abled-persons-trained-under-different-schemes-pmkvy,https://api.data.gov.in/resource/feda7c5f-e908-42be-bcf8-57be00bec7e8?api-key=YOUR_KEY&format=csv&limit=1000
Apprenticeship (NAPS/NATS),State/UT-wise Training Data under National Apprenticeship Promotion Scheme (NAPS) from 2018-19 to 2022-23,Rajya Sabha,2023-05-19,1,275c9399-496c-485d-a5e3-790ac65c5bd2,https://www.data.gov.in/resource/stateut-wise-training-data-under-national-apprenticeship-promotion-scheme-naps-2018-19,https://api.data.gov.in/resource/275c9399-496c-485d-a5e3-790ac65c5bd2?api-key=YOUR_KEY&format=csv&limit=1000
Apprenticeship (NAPS/NATS),"Year-wise Fund Allocated and Disbursed under Pradhan Mantri Kaushal Vikas Yojana (PMKVY), Jan Shikshan Sansthan (JSS) and National Apprenticeship Promotion Scheme (NAPS) from 2019-20 to 2021-22",Rajya Sabha,2023-05-19,1,3d7eee4a-23b8-4466-b7cb-a6dba2ea334b,https://www.data.gov.in/resource/year-wise-fund-allocated-and-disbursed-under-pradhan-mantri-kaushal-vikas-yojana-pmkvy-jan,https://api.data.gov.in/resource/3d7eee4a-23b8-4466-b7cb-a6dba2ea334b?api-key=YOUR_KEY&format=csv&limit=1000
Apprenticeship (NAPS/NATS),State/UTs-wise Number of Persons who Availed Apprenticeship Training National Apprenticeship Promotion Scheme (NAPS) as on 01-10-2022,Rajya Sabha,2023-04-03,1,05b7a125-e2c3-4715-83fb-cb167152215f,https://www.data.gov.in/resource/stateuts-wise-number-persons-who-availed-apprenticeship-training-national-apprenticeship,https://api.data.gov.in/resource/05b7a125-e2c3-4715-83fb-cb167152215f?api-key=YOUR_KEY&format=csv&limit=1000
Apprenticeship (NAPS/NATS),State/UTs-wise Male/Female Candidates Trained under National Apprenticeship Promotion Scheme (NAPS) Scheme from 2019-20 to 2021-22,Rajya Sabha,2023-04-03,1,92b93e69-fcf9-429c-b879-3c2788d96344,https://www.data.gov.in/resource/stateuts-wise-malefemale-candidates-trained-under-national-apprenticeship-promotion-scheme,https://api.data.gov.in/resource/92b93e69-fcf9-429c-b879-3c2788d96344?api-key=YOUR_KEY&format=csv&limit=1000
Apprenticeship (NAPS/NATS),"District-wise Details of the Number of Establishments in Karnataka under National Apprenticeship Promotion Scheme (NAPS) (in Reply to Unstarred Question on 07 December, 2022)",Rajya Sabha,2023-04-03,1,fd691523-c332-4794-ad5a-927942a54dd7,https://www.data.gov.in/resource/district-wise-details-number-establishments-karnataka-under-national-apprenticeship,https://api.data.gov.in/resource/fd691523-c332-4794-ad5a-927942a54dd7?api-key=YOUR_KEY&format=csv&limit=1000
Apprenticeship (NAPS/NATS),"Year-wise Details of the Fund Allocated to Maharashtra under PMKVY (Pradhan Mantri Kaushal Vikas Yojana), JSS (Jan Shikshan Sansthan) and NAPS (National Apprenticeship Promotion Scheme) from 2019-20 to 2021-22",Rajya Sabha,2023-04-03,1,0a6e989b-2758-4e02-a1bb-b07c289f951c,https://www.data.gov.in/resource/year-wise-details-fund-allocated-maharashtra-under-pmkvy-pradhan-mantri-kaushal-vikas,https://api.data.gov.in/resource/0a6e989b-2758-4e02-a1bb-b07c289f951c?api-key=YOUR_KEY&format=csv&limit=1000
Apprenticeship (NAPS/NATS),Company-wise Details of Apprentices Provided with the Training during 2021-22,Rajya Sabha,2023-02-22,1,d1690296-969b-4d64-8e8e-e3e2fe5c7547,https://www.data.gov.in/resource/company-wise-details-apprentices-provided-training-during-2021-22,https://api.data.gov.in/resource/d1690296-969b-4d64-8e8e-e3e2fe5c7547?api-key=YOUR_KEY&format=csv&limit=1000
Apprenticeship (NAPS/NATS),State/UTs-wise Details of Trained Candidates under National Apprenticeship Promotion Scheme (NAPS) from 2017-18 to 2021-22,Rajya Sabha,2023-01-10,1,574cb082-96f5-42a0-b090-f47f2c98769c,https://www.data.gov.in/resource/stateuts-wise-details-trained-candidates-under-national-apprenticeship-promotion-scheme,https://api.data.gov.in/resource/574cb082-96f5-42a0-b090-f47f2c98769c?api-key=YOUR_KEY&format=csv&limit=1000
Apprenticeship (NAPS/NATS),State/UTs-wise Number of Pradhan Mantri National Apprenticeship Mela (PMNAM) Locations in Country during Month of June 2022 and July 2022,Rajya Sabha,2023-01-10,1,b5a200ea-fefe-45b0-97f0-6532696a1d60,https://www.data.gov.in/resource/stateuts-wise-number-pradhan-mantri-national-apprenticeship-mela-pmnam-locations-country,https://api.data.gov.in/resource/b5a200ea-fefe-45b0-97f0-6532696a1d60?api-key=YOUR_KEY&format=csv&limit=1000
Apprenticeship (NAPS/NATS),State/UTs-wise Numbers of Individuals who have benefited from National Apprenticeship Training Scheme (NATS) from 2016-17 to 2020-21,Rajya Sabha,2022-12-21,1,a3fb0d05-70e0-4a1e-a625-4ebc18d20fe2,https://www.data.gov.in/resource/stateuts-wise-numbers-individuals-who-have-benefited-national-apprenticeship-training,https://api.data.gov.in/resource/a3fb0d05-70e0-4a1e-a625-4ebc18d20fe2?api-key=YOUR_KEY&format=csv&limit=1000
Apprenticeship (NAPS/NATS),State-wise Number of Youth that have been Provid Training under National Apprenticeship Promotion Scheme (NAPS) from 2016-17 to 2020-21,Rajya Sabha,2022-12-13,1,f31fb55b-7dbf-44ed-b1c1-94639e58e4eb,https://www.data.gov.in/resource/state-wise-number-youth-have-been-provid-training-under-national-apprenticeship-promotion,https://api.data.gov.in/resource/f31fb55b-7dbf-44ed-b1c1-94639e58e4eb?api-key=YOUR_KEY&format=csv&limit=1000
Apprenticeship (NAPS/NATS),Trade-wise Apprentices for whom Government Extended Financial support under National Apprenticeship Promotion Scheme (NAPS) in All over the Country,Rajya Sabha,2022-12-13,1,05140b48-34ff-4445-9b59-5293c6ace875,https://www.data.gov.in/resource/trade-wise-apprentices-whom-government-extended-financial-support-under-national-1,https://api.data.gov.in/resource/05140b48-34ff-4445-9b59-5293c6ace875?api-key=YOUR_KEY&format=csv&limit=1000
Apprenticeship (NAPS/NATS),Year-wise Category Apprentices National Apprenticeship Promotion Scheme (NAPS) from 2018-19 to 2020-21,Rajya Sabha,2022-12-13,0,8e6b362c-855d-4378-b5dc-01ec0d653cb6,https://www.data.gov.in/resource/year-wise-category-apprentices-national-apprenticeship-promotion-scheme-naps-2018-19-2020,https://api.data.gov.in/resource/8e6b362c-855d-4378-b5dc-01ec0d653cb6?api-key=YOUR_KEY&format=csv&limit=1000
Apprenticeship (NAPS/NATS),Trade-wise Apprentices for whom Government Extended Financial Support under National Apprenticeship Promotion Scheme (NAPS) in Telangana from 2017-18 to 2021-22,Rajya Sabha,2022-12-13,1,2d0e02b6-bb5d-4283-a06b-1b1b5c88a941,https://www.data.gov.in/resource/trade-wise-apprentices-whom-government-extended-financial-support-under-national-0,https://api.data.gov.in/resource/2d0e02b6-bb5d-4283-a06b-1b1b5c88a941?api-key=YOUR_KEY&format=csv&limit=1000
Apprenticeship (NAPS/NATS),State-wise Candidate Trained under National Apprenticeship Promotion Scheme (NAPS) from 2018-19 to 2020-21,Rajya Sabha,2022-12-13,1,1405922b-da4b-416f-b216-af34a2e7455c,https://www.data.gov.in/resource/state-wise-candidate-trained-under-national-apprenticeship-promotion-scheme-naps-2018-19,https://api.data.gov.in/resource/1405922b-da4b-416f-b216-af34a2e7455c?api-key=YOUR_KEY&format=csv&limit=1000
Apprenticeship (NAPS/NATS),State/UTs-wise Trained Candidate under National Apprenticeship Promotion Scheme (NAPS) from 2015-16 to 2021-22,Rajya Sabha,2022-12-13,1,085217cb-5af9-4c37-9c07-636c9fa136b4,https://www.data.gov.in/resource/stateuts-wise-trained-candidate-under-national-apprenticeship-promotion-scheme-naps-2015,https://api.data.gov.in/resource/085217cb-5af9-4c37-9c07-636c9fa136b4?api-key=YOUR_KEY&format=csv&limit=1000
Apprenticeship (NAPS/NATS),State/UTs-wise Trained Candidates under National Apprenticeship Promotion Scheme (NAPS) from 2016-17 to 2020-21,Rajya Sabha,2022-09-09,1,d9718627-6862-4149-aff0-5e10e26292aa,https://www.data.gov.in/resource/stateuts-wise-trained-candidates-under-national-apprenticeship-promotion-scheme-naps-2016,https://api.data.gov.in/resource/d9718627-6862-4149-aff0-5e10e26292aa?api-key=YOUR_KEY&format=csv&limit=1000
Apprenticeship (NAPS/NATS),State/UT-wise and Year-wise Candidates Trained under NAPS from 2018-19 to 2020-21,Rajya Sabha,2022-09-09,1,5973d00b-7c29-41eb-97c7-aa5a0bb9d3cb,https://www.data.gov.in/resource/stateut-wise-and-year-wise-candidates-trained-under-naps-2018-19-2020-21,https://api.data.gov.in/resource/5973d00b-7c29-41eb-97c7-aa5a0bb9d3cb?api-key=YOUR_KEY&format=csv&limit=1000
Apprenticeship (NAPS/NATS),State/UTs-wise Funds Released under National Apprenticeship Promotion Scheme (NAPS) during 2020-21,Rajya Sabha,2022-07-08,1,46e327e9-6a05-4988-bc4c-e29f61d7e9d5,https://www.data.gov.in/resource/stateuts-wise-funds-released-under-national-apprenticeship-promotion-scheme-naps-during,https://api.data.gov.in/resource/46e327e9-6a05-4988-bc4c-e29f61d7e9d5?api-key=YOUR_KEY&format=csv&limit=1000
Apprenticeship (NAPS/NATS),State/UTs-wise SC and ST Candidates Enrolled under National Apprenticeship Promotion Scheme (NAPS) from 2019 to 2021,Rajya Sabha,2022-07-08,1,3d532d78-65c8-46e1-a34e-5828c153fbf9,https://www.data.gov.in/resource/stateuts-wise-sc-and-st-candidates-enrolled-under-national-apprenticeship-promotion-scheme,https://api.data.gov.in/resource/3d532d78-65c8-46e1-a34e-5828c153fbf9?api-key=YOUR_KEY&format=csv&limit=1000
Apprenticeship (NAPS/NATS),"State/UTs-wise Active Establishments under National Apprenticeship Promotion Scheme (NAPS) (in reply to Unstarred Question on 22 December, 2021)",Rajya Sabha,2022-07-08,1,f2894ea3-c541-4058-b859-1691309aa654,https://www.data.gov.in/resource/stateuts-wise-active-establishments-under-national-apprenticeship-promotion-scheme-naps,https://api.data.gov.in/resource/f2894ea3-c541-4058-b859-1691309aa654?api-key=YOUR_KEY&format=csv&limit=1000
Apprenticeship (NAPS/NATS),"State/UT-wise, Gender-wise and Year-wise Candidates Trained under NAPS from 2018-19 to 2021-22",Rajya Sabha,2022-06-27,1,fa1abf09-1903-45fa-801c-e7b62e9c9b6d,https://www.data.gov.in/resource/stateut-wise-gender-wise-and-year-wise-candidates-trained-under-naps-2018-19-2021-22,https://api.data.gov.in/resource/fa1abf09-1903-45fa-801c-e7b62e9c9b6d?api-key=YOUR_KEY&format=csv&limit=1000
Apprenticeship (NAPS/NATS),"District wise Apprentices engaged under National Promotion Apprenticeship Scheme (NAPS) as on 22nd April, 2022",Ministry of Skill Development And Entrepreneurship,2022-05-26,1,645b9f3e-e082-47d4-8098-e1c2b1a9e7f0,https://www.data.gov.in/resource/district-wise-apprentices-engaged-under-national-promotion-apprenticeship-scheme-naps-22nd,https://api.data.gov.in/resource/645b9f3e-e082-47d4-8098-e1c2b1a9e7f0?api-key=YOUR_KEY&format=csv&limit=1000
Apprenticeship (NAPS/NATS),"State/UT-wise Establishments Providing Apprenticeship Training (in reply to Unstarred Question on 30 July, 2021)",Rajya Sabha,2022-03-30,1,c40f74fd-5c1a-457b-a701-3a76ddfd53ed,https://www.data.gov.in/resource/stateut-wise-establishments-providing-apprenticeship-training-reply-unstarred-question-30,https://api.data.gov.in/resource/c40f74fd-5c1a-457b-a701-3a76ddfd53ed?api-key=YOUR_KEY&format=csv&limit=1000
Apprenticeship (NAPS/NATS),Year-wise Number of Students Taking Apprenticeship under NATS from 2018-19 to 2020-21,Rajya Sabha,2022-03-30,0,defaa49e-17d1-4b53-bdc3-5ed8a3b38024,https://www.data.gov.in/resource/year-wise-number-students-taking-apprenticeship-under-nats-2018-19-2020-21,https://api.data.gov.in/resource/defaa49e-17d1-4b53-bdc3-5ed8a3b38024?api-key=YOUR_KEY&format=csv&limit=1000
Apprenticeship (NAPS/NATS),State/UT-wise Funds Released under NAPS since Inception of the Scheme from 2016 to 2021,Rajya Sabha,2022-03-30,1,5ac1049c-db14-41a3-bddf-bcdd90121d7f,https://www.data.gov.in/resource/stateut-wise-funds-released-under-naps-inception-scheme-2016-2021,https://api.data.gov.in/resource/5ac1049c-db14-41a3-bddf-bcdd90121d7f?api-key=YOUR_KEY&format=csv&limit=1000
Apprenticeship (NAPS/NATS),"State-wise Funds Disbursed and Beneficiary Candidates under PMKVY 2.0 (2016-20), JSS and NAPS during 2018-19 to 2020-21 (From: Ministry of Labour & Employment)",Rajya Sabha,2022-03-03,1,abebf9c5-5d00-40e3-aa81-a46768744503,https://www.data.gov.in/resource/state-wise-funds-disbursed-and-beneficiary-candidates-under-pmkvy-20-2016-20-jss-and-naps,https://api.data.gov.in/resource/abebf9c5-5d00-40e3-aa81-a46768744503?api-key=YOUR_KEY&format=csv&limit=1000
Apprenticeship (NAPS/NATS),State/UT-wise Apprentices Trained under NAPS during 2020-21 (From: Ministry of Skill Development and Entrepreneurship),Rajya Sabha,2022-01-27,1,3046e1d2-fe42-4756-a6b3-c441a0a6c99f,https://www.data.gov.in/resource/stateut-wise-apprentices-trained-under-naps-during-2020-21-ministry-skill-development-and,https://api.data.gov.in/resource/3046e1d2-fe42-4756-a6b3-c441a0a6c99f?api-key=YOUR_KEY&format=csv&limit=1000
Apprenticeship (NAPS/NATS),State/ UT- wise Number of Apprentices Trained under NAPS from 2018-19 to 2020-21 (From: Ministry of Skill Development and Entrepreneurship),Rajya Sabha,2022-01-27,1,065212b4-4660-4881-bea3-afe93b06aac5,https://www.data.gov.in/resource/state-ut-wise-number-apprentices-trained-under-naps-2018-19-2020-21-ministry-skill,https://api.data.gov.in/resource/065212b4-4660-4881-bea3-afe93b06aac5?api-key=YOUR_KEY&format=csv&limit=1000
Apprenticeship (NAPS/NATS),State/UT-wise and Year-wise Candidates Trained under NAPS from 2015-16 to 2020-21 (From: Ministry of Skill Development and Entrepreneurship),Rajya Sabha,2022-01-27,1,bb9c2158-e305-4aa8-a789-217e94662641,https://www.data.gov.in/resource/stateut-wise-and-year-wise-candidates-trained-under-naps-2015-16-2020-21-ministry-skill,https://api.data.gov.in/resource/bb9c2158-e305-4aa8-a789-217e94662641?api-key=YOUR_KEY&format=csv&limit=1000
Apprenticeship (NAPS/NATS),State/ UT-wise Apprentices Trained/ undergoing Training under National Apprenticeship Promotion Scheme (NAPS) as on 26-07-2017 (From: Ministry of Skill Development and Entrepreneurship ),Rajya Sabha,2021-09-08,1,8caadb45-b386-4bde-abfb-40dee467186f,https://www.data.gov.in/resource/state-ut-wise-apprentices-trained-undergoing-training-under-national-apprenticeship,https://api.data.gov.in/resource/8caadb45-b386-4bde-abfb-40dee467186f?api-key=YOUR_KEY&format=csv&limit=1000
Apprenticeship (NAPS/NATS),Railways/Production Units-wise Youth Trained under Apprentices Act from 2014-15 to 2016-17 (From: Ministry of Railways),Rajya Sabha,2021-09-08,1,70a59fb0-b5f2-4b69-8868-63196264966f,https://www.data.gov.in/resource/railwaysproduction-units-wise-youth-trained-under-apprentices-act-2014-15-2016-17-ministry,https://api.data.gov.in/resource/70a59fb0-b5f2-4b69-8868-63196264966f?api-key=YOUR_KEY&format=csv&limit=1000
Apprenticeship (NAPS/NATS),Current Status of Progress and No. of Apprentices Trained as on April 2016 (From: Ministry of Skill Development and Entrepreneurship),Rajya Sabha,2021-09-08,1,c98d53e6-22a9-4150-af22-8224d194fc57,https://www.data.gov.in/resource/current-status-progress-and-no-apprentices-trained-april-2016-ministry-skill-development,https://api.data.gov.in/resource/c98d53e6-22a9-4150-af22-8224d194fc57?api-key=YOUR_KEY&format=csv&limit=1000
Apprenticeship (NAPS/NATS),Industries Registered to avail this scheme under apprentices Protsahan Yojana as on May 2016 (From: Ministry of Skill Development and Entrepreneurship),Rajya Sabha,2021-09-08,1,e5e5844d-0129-4c7e-87dd-f3ee7175fca9,https://www.data.gov.in/resource/industries-registered-avail-scheme-under-apprentices-protsahan-yojana-may-2016-ministry,https://api.data.gov.in/resource/e5e5844d-0129-4c7e-87dd-f3ee7175fca9?api-key=YOUR_KEY&format=csv&limit=1000
Apprenticeship (NAPS/NATS),"State/UT-wise Progress and Number of Apprentices Trained under Apprentice Protsahan Yojana Scheme as on May, 2016 (From: Ministry of Skill Development and Entrepreneurship)",Rajya Sabha,2021-09-08,1,9237478e-e1c3-474f-a54b-168cc5a93069,https://www.data.gov.in/resource/stateut-wise-progress-and-number-apprentices-trained-under-apprentice-protsahan-yojana,https://api.data.gov.in/resource/9237478e-e1c3-474f-a54b-168cc5a93069?api-key=YOUR_KEY&format=csv&limit=1000
Apprenticeship (NAPS/NATS),State/ UT-wise Number of Apprentices Trained and Industries Registered under Apprentice Protsahan Yojana (APY) till 16-05-2016 (From: Ministry of Skill Development and Entrepreneurship ),Rajya Sabha,2021-09-08,1,96717c9a-85c9-4c2e-8b3a-58b31f653b26,https://www.data.gov.in/resource/state-ut-wise-number-apprentices-trained-and-industries-registered-under-apprentice,https://api.data.gov.in/resource/96717c9a-85c9-4c2e-8b3a-58b31f653b26?api-key=YOUR_KEY&format=csv&limit=1000
Apprenticeship (NAPS/NATS),"State/UT-wise Establishment Registered Industries under Apprentice Protsahan Yojana Scheme as on May,2016 (From: Ministry of Skill Development and Entrepreneurship)",Rajya Sabha,2021-09-08,1,9023458f-0186-4788-abb0-08dbbe6e4eef,https://www.data.gov.in/resource/stateut-wise-establishment-registered-industries-under-apprentice-protsahan-yojana-scheme,https://api.data.gov.in/resource/9023458f-0186-4788-abb0-08dbbe6e4eef?api-key=YOUR_KEY&format=csv&limit=1000
PMKVY,Sector-wise Number of Candidates Trained under Pradhan Mantri Kaushal Vikas Yojana (PMKVY) 4.0 in Haryana as on 31-12-2025,Rajya Sabha,2026-09-24,0,b90ec45a-5df8-4367-980a-4a031c9df0a1,https://www.data.gov.in/resource/sector-wise-number-candidates-trained-under-pradhan-mantri-kaushal-vikas-yojana-pmkvy-40,https://api.data.gov.in/resource/b90ec45a-5df8-4367-980a-4a031c9df0a1?api-key=YOUR_KEY&format=csv&limit=1000
PMKVY,"Year-wise Numbers of Candidates Trained, Certified and Reported Placed under Pradhan Mantri Kaushal Vikas Yojana (PMKVY) from 2020-21 to 2024-25",Rajya Sabha,2026-09-24,0,9a11940f-3bb5-408f-a630-0165f6e08658,https://www.data.gov.in/resource/year-wise-numbers-candidates-trained-certified-and-reported-placed-under-pradhan-mantri,https://api.data.gov.in/resource/9a11940f-3bb5-408f-a630-0165f6e08658?api-key=YOUR_KEY&format=csv&limit=1000
PMKVY,"Year-wise Total Number of Candidates Trained, Assessed, Certified and Placed under Pradhan Mantri Kaushal Vikas Yojana (PMKVY) from 2021-22 to 2025-26",Rajya Sabha,2026-09-24,0,5d8aa8b8-b7e2-4ad3-a9ce-53d01fe7b59e,https://www.data.gov.in/resource/year-wise-total-number-candidates-trained-assessed-certified-and-placed-under-pradhan,https://api.data.gov.in/resource/5d8aa8b8-b7e2-4ad3-a9ce-53d01fe7b59e?api-key=YOUR_KEY&format=csv&limit=1000
PMKVY,District-wise Number of Training Centres for Skilling under Pradhan Mantri Kaushal Vikas Yojana 4.0 (PMKVY 4.0) in Himachal Pradesh as on 06 March 2026,Rajya Sabha,2026-09-23,0,20234638-1bad-4335-955d-6139fad0b3d2,https://www.data.gov.in/resource/district-wise-number-training-centres-skilling-under-pradhan-mantri-kaushal-vikas-yojana,https://api.data.gov.in/resource/20234638-1bad-4335-955d-6139fad0b3d2?api-key=YOUR_KEY&format=csv&limit=1000
PMKVY,Sector Skill Council-wise Number of Employers Classified as Best-in-Class Employer (BICE) under Pradhan Mantri Kaushal Vikas Yojana (PMKVY) (In relpy to Unstarred Question as on 11th February 2026),Rajya Sabha,2026-09-23,0,7fa8b1f3-8800-479b-854c-10bd748860ad,https://www.data.gov.in/resource/sector-skill-council-wise-number-employers-classified-best-class-employer-bice-under,https://api.data.gov.in/resource/7fa8b1f3-8800-479b-854c-10bd748860ad?api-key=YOUR_KEY&format=csv&limit=1000
PMKVY,"Sector-wise Number of Persons Trained, Certified and Placed (in respect of PMKVY 1.0, 2.0 and 3.0) under Pradhan Mantri Kaushal Vikas Yojana (PMKVY) as on 31-12-2025",Rajya Sabha,2026-09-23,0,635951c0-313e-46a3-997d-dbd82b57d127,https://www.data.gov.in/resource/sector-wise-number-persons-trained-certified-and-placed-respect-pmkvy-10-20-and-30-under,https://api.data.gov.in/resource/635951c0-313e-46a3-997d-dbd82b57d127?api-key=YOUR_KEY&format=csv&limit=1000
PMKVY,Sector-wise Number of Candidates Certified under Pradhan Mantri Kaushal Vikas Yojana (PMKVY) 4.0 during 2025-26,Rajya Sabha,2026-09-23,0,b02f99d9-7096-42b0-aabc-715ead20557f,https://www.data.gov.in/resource/sector-wise-number-candidates-certified-under-pradhan-mantri-kaushal-vikas-yojana-pmkvy-40,https://api.data.gov.in/resource/b02f99d9-7096-42b0-aabc-715ead20557f?api-key=YOUR_KEY&format=csv&limit=1000
PMKVY,State/UT-wise Number of Candidates Enrolled under Pradhan Mantri Kaushal Vikas Yojana (PMKVY) from 2020-21 to 2024-25,Rajya Sabha,2026-09-23,0,12efbe2d-1606-40de-9535-c90228a2d7f7,https://www.data.gov.in/resource/stateut-wise-number-candidates-enrolled-under-pradhan-mantri-kaushal-vikas-yojana-pmkvy,https://api.data.gov.in/resource/12efbe2d-1606-40de-9535-c90228a2d7f7?api-key=YOUR_KEY&format=csv&limit=1000
PMKVY,State/UT-wise Number of Candidates Certified under Pradhan Mantri Kaushal Vikas Yojana (PMKVY) from 2020-21 to 2024-25,Rajya Sabha,2026-09-23,0,184a0d00-bd7b-4d56-9d92-45c5d97c15cc,https://www.data.gov.in/resource/stateut-wise-number-candidates-certified-under-pradhan-mantri-kaushal-vikas-yojana-pmkvy,https://api.data.gov.in/resource/184a0d00-bd7b-4d56-9d92-45c5d97c15cc?api-key=YOUR_KEY&format=csv&limit=1000
PMKVY,State/UT-wise Number of Candidates Reported Placed under Pradhan Mantri Kaushal Vikas Yojana (PMKVY) from 2020-21 to 2024-25,Rajya Sabha,2026-09-23,0,fe3388b3-7ac3-4c81-b334-834e53f1da1e,https://www.data.gov.in/resource/stateut-wise-number-candidates-reported-placed-under-pradhan-mantri-kaushal-vikas-yojana,https://api.data.gov.in/resource/fe3388b3-7ac3-4c81-b334-834e53f1da1e?api-key=YOUR_KEY&format=csv&limit=1000
PMKVY,Job Role-wise Number of Candidates Trained Related to Entrepreneurship under Pradhan Mantri Kaushal Vikas Yojana (PMKVY) 4.0 during 2025-26,Rajya Sabha,2026-09-23,0,26800322-4e52-40b1-8267-1cf9af687176,https://www.data.gov.in/resource/job-role-wise-number-candidates-trained-related-entrepreneurship-under-pradhan-mantri,https://api.data.gov.in/resource/26800322-4e52-40b1-8267-1cf9af687176?api-key=YOUR_KEY&format=csv&limit=1000
PMKVY,Year-wise Details of Fund Allocation and Utilization under Pradhan Mantri Kaushal Vikas Yojana (PMKVY) 4.0 from 2022-23 to 2024-25,Rajya Sabha,2026-09-23,0,168e4d5e-217e-4130-8b2c-24c728b3e043,https://www.data.gov.in/resource/year-wise-details-fund-allocation-and-utilization-under-pradhan-mantri-kaushal-vikas,https://api.data.gov.in/resource/168e4d5e-217e-4130-8b2c-24c728b3e043?api-key=YOUR_KEY&format=csv&limit=1000
PMKVY,State/UT-wise Number of Candidates Trained/Oriented under Pradhan Mantri Kaushal Vikas Yojana 4.0 (PMKVY 4.0) during Till 31-12-2025,Rajya Sabha,2026-09-23,0,42cd502a-2491-4193-9a69-6eb6c11ac76e,https://www.data.gov.in/resource/stateut-wise-number-candidates-trainedoriented-under-pradhan-mantri-kaushal-vikas-yojana-3,https://api.data.gov.in/resource/42cd502a-2491-4193-9a69-6eb6c11ac76e?api-key=YOUR_KEY&format=csv&limit=1000
PMKVY,Year-wise Details of Funds Allocated and Utilised under Pradhan Mantri Kaushal Vikas Yojana (PMKVY) 4.0 from 2022-23 to 2025-26,Rajya Sabha,2026-09-23,0,d4cbdbb6-0282-4b1f-a4b6-295c4c49a998,https://www.data.gov.in/resource/year-wise-details-funds-allocated-and-utilised-under-pradhan-mantri-kaushal-vikas-yojana,https://api.data.gov.in/resource/d4cbdbb6-0282-4b1f-a4b6-295c4c49a998?api-key=YOUR_KEY&format=csv&limit=1000
PMKVY,"State/UT-wise Number of Candidates Enrolled, Trained, Certified under Pradhan Mantri Kaushal Vikas Yojana (PMKVY) 4.0 from 2022-23 to 2025-26",Rajya Sabha,2026-09-23,0,e35f93a5-be43-4a48-8194-f67a72733c8b,https://www.data.gov.in/resource/stateut-wise-number-candidates-enrolled-trained-certified-under-pradhan-mantri-kaushal,https://api.data.gov.in/resource/e35f93a5-be43-4a48-8194-f67a72733c8b?api-key=YOUR_KEY&format=csv&limit=1000
PMKVY,Phase-wise Total Number of Trained Candidates under Pradhan Mantri Kaushal Vikas Yojana (PMKVY) (In relpy to Unstarred Question as on 11th February 2026),Rajya Sabha,2026-09-23,0,d1e10715-ce03-420f-82a7-b3b34f6d49ea,https://www.data.gov.in/resource/phase-wise-total-number-trained-candidates-under-pradhan-mantri-kaushal-vikas-yojana-pmkvy,https://api.data.gov.in/resource/d1e10715-ce03-420f-82a7-b3b34f6d49ea?api-key=YOUR_KEY&format=csv&limit=1000
PMKVY,State/UT-wise Number of Candidates Trained and Certified under Pradhan Mantri Kaushal Vikas Yojana (PMKVY) in the Country as on 31-12-2025,Rajya Sabha,2026-09-23,0,c57b667d-b465-4dfe-a637-212b1e614bc3,https://www.data.gov.in/resource/stateut-wise-number-candidates-trained-and-certified-under-pradhan-mantri-kaushal-vikas,https://api.data.gov.in/resource/c57b667d-b465-4dfe-a637-212b1e614bc3?api-key=YOUR_KEY&format=csv&limit=1000
PMKVY,State/UT-wise Details of Funds Utilized for AI Job Roles under Pradhan Mantri Kaushal Vikas Yojana 4.0 (PMKVY 4.0) from 2023-24 to 2025-26,Rajya Sabha,2026-09-23,0,0410846e-60a8-4249-855c-6a09752eebec,https://www.data.gov.in/resource/stateut-wise-details-funds-utilized-ai-job-roles-under-pradhan-mantri-kaushal-vikas-yojana,https://api.data.gov.in/resource/0410846e-60a8-4249-855c-6a09752eebec?api-key=YOUR_KEY&format=csv&limit=1000
PMKVY,"Year-wise Details of Drop-Out Candidates, Out of the Total Number of Enrolled under Pradhan Mantri Kaushal Vikas Yojana (PMKVY) 4.0 from 2022-23 to 2025-26",Rajya Sabha,2026-09-23,0,5ba67629-4a73-49c8-b73f-8a8f8e1e24d1,https://www.data.gov.in/resource/year-wise-details-drop-out-candidates-out-total-number-enrolled-under-pradhan-mantri,https://api.data.gov.in/resource/5ba67629-4a73-49c8-b73f-8a8f8e1e24d1?api-key=YOUR_KEY&format=csv&limit=1000
PMKVY,Job Role-wise Number of Women Candidates Trained in Artificial Intelligence (AI) Related Job Roles under Pradhan Mantri Kaushal Vikas Yojana (PMKVY) 4.0 as on 31-12-2025,Rajya Sabha,2026-09-23,0,282dbad6-588b-4f86-b502-745850842092,https://www.data.gov.in/resource/job-role-wise-number-women-candidates-trained-artificial-intelligence-ai-related-job-roles,https://api.data.gov.in/resource/282dbad6-588b-4f86-b502-745850842092?api-key=YOUR_KEY&format=csv&limit=1000
PMKVY,Sector-wise Number of Candidates Trained and Certified in New-age/Future Skill Job Roles under Pradhan Mantri Kaushal Vikas Yojana (PMKVY) 4.0 from 2023-24 to 2025-26,Rajya Sabha,2026-09-16,1,1cdd2e3d-1d23-4fcb-8812-0e68ee1c4694,https://www.data.gov.in/resource/sector-wise-number-candidates-trained-and-certified-new-agefuture-skill-job-roles-under,https://api.data.gov.in/resource/1cdd2e3d-1d23-4fcb-8812-0e68ee1c4694?api-key=YOUR_KEY&format=csv&limit=1000
PMKVY,Sector-wise Number of Recognition of Prior Learning (RPL) Certification for the Construction Workers and Traditional Artisans under Pradhan Mantri Kaushal Vikas Yojana (PMKVY) as on 31-12-2025,Rajya Sabha,2026-09-16,1,98584a5e-dfbf-4982-9db3-b7235df2931e,https://www.data.gov.in/resource/sector-wise-number-recognition-prior-learning-rpl-certification-construction-workers-and,https://api.data.gov.in/resource/98584a5e-dfbf-4982-9db3-b7235df2931e?api-key=YOUR_KEY&format=csv&limit=1000
PMKVY,State/UT-wise Number of Training Centers set up under Pradhan Mantri Kaushal Vikas Yojna (PMKVY) 4.0 from 2022-23 to 2024-25,Rajya Sabha,2025-07-17,1,92ae0889-15ce-4d96-88eb-de3cf6abe7bb,https://www.data.gov.in/resource/stateut-wise-number-training-centers-set-under-pradhan-mantri-kaushal-vikas-yojna-pmkvy-40,https://api.data.gov.in/resource/92ae0889-15ce-4d96-88eb-de3cf6abe7bb?api-key=YOUR_KEY&format=csv&limit=1000
PMKVY,State/UT-wise Number of Candidates Enrolled under Pradhan Mantri Kaushal Vikas Yojna (PMKVY) from 2022-23 to 2024-25,Rajya Sabha,2025-07-17,1,2336747c-4982-4cde-8f98-7290796c5020,https://www.data.gov.in/resource/stateut-wise-number-candidates-enrolled-under-pradhan-mantri-kaushal-vikas-yojna-pmkvy,https://api.data.gov.in/resource/2336747c-4982-4cde-8f98-7290796c5020?api-key=YOUR_KEY&format=csv&limit=1000
PMKVY,State/UT-wise Number of Certified Candidates under Pradhan Mantri Kaushal Vikas Yojna (PMKVY) from 2022-23 to 2024-25,Rajya Sabha,2025-07-17,1,102beed6-9c79-4110-b0ac-e4d4a24e5b3b,https://www.data.gov.in/resource/stateut-wise-number-certified-candidates-under-pradhan-mantri-kaushal-vikas-yojna-pmkvy,https://api.data.gov.in/resource/102beed6-9c79-4110-b0ac-e4d4a24e5b3b?api-key=YOUR_KEY&format=csv&limit=1000
PMKVY,Category-wise Number of Key Job Roles under Pradhan Mantri Kaushal Vikas Yojana (PMKVY) 4.0 as on 31-12-2024,Rajya Sabha,2025-07-17,1,130a9af6-ace4-4618-815c-4e88a874c464,https://www.data.gov.in/resource/category-wise-number-key-job-roles-under-pradhan-mantri-kaushal-vikas-yojana-pmkvy-40-31,https://api.data.gov.in/resource/130a9af6-ace4-4618-815c-4e88a874c464?api-key=YOUR_KEY&format=csv&limit=1000
PMKVY,State/UT-wise Details of Funds Released under Pradhan Mantri Kaushal Vikas Yojana (PMKVY) Scheme from 2021-22 to 2023-24,Rajya Sabha,2025-07-17,1,9a878ae5-b1a8-4054-b9e9-ed1e21fe80e3,https://www.data.gov.in/resource/stateut-wise-details-funds-released-under-pradhan-mantri-kaushal-vikas-yojana-pmkvy-scheme,https://api.data.gov.in/resource/9a878ae5-b1a8-4054-b9e9-ed1e21fe80e3?api-key=YOUR_KEY&format=csv&limit=1000
PMKVY,Year-wise Details of Funds allocated and utilized under Pradhan Mantri Kaushal Vikas Yojna (PMKVY) 4.0 from 2022-23 to 2024-25,Rajya Sabha,2025-07-17,1,b2363d71-cd94-489d-ab41-e0ca50de50ba,https://www.data.gov.in/resource/year-wise-details-funds-allocated-and-utilized-under-pradhan-mantri-kaushal-vikas-yojna,https://api.data.gov.in/resource/b2363d71-cd94-489d-ab41-e0ca50de50ba?api-key=YOUR_KEY&format=csv&limit=1000
PMKVY,State/UT-wise Number of Candidates Skilled in Courses focusing Entrepreneurship under Pradhan Mantri Kaushal Vikas Yojana (PMKVY) 4.0 from 2022-23 to 2024-25,Rajya Sabha,2025-07-17,1,280c9cee-cfd8-4570-8d64-47d92a0970ba,https://www.data.gov.in/resource/stateut-wise-number-candidates-skilled-courses-focusing-entrepreneurship-under-pradhan,https://api.data.gov.in/resource/280c9cee-cfd8-4570-8d64-47d92a0970ba?api-key=YOUR_KEY&format=csv&limit=1000
PMKVY,State/UT-wise Details of Funds Released for for Skill Development under Pradhan Mantri Kaushal Vikas Yojana (PMKVY) from 2019-20 to 2023-24,Rajya Sabha,2025-05-30,1,b4666444-2440-475d-befe-6d36adf2413a,https://www.data.gov.in/resource/stateut-wise-details-funds-released-skill-development-under-pradhan-mantri-kaushal-vikas,https://api.data.gov.in/resource/b4666444-2440-475d-befe-6d36adf2413a?api-key=YOUR_KEY&format=csv&limit=1000
PMKVY,State/UT-wise Number of Pradhan Mantri Kaushal Kendras (PMKKs) Target Allocated and Candidates Trained under Pradhan Mantri Kaushal Vikas Yojana (PMKVY) 4.0 as on 31-12-2024,Rajya Sabha,2025-05-30,1,3041f291-b7e5-477d-9241-e12910efbca7,https://www.data.gov.in/resource/stateut-wise-number-pradhan-mantri-kaushal-kendras-pmkks-target-allocated-and-candidates,https://api.data.gov.in/resource/3041f291-b7e5-477d-9241-e12910efbca7?api-key=YOUR_KEY&format=csv&limit=1000
PMKVY,District-wise Number of Candidates Trained/Oriented in the State of Punjab under Pradhan Mantri Kaushal Vikas Yojana (PMKVY) (In reply to Unstarred Question as on 12th March 2025),Rajya Sabha,2025-05-30,1,f5cb6f69-97ed-4307-a865-f09de33c45f1,https://www.data.gov.in/resource/district-wise-number-candidates-trainedoriented-state-punjab-under-pradhan-mantri-kaushal,https://api.data.gov.in/resource/f5cb6f69-97ed-4307-a865-f09de33c45f1?api-key=YOUR_KEY&format=csv&limit=1000
PMKVY,State/UT-wise Number of Candidates Reported Placed under Short Term Training (STT) Component of Pradhan Mantri Kaushal Vikas Yojana (PMKVY) from 2017-18 to 2021-22,Rajya Sabha,2025-04-15,1,d9ae46f3-3ce8-474c-9d58-18a2ba40ce71,https://www.data.gov.in/resource/stateut-wise-number-candidates-reported-placed-under-short-term-training-stt-component,https://api.data.gov.in/resource/d9ae46f3-3ce8-474c-9d58-18a2ba40ce71?api-key=YOUR_KEY&format=csv&limit=1000
PMKVY,State/UT-wise Number of Candidates Trained under Pradhan Mantri Kaushal Vikas Yojana (PMKVY) from 2019-20 to 2023-24,Rajya Sabha,2025-04-15,1,9ec7a02f-3a5b-416b-a240-310cd6743be4,https://www.data.gov.in/resource/stateut-wise-number-candidates-trained-under-pradhan-mantri-kaushal-vikas-yojana-pmkvy-0,https://api.data.gov.in/resource/9ec7a02f-3a5b-416b-a240-310cd6743be4?api-key=YOUR_KEY&format=csv&limit=1000
PMKVY,District-wise Number of Candidates Trained Oriented and Certified under Pradhan Mantri Kaushal Vikas Yojana (PMKVY) Scheme in West Bengal from 2015 to 2024,Rajya Sabha,2025-04-15,1,7e03802c-22fe-43d4-aa92-0f8d1d5b4ea8,https://www.data.gov.in/resource/district-wise-number-candidates-trained-oriented-and-certified-under-pradhan-mantri,https://api.data.gov.in/resource/7e03802c-22fe-43d4-aa92-0f8d1d5b4ea8?api-key=YOUR_KEY&format=csv&limit=1000
PMKVY,Year-wise Number of Youth Trained Oriented under Pradhan Mantri Kaushal Vikas Yojana (PMKVY) 4.0 from 2019-20 to 2024-25,Rajya Sabha,2025-04-04,1,62088498-1eb6-48d3-84ff-8c8d5a26b976,https://www.data.gov.in/resource/year-wise-number-youth-trained-oriented-under-pradhan-mantri-kaushal-vikas-yojana-pmkvy-40,https://api.data.gov.in/resource/62088498-1eb6-48d3-84ff-8c8d5a26b976?api-key=YOUR_KEY&format=csv&limit=1000
PMKVY,State/UT-wise Number of Youths Reported Self-Employed under Pradhan Mantri Kaushal Vikas Yojana (PMKVY) from 2019-20 to 2021-22,Rajya Sabha,2025-04-04,1,518b4d7e-55e0-40bc-9548-485e3c3bf88b,https://www.data.gov.in/resource/stateut-wise-number-youths-reported-self-employed-under-pradhan-mantri-kaushal-vikas,https://api.data.gov.in/resource/518b4d7e-55e0-40bc-9548-485e3c3bf88b?api-key=YOUR_KEY&format=csv&limit=1000
PMKVY,District-wise Number of Training Centres in the State of Jharkhand under Pradhan Mantri Kaushal Vikas Yojana (PMKVY) 4.0 (in reply to Unstarred Question as on 4th December 2024),Rajya Sabha,2025-02-20,1,0ad11646-7dfc-4666-89e7-fa8662c2c05e,https://www.data.gov.in/resource/district-wise-number-training-centres-state-jharkhand-under-pradhan-mantri-kaushal-vikas,https://api.data.gov.in/resource/0ad11646-7dfc-4666-89e7-fa8662c2c05e?api-key=YOUR_KEY&format=csv&limit=1000
PMKVY,State/UT-wise Numbers of Candidates who have been Enrolled Pradhan Mantri Kaushal Vikas Yojna (PMKVY) from 2021-22 to 2023-24,Rajya Sabha,2025-02-20,1,5385fb62-1512-4057-a280-c5280b81131f,https://www.data.gov.in/resource/stateut-wise-numbers-candidates-who-have-been-enrolled-pradhan-mantri-kaushal-vikas-yojna,https://api.data.gov.in/resource/5385fb62-1512-4057-a280-c5280b81131f?api-key=YOUR_KEY&format=csv&limit=1000
PMKVY,District-wise Number of Candidates Trained and Reported Placed under Pradhan Mantri Kaushal Vikas Yojana (PMKVY) in Uttarakhand from 2021-22 to 2023-24,Rajya Sabha,2025-02-20,1,0168a94b-7c00-49cd-b696-8a257dddf4d1,https://www.data.gov.in/resource/district-wise-number-candidates-trained-and-reported-placed-under-pradhan-mantri-kaushal,https://api.data.gov.in/resource/0168a94b-7c00-49cd-b696-8a257dddf4d1?api-key=YOUR_KEY&format=csv&limit=1000
PMKVY,Job Role-wise Number of Candidates Trained in the Renewable Energy Sector under Pradhan Mantri Kaushal Vikas Yojana (PMKVY) as on 31-10-2024,Rajya Sabha,2025-02-20,1,16e91183-eb37-4d44-90e9-0b1de82ee333,https://www.data.gov.in/resource/job-role-wise-number-candidates-trained-renewable-energy-sector-under-pradhan-mantri,https://api.data.gov.in/resource/16e91183-eb37-4d44-90e9-0b1de82ee333?api-key=YOUR_KEY&format=csv&limit=1000
PMKVY,Year-wise Details of Total Expenditure Incurred for both Centrally Sponsored Centrally Managed (CSCM) and Centrally Sponsored State Managed (CSSM) Component under PMKVY Scheme from 2015-16 to 2024-25,Rajya Sabha,2025-02-20,1,15fd254b-19f9-43ac-881f-a5c030211393,https://www.data.gov.in/resource/year-wise-details-total-expenditure-incurred-both-centrally-sponsored-centrally-managed,https://api.data.gov.in/resource/15fd254b-19f9-43ac-881f-a5c030211393?api-key=YOUR_KEY&format=csv&limit=1000
PMKVY,"Number of SC, ST and OBC Candidates Benefited under PMKVY Scheme from 2016 to 2019 (From: Ministry of Skill Development and Entrepreneurship)",Rajya Sabha,2025-02-17,1,784cfdf6-e797-4ff4-ab0b-82dbcbc03c3a,https://www.data.gov.in/resource/number-sc-st-and-obc-candidates-benefited-under-pmkvy-scheme-2016-2019-ministry-skill,https://api.data.gov.in/resource/784cfdf6-e797-4ff4-ab0b-82dbcbc03c3a?api-key=YOUR_KEY&format=csv&limit=1000
PMKVY,"State/UT-wise Candidates Enrolled, Trained, Assessed, Certified and Reported Placed under Pradhan Mantri Kaushal Vikas Yojana (PMKVY) 2016-20, as on 11 November, 2019 (From: Ministry of Skill Development and Entrepreneurship)",Rajya Sabha,2025-02-17,1,be94c83c-af89-4077-bd22-db172f5ccca3,https://www.data.gov.in/resource/stateut-wise-candidates-enrolled-trained-assessed-certified-and-reported-placed-under,https://api.data.gov.in/resource/be94c83c-af89-4077-bd22-db172f5ccca3?api-key=YOUR_KEY&format=csv&limit=1000
PMKVY,"District wise enrolled, trained, assessed, certified & placed under PMKVY as on 21 April, 2022",Ministry of Skill Development And Entrepreneurship,2025-02-14,1,10927f64-979e-460c-9bb6-0b7b843d6798,https://www.data.gov.in/resource/district-wise-enrolled-trained-assessed-certified-placed-under-pmkvy-21-april-2022,https://api.data.gov.in/resource/10927f64-979e-460c-9bb6-0b7b843d6798?api-key=YOUR_KEY&format=csv&limit=1000
PMKVY,District-wise Number of Candidates Trained/Oriented under PMKVY in State of Karnataka during 2016-20 (From: Ministry of Skill Development and Entrepreneurship),Rajya Sabha,2025-02-14,1,2922b630-5de4-4218-8226-32190be9778b,https://www.data.gov.in/resource/district-wise-number-candidates-trainedoriented-under-pmkvy-state-karnataka-during-2016-20,https://api.data.gov.in/resource/2922b630-5de4-4218-8226-32190be9778b?api-key=YOUR_KEY&format=csv&limit=1000
PMKVY,District-wise Number of Candidates Trained/Oriented under Pradhan Mantri Kaushal Vikas Yojana (PMKVY) in State of Punjab during 2016-20 (From: Ministry of Skill Development and Entrepreneurship),Rajya Sabha,2025-02-14,1,db304398-1cdb-4c21-8953-e8bea480c3e0,https://www.data.gov.in/resource/district-wise-number-candidates-trainedoriented-under-pradhan-mantri-kaushal-vikas-yojana,https://api.data.gov.in/resource/db304398-1cdb-4c21-8953-e8bea480c3e0?api-key=YOUR_KEY&format=csv&limit=1000
PMKVY,Community-wise Number of Training Status in Scheduled Caste/Scheduled Tribe (SC/ST) under Pradhan Mantri Kaushal Vikas Yojana (PMKVY) Scheme (in reply to Unstarred Question as on 13th December 2024),Rajya Sabha,2025-01-31,1,9d7d8fdc-27a0-4aa6-bb33-2762cdf54561,https://www.data.gov.in/resource/community-wise-number-training-status-scheduled-castescheduled-tribe-scst-under-pradhan,https://api.data.gov.in/resource/9d7d8fdc-27a0-4aa6-bb33-2762cdf54561?api-key=YOUR_KEY&format=csv&limit=1000
PMKVY,Training Centre State/UT-wise Details of Candidates Trained under Pradhan Mantri Kaushal Vikas Yojana (PMKVY) from 2019-20 to 2023-24,Rajya Sabha,2024-10-23,1,5f32a796-9d0f-433a-8871-f35101467f46,https://www.data.gov.in/resource/training-centre-stateut-wise-details-candidates-trained-under-pradhan-mantri-kaushal-vikas,https://api.data.gov.in/resource/5f32a796-9d0f-433a-8871-f35101467f46?api-key=YOUR_KEY&format=csv&limit=1000
PMKVY,District-wise Number of Candidates Reported Placed in the State of Rajasthan under Short Term Training (STT) and Special Projects (SP) Components of PMKVY from 2015-16 to 2021-22,Rajya Sabha,2024-10-23,1,3a6882e1-76ea-4f6f-9121-c0bfda19e0e2,https://www.data.gov.in/resource/district-wise-number-candidates-reported-placed-state-rajasthan-under-short-term-training,https://api.data.gov.in/resource/3a6882e1-76ea-4f6f-9121-c0bfda19e0e2?api-key=YOUR_KEY&format=csv&limit=1000
PMKVY,State/UT-wise Number of Candidates Trained and On-Going Training along with Corresponding Pay-out in AI Job Roles under Pradhan Mantri Kaushal Vikas Yojana (PMKVY 4.0) as on 30-06-2024,Rajya Sabha,2024-10-23,1,7c5b3f81-ac5c-4a85-8402-febedb82f082,https://www.data.gov.in/resource/stateut-wise-number-candidates-trained-and-going-training-along-corresponding-pay-out-ai,https://api.data.gov.in/resource/7c5b3f81-ac5c-4a85-8402-febedb82f082?api-key=YOUR_KEY&format=csv&limit=1000
PMKVY,State/UT-wise Details of Targets Earmarked under Pradhan Mantri Kaushal Vikas Yojana (PMKVY 2.0) from 2016 to 2020,Rajya Sabha,2024-10-23,1,c1ac0f14-457b-409f-9958-45a74140d1b3,https://www.data.gov.in/resource/stateut-wise-details-targets-earmarked-under-pradhan-mantri-kaushal-vikas-yojana-pmkvy-20,https://api.data.gov.in/resource/c1ac0f14-457b-409f-9958-45a74140d1b3?api-key=YOUR_KEY&format=csv&limit=1000
PMKVY,State/UT-wise Details of Funds Released under Pradhan Mantri Kaushal Vikas Yojana (PMKVY) from 2019-20 to 2023-24,Rajya Sabha,2024-10-23,1,36f44573-b2d6-479d-b9b9-c15d12527e67,https://www.data.gov.in/resource/stateut-wise-details-funds-released-under-pradhan-mantri-kaushal-vikas-yojana-pmkvy-2019,https://api.data.gov.in/resource/36f44573-b2d6-479d-b9b9-c15d12527e67?api-key=YOUR_KEY&format=csv&limit=1000
PMKVY,"State/UT-wise Candidates Trained/Oriented under Pradhan Mantri Kaushal Vikas Yojana (PMKVY), Categorized by Gender (Male, Female, Non-Binary) (in reply to Unstarred Question as on 7th August 2024)",Rajya Sabha,2024-10-23,1,d656e3a3-57d2-4e06-bac4-adebbed36b3d,https://www.data.gov.in/resource/stateut-wise-candidates-trainedoriented-under-pradhan-mantri-kaushal-vikas-yojana-pmkvy-0,https://api.data.gov.in/resource/d656e3a3-57d2-4e06-bac4-adebbed36b3d?api-key=YOUR_KEY&format=csv&limit=1000
PMKVY,State/UT-wise Number of Scheduled Tribes (ST) Beneficiaries under Pradhan Mantri Kaushal Vikas Yojana (PMKVY) during 2015,Rajya Sabha,2024-08-27,1,2d391833-8b13-4e14-82c6-558b7644ebcd,https://www.data.gov.in/resource/stateut-wise-number-scheduled-tribes-st-beneficiaries-under-pradhan-mantri-kaushal-vikas,https://api.data.gov.in/resource/2d391833-8b13-4e14-82c6-558b7644ebcd?api-key=YOUR_KEY&format=csv&limit=1000
PMKVY,State/UT-wise Number of Candidates Trained/Oriented under Pradhan Mantri Kaushal Vikas Yojana (PMKVY) as on 31-10-2023,Rajya Sabha,2024-08-27,1,c82d6e55-c5be-478e-8cd8-0b0734ab42c0,https://www.data.gov.in/resource/stateut-wise-number-candidates-trainedoriented-under-pradhan-mantri-kaushal-vikas-yojana-1,https://api.data.gov.in/resource/c82d6e55-c5be-478e-8cd8-0b0734ab42c0?api-key=YOUR_KEY&format=csv&limit=1000
PMKVY,District-wise Number of Candidates trained under Pradhan Mantri Kaushal Vikas Yojana (PMKVY) in Chhattisgarh from 2020-21 to 2022-23,Rajya Sabha,2024-08-27,1,46611b83-217b-4848-a481-22c142e3417e,https://www.data.gov.in/resource/district-wise-number-candidates-trained-under-pradhan-mantri-kaushal-vikas-yojana-pmkvy,https://api.data.gov.in/resource/46611b83-217b-4848-a481-22c142e3417e?api-key=YOUR_KEY&format=csv&limit=1000
PMKVY,State/UT wise Details of Fund Released under Pradhan Mantri Kaushal Vikas Yojana (PMKVY) Schemes from 2021-21 to 2022-23,Rajya Sabha,2024-08-27,1,b5d7c62b-2639-4763-b78d-6f4c7fd34b63,https://www.data.gov.in/resource/stateut-wise-details-fund-released-under-pradhan-mantri-kaushal-vikas-yojana-pmkvy-schemes,https://api.data.gov.in/resource/b5d7c62b-2639-4763-b78d-6f4c7fd34b63?api-key=YOUR_KEY&format=csv&limit=1000
PMKVY,Year-wise Number of Candidates Training (STT and RPL) and Placement under Pradhan Mantri Kaushal Vikas Yojana (PMKVY) from 2015-16 to 2023-24,Rajya Sabha,2024-08-09,1,e8212801-8cc2-4490-a616-2e98fa0736dc,https://www.data.gov.in/resource/year-wise-number-candidates-training-stt-and-rpl-and-placement-under-pradhan-mantri,https://api.data.gov.in/resource/e8212801-8cc2-4490-a616-2e98fa0736dc?api-key=YOUR_KEY&format=csv&limit=1000
PMKVY,District-wise Details of the Students who were provided Training and Employment under Pradhan Mantri Kaushal Vikas Yojana (PMKVY) in Madhya Pradesh from 2020-21 to 2023-24,Rajya Sabha,2024-08-09,1,07656abb-2ebe-4e90-a8b2-2a76946d8c26,https://www.data.gov.in/resource/district-wise-details-students-who-were-provided-training-and-employment-under-pradhan,https://api.data.gov.in/resource/07656abb-2ebe-4e90-a8b2-2a76946d8c26?api-key=YOUR_KEY&format=csv&limit=1000
PMKVY,Job roles-wise Number of Candidates Reported Placed under Pradhan Mantri Kaushal Vikas Yojana (PMKVY) from 2015 to 31-10-2023.,Rajya Sabha,2024-08-09,1,a5aee781-b4e0-42d9-88fa-c4e73a394544,https://www.data.gov.in/resource/job-roles-wise-number-candidates-reported-placed-under-pradhan-mantri-kaushal-vikas-yojana,https://api.data.gov.in/resource/a5aee781-b4e0-42d9-88fa-c4e73a394544?api-key=YOUR_KEY&format=csv&limit=1000
PMKVY,District-wise Number of Persons Placed in the State of Maharashtra under the Short Term Training (STT) Component of Pradhan Mantri Kaushal Vikas Yojana (PMKVY) since inception upto 31-12-2023,Rajya Sabha,2024-05-07,1,df1eeda1-e8c2-4526-923d-806f70ef0ee9,https://www.data.gov.in/resource/district-wise-number-persons-placed-state-maharashtra-under-short-term-training-stt,https://api.data.gov.in/resource/df1eeda1-e8c2-4526-923d-806f70ef0ee9?api-key=YOUR_KEY&format=csv&limit=1000
PMKVY,State/UT-wise Details of Fund Released under Pradhan Mantri Kaushal Vikas Yojana (PMKVY) from 2020-21 to 2022-23,Rajya Sabha,2024-05-07,1,450fe5d1-3b7f-424b-b47d-beb6098d94dd,https://www.data.gov.in/resource/stateut-wise-details-fund-released-under-pradhan-mantri-kaushal-vikas-yojana-pmkvy-2020-21,https://api.data.gov.in/resource/450fe5d1-3b7f-424b-b47d-beb6098d94dd?api-key=YOUR_KEY&format=csv&limit=1000
PMKVY,State-wise Number of Candidates Reported Placed Under Short Term Training (STT) Component of Pradhan Mantri Kaushal Vikas Yojana (PMKVY) from 2019-20 to 2022-23,Rajya Sabha,2024-04-04,1,f45156a1-ef6c-4ef9-add2-eed56303b98d,https://www.data.gov.in/resource/state-wise-number-candidates-reported-placed-under-short-term-training-stt-component,https://api.data.gov.in/resource/f45156a1-ef6c-4ef9-add2-eed56303b98d?api-key=YOUR_KEY&format=csv&limit=1000
PMKVY,Scheme-wise Update of GKRA under PMKVY 2.0 as per SIP Reports till 30-Jun-23,Rajya Sabha,2024-02-23,1,263224e3-813d-4a1e-9c23-b2e857216059,https://www.data.gov.in/resource/scheme-wise-update-gkra-under-pmkvy-20-sip-reports-till-30-jun-23,https://api.data.gov.in/resource/263224e3-813d-4a1e-9c23-b2e857216059?api-key=YOUR_KEY&format=csv&limit=1000
PMKVY,Sector-wise Update of GKRA under PMKVY 2.0 as per SIP Reports till 30-Jun-23,Rajya Sabha,2024-02-23,1,37c9a5a4-5af8-4d38-9354-be23f6a74b3f,https://www.data.gov.in/resource/sector-wise-update-gkra-under-pmkvy-20-sip-reports-till-30-jun-23,https://api.data.gov.in/resource/37c9a5a4-5af8-4d38-9354-be23f6a74b3f?api-key=YOUR_KEY&format=csv&limit=1000
PMKVY,State/UT-wise Fund Released under Pradhan Mantri Kaushal Vikas Yojana (PMKVY) from 2020-21 to 2022-23,Rajya Sabha,2024-02-23,1,68a0154e-6b36-4bdd-a130-7ae8785d2363,https://www.data.gov.in/resource/stateut-wise-fund-released-under-pradhan-mantri-kaushal-vikas-yojana-pmkvy-2020-21-2022-23,https://api.data.gov.in/resource/68a0154e-6b36-4bdd-a130-7ae8785d2363?api-key=YOUR_KEY&format=csv&limit=1000
PMKVY,State/UT-wise Number of Youth Trained under Pradhan Mantri Kaushal Vikas Yojana (PMKVY) from 2020-21 to 2022-23,Rajya Sabha,2024-02-23,1,574de3d8-09aa-4bcf-9ea7-24404215baf9,https://www.data.gov.in/resource/stateut-wise-number-youth-trained-under-pradhan-mantri-kaushal-vikas-yojana-pmkvy-2020-21,https://api.data.gov.in/resource/574de3d8-09aa-4bcf-9ea7-24404215baf9?api-key=YOUR_KEY&format=csv&limit=1000
PMKVY,State/UT-wise Number of Person Reported Placed under Pradhan Mantri Kaushal Vikas Yojana(PMKVY) from 2018-19 to 2022-23,Rajya Sabha,2024-02-23,1,39693d1f-0198-4a76-a526-bda1808eb6a0,https://www.data.gov.in/resource/stateut-wise-number-person-reported-placed-under-pradhan-mantri-kaushal-vikas-yojanapmkvy,https://api.data.gov.in/resource/39693d1f-0198-4a76-a526-bda1808eb6a0?api-key=YOUR_KEY&format=csv&limit=1000
PMKVY,State/UT-wise Details of Funds Released under Central Sponsored Centrally Managed (CSCM) Component of PMKVY from 2018-19 to 2022-23,Rajya Sabha,2024-02-23,1,9eac46e5-766c-4ebb-8ee0-40deb8b45db0,https://www.data.gov.in/resource/stateut-wise-details-funds-released-under-central-sponsored-centrally-managed-cscm,https://api.data.gov.in/resource/9eac46e5-766c-4ebb-8ee0-40deb8b45db0?api-key=YOUR_KEY&format=csv&limit=1000
PMKVY,State/UT-wise Details of Funds Released under Central Sponsored State Managed (CSSM) Component of PMKVY from 2018-19 to 2022-23,Rajya Sabha,2024-02-23,1,059a9067-61a9-4cc0-a7f0-c93de1faf17d,https://www.data.gov.in/resource/stateut-wise-details-funds-released-under-central-sponsored-state-managed-cssm-component,https://api.data.gov.in/resource/059a9067-61a9-4cc0-a7f0-c93de1faf17d?api-key=YOUR_KEY&format=csv&limit=1000
PMKVY,Year-wise Details of Candidates Trained and Reported Placed under Pradhan Mantri Kaushal Vikas Yojana (PMKVY) in the Country from 2015-16 to 2022-23,Rajya Sabha,2024-02-23,1,3fe14604-7b57-4de2-b6a6-bbbd7fe1f02d,https://www.data.gov.in/resource/year-wise-details-candidates-trained-and-reported-placed-under-pradhan-mantri-kaushal,https://api.data.gov.in/resource/3fe14604-7b57-4de2-b6a6-bbbd7fe1f02d?api-key=YOUR_KEY&format=csv&limit=1000
PMKVY,District-wise Number of Candidates Trained and Placed under Pradhan Mantri Kaushal Vikas Yojana (PMKVY) in State of Punjab from 2018-19 to 2022-23,Rajya Sabha,2024-02-23,0,905e2d96-1fc5-471a-bd29-9b3170b80158,https://www.data.gov.in/resource/district-wise-number-candidates-trained-and-placed-under-pradhan-mantri-kaushal-vikas,https://api.data.gov.in/resource/905e2d96-1fc5-471a-bd29-9b3170b80158?api-key=YOUR_KEY&format=csv&limit=1000
PMKVY,"District-wise Number of Persons Trained and Reported Placed under Pradhan Mantri Kaushal Vikas Yojana (PMKVY) in Uttar Pradesh (in reply to Unstarred Question on 2nd August, 2023)",Rajya Sabha,2024-02-23,1,f0cf3643-580d-4fcc-9c24-0b6c74bc18d8,https://www.data.gov.in/resource/district-wise-number-persons-trained-and-reported-placed-under-pradhan-mantri-kaushal,https://api.data.gov.in/resource/f0cf3643-580d-4fcc-9c24-0b6c74bc18d8?api-key=YOUR_KEY&format=csv&limit=1000
PMKVY,Year-wise Number of Persons Trained in the North-Eastern Region (NER) under Pradhan Mantri Kaushal Vikas Yojana (PMKVY) in Assam from 2020-21 to 2023-24,Rajya Sabha,2024-02-20,0,ee5a450a-6ea4-4074-988c-f537947b0e51,https://www.data.gov.in/resource/year-wise-number-persons-trained-north-eastern-region-ner-under-pradhan-mantri-kaushal,https://api.data.gov.in/resource/ee5a450a-6ea4-4074-988c-f537947b0e51?api-key=YOUR_KEY&format=csv&limit=1000
PMKVY,"Year-wise Details of Total Number of Youths, Male and Female, Enrolled from Telangana for Skill Development Training under Pradhan Mantri Kaushal Vikas Yojana (PMKVY) from 2020-21 to 2022-23",Rajya Sabha,2024-01-23,1,00935279-96af-4e1c-9240-ddd0336e992d,https://www.data.gov.in/resource/year-wise-details-total-number-youths-male-and-female-enrolled-telangana-skill-development,https://api.data.gov.in/resource/00935279-96af-4e1c-9240-ddd0336e992d?api-key=YOUR_KEY&format=csv&limit=1000
PMKVY,State-wise Update of GKRA under PMKVY 2.0 as per SIP Reports till 30-Jun-23,Rajya Sabha,2024-01-23,0,5f333a61-eed1-4018-a890-9c9c02a719d1,https://www.data.gov.in/resource/state-wise-update-gkra-under-pmkvy-20-sip-reports-till-30-jun-23,https://api.data.gov.in/resource/5f333a61-eed1-4018-a890-9c9c02a719d1?api-key=YOUR_KEY&format=csv&limit=1000
PMKVY,State/UT-wise Number of Scheduled Tribes Candidates Trained under Pradhan Mantri Kaushal Vikas Yojana (PMKVY) from 2015-16 to 2023-24,Rajya Sabha,2024-01-23,1,f96e643e-3900-4f17-9c7c-514077f19b3e,https://www.data.gov.in/resource/stateut-wise-number-scheduled-tribes-candidates-trained-under-pradhan-mantri-kaushal-vikas,https://api.data.gov.in/resource/f96e643e-3900-4f17-9c7c-514077f19b3e?api-key=YOUR_KEY&format=csv&limit=1000
PMKVY,State/UT-wise Details of Grant-in aid Released under State Component of Pradhan Mantri Kaushal Vikas Yojana (PMKVY) from 2018-19 to 2022-23,Rajya Sabha,2024-01-23,1,f907360e-2deb-4dfe-aa55-8c7914afac66,https://www.data.gov.in/resource/stateut-wise-details-grant-aid-released-under-state-component-pradhan-mantri-kaushal-vikas,https://api.data.gov.in/resource/f907360e-2deb-4dfe-aa55-8c7914afac66?api-key=YOUR_KEY&format=csv&limit=1000
PMKVY,Year-wise Details of Fund Position for Central Component of Pradhan Mantri Kaushal Vikas Yojana (PMKVY) in the State of Telangana from 2015-16 to 2023-24,Rajya Sabha,2024-01-23,1,072e3f78-5552-457d-95a5-5cc807b78769,https://www.data.gov.in/resource/year-wise-details-fund-position-central-component-pradhan-mantri-kaushal-vikas-yojana,https://api.data.gov.in/resource/072e3f78-5552-457d-95a5-5cc807b78769?api-key=YOUR_KEY&format=csv&limit=1000
PMKVY,State/UT-wise Details of Grant-in -aid Released under Central Sponsored State Managed (CSSM) Component of Pradhan Mantri Kaushal Vikas Yojana (PMKVY) from 2018-19 to 2022-23,Rajya Sabha,2024-01-23,1,26cde082-fe54-4370-bd55-b1a51416ad73,https://www.data.gov.in/resource/stateut-wise-details-grant-aid-released-under-central-sponsored-state-managed-cssm,https://api.data.gov.in/resource/26cde082-fe54-4370-bd55-b1a51416ad73?api-key=YOUR_KEY&format=csv&limit=1000
PMKVY,State/UT-wise Number of Candidates Trained and Reported Placed in Each of the Three Phases of the PMKVY Since 2015 to 30.06.2023,Rajya Sabha,2023-12-26,1,e656f7e4-a11c-444a-887c-e171782cf0de,https://www.data.gov.in/resource/stateut-wise-number-candidates-trained-and-reported-placed-each-three-phases-pmkvy-2015,https://api.data.gov.in/resource/e656f7e4-a11c-444a-887c-e171782cf0de?api-key=YOUR_KEY&format=csv&limit=1000
PMKVY,State-wise Details of the Candidates Certified and Reported Placed under the Short Term Training (STT) component of Pradhan Mantri Kaushal Vikas Yojana (PMKVY 3.0) from 2021 to 2022,Rajya Sabha,2023-11-29,1,90276464-6dc9-4e2e-81e1-b1dfb7fa394a,https://www.data.gov.in/resource/state-wise-details-candidates-certified-and-reported-placed-under-short-term-training-stt,https://api.data.gov.in/resource/90276464-6dc9-4e2e-81e1-b1dfb7fa394a?api-key=YOUR_KEY&format=csv&limit=1000
PMKVY,State-wise Number of Pradhan Mantri Kaushal Vikas Yojana (PMKVY) trainees that have been reported as having been placed from 2018-19 to 2021-22,Rajya Sabha,2023-11-29,1,288ca741-47f3-4fb6-b5b2-f542ccd0ca36,https://www.data.gov.in/resource/state-wise-number-pradhan-mantri-kaushal-vikas-yojana-pmkvy-trainees-have-been-reported,https://api.data.gov.in/resource/288ca741-47f3-4fb6-b5b2-f542ccd0ca36?api-key=YOUR_KEY&format=csv&limit=1000
PMKVY,State-wise Details of Top Five Sectors in Terms of Highest Employment to Persons Trained under Pradhan Mantri Kaushal Vikas Yojana (PMKVY) from 2018-19 to 2021-22,Rajya Sabha,2023-11-29,1,90e7fc84-cd89-4959-9b14-96e533fb99ad,https://www.data.gov.in/resource/state-wise-details-top-five-sectors-terms-highest-employment-persons-trained-under-pradhan,https://api.data.gov.in/resource/90e7fc84-cd89-4959-9b14-96e533fb99ad?api-key=YOUR_KEY&format=csv&limit=1000
PMKVY,"State/UT-wise Details of the Number of Street Food Vendors Benefitted under Pradhan Mantri Kaushal Vikas Yojana (PMKVY) (in Reply to Unstarred Question on 08 February, 2023)",Rajya Sabha,2023-11-29,1,4d0ab0e7-05cf-4fc8-a78b-f9f0b8d34f23,https://www.data.gov.in/resource/stateut-wise-details-number-street-food-vendors-benefitted-under-pradhan-mantri-kaushal,https://api.data.gov.in/resource/4d0ab0e7-05cf-4fc8-a78b-f9f0b8d34f23?api-key=YOUR_KEY&format=csv&limit=1000
PMKVY,State/UT-wise Candidates provided with Placement under under Short Term Training (STT) component of Pradhan Mantri Kaushal Vikas Yojana (PMKVY) 3.0 during 2021-22 and 2022-23),Rajya Sabha,2023-09-21,1,dd8dd024-9ba7-448d-be24-880f8db9007d,https://www.data.gov.in/resource/stateut-wise-candidates-provided-placement-under-under-short-term-training-stt-component,https://api.data.gov.in/resource/dd8dd024-9ba7-448d-be24-880f8db9007d?api-key=YOUR_KEY&format=csv&limit=1000
PMKVY,"State/UT-wise Number of Candidates Trained, Certified and Reported placed under Short Term Training (STT) component of Pradhan Mantri Kaushal Vikas Yojana (PMKVY) as on 31st December 2022",Rajya Sabha,2023-09-21,1,189f0432-c337-489b-a97d-0ebe094603a8,https://www.data.gov.in/resource/stateut-wise-number-candidates-trained-certified-and-reported-placed-under-short-term,https://api.data.gov.in/resource/189f0432-c337-489b-a97d-0ebe094603a8?api-key=YOUR_KEY&format=csv&limit=1000
PMKVY,Year-wise Funds Released in Respect of PMKVY and JSS from 2019-20 to 2022-23,Rajya Sabha,2023-09-21,1,5166fad0-943d-4795-ab7e-97ccac7fee54,https://www.data.gov.in/resource/year-wise-funds-released-respect-pmkvy-and-jss-2019-20-2022-23,https://api.data.gov.in/resource/5166fad0-943d-4795-ab7e-97ccac7fee54?api-key=YOUR_KEY&format=csv&limit=1000
PMKVY,State/UT-wise Details of the Number of Candidates Trained under Pradhan Mantri Kaushal Vikas Yojana (PMKVY) from 2017-18 to 2021-22,Rajya Sabha,2023-09-21,1,82b7285d-4272-42ab-ab11-8088ec240f0b,https://www.data.gov.in/resource/stateut-wise-details-number-candidates-trained-under-pradhan-mantri-kaushal-vikas-yojana,https://api.data.gov.in/resource/82b7285d-4272-42ab-ab11-8088ec240f0b?api-key=YOUR_KEY&format=csv&limit=1000
PMKVY,"State/UT-wise Candidates (Male, Female and Non-binary) Trained/Oriented under Pradhan Mantri Kaushal Vikas Yojana Phase-3 (PMKVY 3.0) during 2021-22 and 2022-23",Rajya Sabha,2023-09-21,1,b27a1b3f-6b31-489c-b64f-8b97b65450a5,https://www.data.gov.in/resource/stateut-wise-candidates-male-female-and-non-binary-trainedoriented-under-pradhan-mantri,https://api.data.gov.in/resource/b27a1b3f-6b31-489c-b64f-8b97b65450a5?api-key=YOUR_KEY&format=csv&limit=1000
PMKVY,State/UT-wise Details of Candidates Trained and Reported Placed under Pradhan Mantri Kaushal Vikas Yojana (PMKVY) from 2017-18 to 2021-22,Rajya Sabha,2023-07-26,1,9f1bfeb7-2e99-451b-ac1c-fd7ba3aada02,https://www.data.gov.in/resource/stateut-wise-details-candidates-trained-and-reported-placed-under-pradhan-mantri-kaushal,https://api.data.gov.in/resource/9f1bfeb7-2e99-451b-ac1c-fd7ba3aada02?api-key=YOUR_KEY&format=csv&limit=1000
PMKVY,State/UT-wise Training Data under Pradhan Mantri Kaushal Vikas Yojana (PMKVY) from 2018-19 to 2022-23,Rajya Sabha,2023-05-19,1,62c17dfe-27ad-466b-9750-89ca736b1211,https://www.data.gov.in/resource/stateut-wise-training-data-under-pradhan-mantri-kaushal-vikas-yojana-pmkvy-2018-19-2022-23,https://api.data.gov.in/resource/62c17dfe-27ad-466b-9750-89ca736b1211?api-key=YOUR_KEY&format=csv&limit=1000
PMKVY,State/UT-wise Training Centres under Pradhan Mantri Kaushal Vikas Yojana (PMKVY) including Pradhan Mantri Kaushal Kendra (PMKKs) as on 31-10-2022,Rajya Sabha,2023-05-19,1,023341c7-73dd-42af-b504-60a01d92b90b,https://www.data.gov.in/resource/stateut-wise-training-centres-under-pradhan-mantri-kaushal-vikas-yojana-pmkvy-including,https://api.data.gov.in/resource/023341c7-73dd-42af-b504-60a01d92b90b?api-key=YOUR_KEY&format=csv&limit=1000
PMKVY,State/UT-wise Candidates Trained/Oriented under Pradhan Mantri Kaushal Vikas Yojana (PMKVY) during 2015 and Candidates Certified and Reported Placed under PMKVY Short Term Training (STT) from 2017 to 2022,Rajya Sabha,2023-05-19,1,c7ffff91-b5aa-4e26-a6b3-055d5f46d8ee,https://www.data.gov.in/resource/stateut-wise-candidates-trainedoriented-under-pradhan-mantri-kaushal-vikas-yojana-pmkvy,https://api.data.gov.in/resource/c7ffff91-b5aa-4e26-a6b3-055d5f46d8ee?api-key=YOUR_KEY&format=csv&limit=1000
PMKVY,State/UT-wise Number of Candidates Trained/Oriented under Pradhan Mantri Kaushal Vikas Yojana (PMKVY) and Allocation of Funds under State Component of PMKVY ( 2.0 and 3.0) during 2015,Rajya Sabha,2023-05-19,1,7810e983-22f6-4879-ad42-ca766af25364,https://www.data.gov.in/resource/stateut-wise-number-candidates-trainedoriented-under-pradhan-mantri-kaushal-vikas-yojana,https://api.data.gov.in/resource/7810e983-22f6-4879-ad42-ca766af25364?api-key=YOUR_KEY&format=csv&limit=1000
PMKVY,State/UT-wise Funds Disbursed and Utilized under Pradhan Mantri Kaushal Vikas Yojana (PMKVY) during 2015 and 2016,Rajya Sabha,2023-05-19,1,b578e733-8770-4cac-977d-0911d58adb3f,https://www.data.gov.in/resource/stateut-wise-funds-disbursed-and-utilized-under-pradhan-mantri-kaushal-vikas-yojana-pmkvy,https://api.data.gov.in/resource/b578e733-8770-4cac-977d-0911d58adb3f?api-key=YOUR_KEY&format=csv&limit=1000
PMKVY,State/UTs-wise Placement Percentage Attained at State level under Pradhan Mantri Kaushal Vikas Yojana (PMKVY) (PMKVY 2.0 & PMKVY 3.0) from 2017-18 to 2021-22,Rajya Sabha,2023-05-02,1,4c923e68-62dd-4886-9c6e-e2b9eaf18e5a,https://www.data.gov.in/resource/stateuts-wise-placement-percentage-attained-state-level-under-pradhan-mantri-kaushal-0,https://api.data.gov.in/resource/4c923e68-62dd-4886-9c6e-e2b9eaf18e5a?api-key=YOUR_KEY&format=csv&limit=1000
PMKVY,Scheme-wise Placement Percentage Attained across the Country under PMKVY (PMKVY 2.0 & PMKVY 3.0 PAN India update as per Systematic Investment Plan (SIP) Reports during September 2022,Rajya Sabha,2023-05-02,1,1847756f-b701-44ca-9342-54644132e094,https://www.data.gov.in/resource/scheme-wise-placement-percentage-attained-across-country-under-pmkvy-pmkvy-20-pmkvy-30-pan,https://api.data.gov.in/resource/1847756f-b701-44ca-9342-54644132e094?api-key=YOUR_KEY&format=csv&limit=1000
PMKVY,"District-wise Details of the Number of Training Centres with ongoing Training in Karnataka under Pradhan Mantri Kaushal Vikas Yojana (PMKVY) 3.0 (in Reply to Unstarred Question on 07 December, 2022)",Rajya Sabha,2023-04-03,1,b89d4ccf-ac01-4f84-96fb-434abba532c5,https://www.data.gov.in/resource/district-wise-details-number-training-centres-ongoing-training-karnataka-under-pradhan,https://api.data.gov.in/resource/b89d4ccf-ac01-4f84-96fb-434abba532c5?api-key=YOUR_KEY&format=csv&limit=1000
PMKVY,"State/UTs-wise Number of Pradhan Mantri Kaushal Vikas Yojana (PMKVY) Training Centres (TCs) including Pradhan Mantri Kaushal Kendras (PMKKs) Imparted Training under PMKVY 1.0, 2.0 and 3.0, Since 2015, as on 30.09.2022",Rajya Sabha,2023-04-03,1,906cc42f-1aff-449d-bdec-9985ada37aec,https://www.data.gov.in/resource/stateuts-wise-number-pradhan-mantri-kaushal-vikas-yojana-pmkvy-training-centres-tcs,https://api.data.gov.in/resource/906cc42f-1aff-449d-bdec-9985ada37aec?api-key=YOUR_KEY&format=csv&limit=1000
PMKVY,"District-wise Details of the Number of PMKVY Training Centres (TCs) including Pradhan Mantri Kaushal Kendras (PMKKs) and 10th pass and 12th pass candidates Trained/ Oriented under PMKVY in the State of Bihar, from 2016 to 30-09-2022",Rajya Sabha,2023-04-03,1,0852586a-dae6-4dae-bbbc-55c269af0ea1,https://www.data.gov.in/resource/district-wise-details-number-pmkvy-training-centres-tcs-including-pradhan-mantri-kaushal,https://api.data.gov.in/resource/0852586a-dae6-4dae-bbbc-55c269af0ea1?api-key=YOUR_KEY&format=csv&limit=1000
PMKVY,State/UTs-wise Male/Female Candidates Trained under Pradhan Mantri Kaushal Vikas Yojana (PMKVY) Scheme from 2019-20 to 2021-22,Rajya Sabha,2023-04-03,1,e86fc5ce-7c8c-440d-b90a-834b626b8280,https://www.data.gov.in/resource/stateuts-wise-malefemale-candidates-trained-under-pradhan-mantri-kaushal-vikas-yojana,https://api.data.gov.in/resource/e86fc5ce-7c8c-440d-b90a-834b626b8280?api-key=YOUR_KEY&format=csv&limit=1000
PMKVY,District-wise Details of the Funds Utilized in the State of Telangana under Central Component of PMKVY (Pradhan Mantri Kaushal Vikas Yojana) during 2019-22,Rajya Sabha,2023-04-03,1,b3b4e0bf-ab1e-413f-a2ab-1396b158d2a2,https://www.data.gov.in/resource/district-wise-details-funds-utilized-state-telangana-under-central-component-pmkvy-pradhan,https://api.data.gov.in/resource/b3b4e0bf-ab1e-413f-a2ab-1396b158d2a2?api-key=YOUR_KEY&format=csv&limit=1000
PMKVY,"State/UTs-wise Number of Persons Trained, Certified and Placed under Pradhan Mantri Kaushal Vikas Yojana (PMKVY) (in Reply to Starred Question as on 07-12-2022)",Rajya Sabha,2023-04-03,1,186365a8-6fac-4c52-af1d-2bbc1de9b5ba,https://www.data.gov.in/resource/stateuts-wise-number-persons-trained-certified-and-placed-under-pradhan-mantri-kaushal,https://api.data.gov.in/resource/186365a8-6fac-4c52-af1d-2bbc1de9b5ba?api-key=YOUR_KEY&format=csv&limit=1000
PMKVY,State/UTs-wise Details of the Number of Candidates Trained/ Oriented in Life Sciences sector including Pharmaceutical under PMKVY (Pradhan Mantri Kaushal Vikas Yojana) from 2019-20 to 2021-22,Rajya Sabha,2023-04-03,1,8e1c9cda-a55e-4dda-9838-8c4ca36b63a2,https://www.data.gov.in/resource/stateuts-wise-details-number-candidates-trained-oriented-life-sciences-sector-including,https://api.data.gov.in/resource/8e1c9cda-a55e-4dda-9838-8c4ca36b63a2?api-key=YOUR_KEY&format=csv&limit=1000
PMKVY,District-wise Details of the Number of Candidates Trained/ Oriented in Life Sciences sector including Pharmaceutical under PMKVY (Pradhan Mantri Kaushal Vikas Yojana) in the State of Telangana during 2019-22,Rajya Sabha,2023-04-03,1,dafa9cb8-68e6-4c90-9293-a6c6347b653f,https://www.data.gov.in/resource/district-wise-details-number-candidates-trained-oriented-life-sciences-sector-including,https://api.data.gov.in/resource/dafa9cb8-68e6-4c90-9293-a6c6347b653f?api-key=YOUR_KEY&format=csv&limit=1000
PMKVY,District-wise Details of the Number of Established PMKKs (Pradhan Mantri Kaushal Kendras) and Candidates Trained/ Oriented under PMKVY  (Pradhan Mantri Kaushal Vikas Yojana) in the State of Rajasthan during 2019-22,Rajya Sabha,2023-04-03,1,c327bd5b-5f8b-4e01-9468-fc5ae0de13ac,https://www.data.gov.in/resource/district-wise-details-number-established-pmkks-pradhan-mantri-kaushal-kendras-and,https://api.data.gov.in/resource/c327bd5b-5f8b-4e01-9468-fc5ae0de13ac?api-key=YOUR_KEY&format=csv&limit=1000
PMKVY,"Category-wise Details of the Candidates Trained in Information Technology and IT-ITeS Sector including basic Computer Education Job roles across the Country and State of Bihar under PMKVY 3.0 (in Reply to Unstarred Question on 07 December, 2022)",Rajya Sabha,2023-04-03,1,5ae5974d-ae8e-4106-a7ae-d6117abec02d,https://www.data.gov.in/resource/category-wise-details-candidates-trained-information-technology-and-it-ites-sector,https://api.data.gov.in/resource/5ae5974d-ae8e-4106-a7ae-d6117abec02d?api-key=YOUR_KEY&format=csv&limit=1000
PMKVY,Year-wise Details of the Number of Candidates in Tamil Nadu who were provided Skill Development Training under PMKVY (Pradhan Mantri Kaushal Vikas Yojana) 2019-20 to 2022-23,Rajya Sabha,2023-02-21,1,0bf360fe-6dff-415c-a475-117d5b3a843d,https://www.data.gov.in/resource/year-wise-details-number-candidates-tamil-nadu-who-were-provided-skill-development,https://api.data.gov.in/resource/0bf360fe-6dff-415c-a475-117d5b3a843d?api-key=YOUR_KEY&format=csv&limit=1000
PMKVY,Year-wise Details of the Candidates Trained under PMKVY (Pradhan Mantri Kaushal Vikas Yojana) from 2019-20 to 2022-23,Rajya Sabha,2023-02-21,1,87f5af8d-ea5a-41f6-8b7c-67c9d3bcf597,https://www.data.gov.in/resource/year-wise-details-candidates-trained-under-pmkvy-pradhan-mantri-kaushal-vikas-yojana-2019,https://api.data.gov.in/resource/87f5af8d-ea5a-41f6-8b7c-67c9d3bcf597?api-key=YOUR_KEY&format=csv&limit=1000
PMKVY,Gender-wise Details of the Percentage of Candidates placed under PMKVY (Pradhan Mantri Kaushal Vikas Yojana) in the State of Tamil Nadu from 2019-20 to 2022-23,Rajya Sabha,2023-02-21,1,cf3f5dab-6fe5-425b-96e3-76bbddba3549,https://www.data.gov.in/resource/gender-wise-details-percentage-candidates-placed-under-pmkvy-pradhan-mantri-kaushal-vikas,https://api.data.gov.in/resource/cf3f5dab-6fe5-425b-96e3-76bbddba3549?api-key=YOUR_KEY&format=csv&limit=1000
PMKVY,"District-wise Number of Skill Development Centres Pradhan Mantri Kaushal Vikas Yojana (PMKVY) and Jan Shikshan Sansthan (JSS) in the State of Andhra Pradesh (in reply to Unstarred Question on 3 August, 2022)",Rajya Sabha,2023-01-10,1,b01c6f9d-4dfc-4bb7-9b40-28edaaabef53,https://www.data.gov.in/resource/district-wise-number-skill-development-centres-pradhan-mantri-kaushal-vikas-yojana-pmkvy,https://api.data.gov.in/resource/b01c6f9d-4dfc-4bb7-9b40-28edaaabef53?api-key=YOUR_KEY&format=csv&limit=1000
PMKVY,State/UTs-wise Candidates Enrolled and Placement under Pradhan Mantri Kaushal Vikas Yojana (PMKVY) (PMKVY 2.0 & PMKVY 3.0) during June 2022,Rajya Sabha,2023-01-10,1,540faf36-e288-47a3-8a78-ab93497473cc,https://www.data.gov.in/resource/stateuts-wise-candidates-enrolled-and-placement-under-pradhan-mantri-kaushal-vikas-yojana,https://api.data.gov.in/resource/540faf36-e288-47a3-8a78-ab93497473cc?api-key=YOUR_KEY&format=csv&limit=1000
PMKVY,Scheme-wise Placement Percentage Attained across the Country under Pradhan Mantri Kaushal Vikas Yojana (PMKVY) (PMKVY 2.0 & PMKVY 3.0 PAN India update as per SIP Reports during June 2022,Rajya Sabha,2023-01-10,1,d1b0c481-2a43-45c8-94a4-355396f47808,https://www.data.gov.in/resource/scheme-wise-placement-percentage-attained-across-country-under-pradhan-mantri-kaushal,https://api.data.gov.in/resource/d1b0c481-2a43-45c8-94a4-355396f47808?api-key=YOUR_KEY&format=csv&limit=1000
PMKVY,State/UTs-wise Number of Students Placed under Pradhan Mantri Kaushal Vikas Yojana (PMKVY) as on 30.06.2022,Rajya Sabha,2023-01-10,1,ad9f8ad2-a6a3-48c8-a92a-8979008ba9d5,https://www.data.gov.in/resource/stateuts-wise-number-students-placed-under-pradhan-mantri-kaushal-vikas-yojana-pmkvy,https://api.data.gov.in/resource/ad9f8ad2-a6a3-48c8-a92a-8979008ba9d5?api-key=YOUR_KEY&format=csv&limit=1000
PMKVY,State/UTs-wise Fund Allocation under Pradhan Mantri Kaushal Vikas Yojana (PMKVY) form 2018-19 to 2021-22,Rajya Sabha,2023-01-10,1,c8abbd3c-ed92-42b5-9400-41e4a0f2e01c,https://www.data.gov.in/resource/stateuts-wise-fund-allocation-under-pradhan-mantri-kaushal-vikas-yojana-pmkvy-form-2018-19,https://api.data.gov.in/resource/c8abbd3c-ed92-42b5-9400-41e4a0f2e01c?api-key=YOUR_KEY&format=csv&limit=1000
PMKVY,District-wise Beneficiaries under Pradhan Mantri Kaushal Vikas Yojana (PMKVY) in the State of Punjab form 2018-19 to 2021-22,Rajya Sabha,2023-01-10,1,c163812c-c790-454c-9691-83a691ad59fd,https://www.data.gov.in/resource/district-wise-beneficiaries-under-pradhan-mantri-kaushal-vikas-yojana-pmkvy-state-punjab,https://api.data.gov.in/resource/c163812c-c790-454c-9691-83a691ad59fd?api-key=YOUR_KEY&format=csv&limit=1000
PMKVY,Year-wise Targets and Candidates Benefited under Pradhan Mantri Kaushal Vikas Yojana (PMKVY) 1.0 and 2.0 during 2015-16 and 2016-20,Rajya Sabha,2023-01-10,1,79e07096-7f2c-4401-aaa5-b72979e79d93,https://www.data.gov.in/resource/year-wise-targets-and-candidates-benefited-under-pradhan-mantri-kaushal-vikas-yojana-pmkvy,https://api.data.gov.in/resource/79e07096-7f2c-4401-aaa5-b72979e79d93?api-key=YOUR_KEY&format=csv&limit=1000
PMKVY,"State/UTs-wise Funds Allocated, Disbursed and Utilized under State Component of Pradhan Mantri Kaushal Vikas Yojana (PMKVY) (2.0 and 3.0) as on 30.06.2022",Rajya Sabha,2023-01-10,1,1b2a3505-e239-4ae2-83d7-e454c091b958,https://www.data.gov.in/resource/stateuts-wise-funds-allocated-disbursed-and-utilized-under-state-component-pradhan-mantri,https://api.data.gov.in/resource/1b2a3505-e239-4ae2-83d7-e454c091b958?api-key=YOUR_KEY&format=csv&limit=1000
PMKVY,"State/UTs-wise Pradhan Mantri Kaushal Vikas Yojana (PMKVY) 1,2 & 3 TCs Pradhan Mantri Kaushal Kendra (PMKK) as per Summer Internship Project (SIP) Reports during 30 June 2022",Rajya Sabha,2023-01-10,1,89923260-9f5c-46c0-9ee5-8bbdc22ad364,https://www.data.gov.in/resource/stateuts-wise-pradhan-mantri-kaushal-vikas-yojana-pmkvy-12-3-tcs-pradhan-mantri-kaushal,https://api.data.gov.in/resource/89923260-9f5c-46c0-9ee5-8bbdc22ad364?api-key=YOUR_KEY&format=csv&limit=1000
PMKVY,"State/UTs-wise Number of Candidate Trained, Certified and placed under Pradhan Mantri Kaushal Vikas Yojana-Short Term Training (PMKVY-STT) during 2015",Rajya Sabha,2022-12-13,1,a06163be-5b1a-4eca-a8ce-cf067d457d33,https://www.data.gov.in/resource/stateuts-wise-number-candidate-trained-certified-and-placed-under-pradhan-mantri-kaushal,https://api.data.gov.in/resource/a06163be-5b1a-4eca-a8ce-cf067d457d33?api-key=YOUR_KEY&format=csv&limit=1000
PMKVY,Category-wise Number of Person Trained and Placed Pradhan Mantri Kaushal Vikas Yojana (PMKVY) Short Term Training Securities Transaction Tax (STT) from 2018-19 to 2020-21,Rajya Sabha,2022-12-13,1,b9a77596-fc83-41b0-8132-195dc8944a98,https://www.data.gov.in/resource/category-wise-number-person-trained-and-placed-pradhan-mantri-kaushal-vikas-yojana-pmkvy,https://api.data.gov.in/resource/b9a77596-fc83-41b0-8132-195dc8944a98?api-key=YOUR_KEY&format=csv&limit=1000
PMKVY,District-wise Number of Youth that have been Provided Training/Orientation update of Maharashtra under Pradhan Mantri Kaushal Vikas Yojana (PMKVY) from 2016-17 to 2020-21,Rajya Sabha,2022-12-13,1,918274da-bc86-4dd6-a7f3-fd2d36c744b1,https://www.data.gov.in/resource/district-wise-number-youth-have-been-provided-trainingorientation-update-maharashtra-under,https://api.data.gov.in/resource/918274da-bc86-4dd6-a7f3-fd2d36c744b1?api-key=YOUR_KEY&format=csv&limit=1000
PMKVY,"State/UTs-wise Pradhan Mantri Kaushal Vikas Yojana (PMKVY) 1.0, PMKVY 2.0 and PMKVY 3.0 Training Centre update as per Skill India Portal (SIP) Report as on 31 December 2021",Rajya Sabha,2022-12-13,1,7ea69c5a-5d65-4228-b0b0-9fe71b40eeec,https://www.data.gov.in/resource/stateuts-wise-pradhan-mantri-kaushal-vikas-yojana-pmkvy-10-pmkvy-20-and-pmkvy-30-training,https://api.data.gov.in/resource/7ea69c5a-5d65-4228-b0b0-9fe71b40eeec?api-key=YOUR_KEY&format=csv&limit=1000
PMKVY,Scheme-wise Pradhan Mantri Kaushal Vikas Yojana (PMKVY) update as per Skill India Portal (SIP) Reports as on 31.12.021,Rajya Sabha,2022-12-13,1,a39a1f40-35fa-4970-855f-9d970cf18aff,https://www.data.gov.in/resource/scheme-wise-pradhan-mantri-kaushal-vikas-yojana-pmkvy-update-skill-india-portal-sip,https://api.data.gov.in/resource/a39a1f40-35fa-4970-855f-9d970cf18aff?api-key=YOUR_KEY&format=csv&limit=1000
PMKVY,"State/UTs-wise Placement Percentage PMKVY 2.0 + PMKVY 3.0 (Pradhan Mantri Kaushal Vikas Yojana PMKVY) (in reply to Unstarred Question on 2 February, 2022)",Rajya Sabha,2022-12-13,1,1b0d825f-0448-415e-8033-2279b9da4a49,https://www.data.gov.in/resource/stateuts-wise-placement-percentage-pmkvy-20-pmkvy-30-pradhan-mantri-kaushal-vikas-yojana,https://api.data.gov.in/resource/1b0d825f-0448-415e-8033-2279b9da4a49?api-key=YOUR_KEY&format=csv&limit=1000
PMKVY,"Scheme-wise Pradhan Mantri Kaushal Vikas Yojana PMKVY 2.0 + PMKVY 3.0 (in reply to Unstarred Question on 2 February, 2022)",Rajya Sabha,2022-12-13,1,15be357f-14d5-449e-abd5-85da7cc49e02,https://www.data.gov.in/resource/scheme-wise-pradhan-mantri-kaushal-vikas-yojana-pmkvy-20-pmkvy-30-reply-unstarred-question,https://api.data.gov.in/resource/15be357f-14d5-449e-abd5-85da7cc49e02?api-key=YOUR_KEY&format=csv&limit=1000
PMKVY,State-wise Candidate under Pradhan Mantri Kaushal Vikas Yojana (PMKVY) from 2018 to 2019,Rajya Sabha,2022-12-13,1,429cfcf2-d303-42dc-839f-d6796937fc89,https://www.data.gov.in/resource/state-wise-candidate-under-pradhan-mantri-kaushal-vikas-yojana-pmkvy-2018-2019,https://api.data.gov.in/resource/429cfcf2-d303-42dc-839f-d6796937fc89?api-key=YOUR_KEY&format=csv&limit=1000
PMKVY,State/UTs-wise Trained Candidate under Pradhan Mantri Kaushal Vikas Yojana (PMKVY) from 2015-16 to 2021-22,Rajya Sabha,2022-12-13,1,20f1a2cb-eddf-47a7-942c-ef94ccd550be,https://www.data.gov.in/resource/stateuts-wise-trained-candidate-under-pradhan-mantri-kaushal-vikas-yojana-pmkvy-2015-16,https://api.data.gov.in/resource/20f1a2cb-eddf-47a7-942c-ef94ccd550be?api-key=YOUR_KEY&format=csv&limit=1000
PMKVY,State/UTs-wise Fund Released under Pradhan Mantri Kaushal Vikas Yojana (PMKVY) from 2016-17 to 2020-21,Rajya Sabha,2022-12-13,1,2899490b-255c-475d-940f-edd14d10d065,https://www.data.gov.in/resource/stateuts-wise-fund-released-under-pradhan-mantri-kaushal-vikas-yojana-pmkvy-2016-17-2020,https://api.data.gov.in/resource/2899490b-255c-475d-940f-edd14d10d065?api-key=YOUR_KEY&format=csv&limit=1000
PMKVY,"Phase-wise Target and Candidate Benefited under Pradhan Mantri Kaushal Vikas Yojana (PMKVY) since inception, as on 31.12.2021",Rajya Sabha,2022-12-13,1,4c3b3163-8970-47a4-8546-35b16cdc7cb6,https://www.data.gov.in/resource/phase-wise-target-and-candidate-benefited-under-pradhan-mantri-kaushal-vikas-yojana-pmkvy,https://api.data.gov.in/resource/4c3b3163-8970-47a4-8546-35b16cdc7cb6?api-key=YOUR_KEY&format=csv&limit=1000
PMKVY,"State/UTs-wise Fund Allocated, Disbursed and Utilized by the under State Component of Pradhan Mantri Kaushal Vikas Yojana (PMKVY) (2.0 and 3.0) as on 31.12.2021",Rajya Sabha,2022-12-13,1,1a127c09-cbf6-4f77-9db7-c80ca2d43506,https://www.data.gov.in/resource/stateuts-wise-fund-allocated-disbursed-and-utilized-under-state-component-pradhan-mantri,https://api.data.gov.in/resource/1a127c09-cbf6-4f77-9db7-c80ca2d43506?api-key=YOUR_KEY&format=csv&limit=1000
PMKVY,"State/Ut-wise PMKVY overall (PMKVY 1.0, 2.0 and 3.0) training status under Short Term Training (including special projects) as on 30.06.2022",Rajya Sabha,2022-12-05,1,6b6c4e2a-0506-4af4-8e15-3364e95831fa,https://www.data.gov.in/resource/stateut-wise-pmkvy-overall-pmkvy-10-20-and-30-training-status-under-short-term-training,https://api.data.gov.in/resource/6b6c4e2a-0506-4af4-8e15-3364e95831fa?api-key=YOUR_KEY&format=csv&limit=1000
PMKVY,State-wise funds allocated and disbursed to the States/UTs under State component of PMKVY (2.0 and 3.0) as on 30.06.2022,Rajya Sabha,2022-12-05,1,a5b97c6b-97eb-45a3-88c0-7dde1f5e06fd,https://www.data.gov.in/resource/state-wise-funds-allocated-and-disbursed-statesuts-under-state-component-pmkvy-20-and-30,https://api.data.gov.in/resource/a5b97c6b-97eb-45a3-88c0-7dde1f5e06fd?api-key=YOUR_KEY&format=csv&limit=1000
PMKVY,Sector-wise Number of Transgenders Place in Pradhan Mantri Kaushal Vikas Yojana- Short Term Training (PMKVY-STT) from 2015 to 31.12.2021,Rajya Sabha,2022-09-20,1,86016112-36fe-493f-81bb-7376ca8b82c3,https://www.data.gov.in/resource/sector-wise-number-transgenders-place-pradhan-mantri-kaushal-vikas-yojana-short-term,https://api.data.gov.in/resource/86016112-36fe-493f-81bb-7376ca8b82c3?api-key=YOUR_KEY&format=csv&limit=1000
PMKVY,"State/UTs-wise Transgenders Trained, Certified and Placed in short term training (STT) and Oriented and Certified in RPL under Pradhan Mantri Kaushal Vikas Yojana (PMKVY) from 2015 to 31.12.2021",Rajya Sabha,2022-09-20,1,9113e9ca-0270-4d05-bb49-b32180c6775e,https://www.data.gov.in/resource/stateuts-wise-transgenders-trained-certified-and-placed-short-term-training-stt-and,https://api.data.gov.in/resource/9113e9ca-0270-4d05-bb49-b32180c6775e?api-key=YOUR_KEY&format=csv&limit=1000
PMKVY,State-wise Number of Street Food Vendors benefitted under the Pradhan Mantri Kaushal Vikas Yojana (PMKVY) as on 31.12.2021,Rajya Sabha,2022-09-20,1,a8991b22-25c4-47e6-b8a8-aa5a1e963579,https://www.data.gov.in/resource/state-wise-number-street-food-vendors-benefitted-under-pradhan-mantri-kaushal-vikas-yojana,https://api.data.gov.in/resource/a8991b22-25c4-47e6-b8a8-aa5a1e963579?api-key=YOUR_KEY&format=csv&limit=1000
PMKVY,District-wise Pradhan Mantri Kaushal Vikas Yojana (PMKVY 2.0 & PMKVY 3.0 ) of Karnataka as per SIP Reports as on 31-Dec-21,Rajya Sabha,2022-09-09,1,f23d4da3-3899-4a5d-9870-b5e1c9fbf422,https://www.data.gov.in/resource/district-wise-pradhan-mantri-kaushal-vikas-yojana-pmkvy-20-pmkvy-30-karnataka-sip-reports,https://api.data.gov.in/resource/f23d4da3-3899-4a5d-9870-b5e1c9fbf422?api-key=YOUR_KEY&format=csv&limit=1000
PMKVY,District-wise Pradhan Mantri Kaushal Vikas Yojana PMKVY 2.0 & PMKVY 3.0 update of IT-ITeS Sector in Uttar Pradesh as per Systematic Investment Plan (SIP) Reports as on 31-Dec-21,Rajya Sabha,2022-09-09,1,7fc91be4-dba7-49f4-bc61-382159db8934,https://www.data.gov.in/resource/district-wise-pradhan-mantri-kaushal-vikas-yojana-pmkvy-20-pmkvy-30-update-it-ites-sector,https://api.data.gov.in/resource/7fc91be4-dba7-49f4-bc61-382159db8934?api-key=YOUR_KEY&format=csv&limit=1000
PMKVY,Sector-wise Candidates Trained in Rural Sectors under PMKVY 2.0 and 3.0 Schemes as on 31.12.2021,Rajya Sabha,2022-09-09,1,17e26170-d139-4a47-9d78-457ebc83bbfc,https://www.data.gov.in/resource/sector-wise-candidates-trained-rural-sectors-under-pmkvy-20-and-30-schemes-31122021,https://api.data.gov.in/resource/17e26170-d139-4a47-9d78-457ebc83bbfc?api-key=YOUR_KEY&format=csv&limit=1000
PMKVY,State/UT-wise and Year-wise Candidates Trained under PMKVY from 2018-19 to 2020-21,Rajya Sabha,2022-09-09,1,2c838494-6d7b-4b2e-b123-e6c9cc5a0dec,https://www.data.gov.in/resource/stateut-wise-and-year-wise-candidates-trained-under-pmkvy-2018-19-2020-21,https://api.data.gov.in/resource/2c838494-6d7b-4b2e-b123-e6c9cc5a0dec?api-key=YOUR_KEY&format=csv&limit=1000
PMKVY,State/UTs-wise Trained Candidates under Pradhan Mantri Kaushal Vikas Yojana (PMKVY) from 2016-17 to 2020-21,Rajya Sabha,2022-09-09,1,c7df8408-6c9d-4a76-89e4-cc3f3009364d,https://www.data.gov.in/resource/stateuts-wise-trained-candidates-under-pradhan-mantri-kaushal-vikas-yojana-pmkvy-2016-17,https://api.data.gov.in/resource/c7df8408-6c9d-4a76-89e4-cc3f3009364d?api-key=YOUR_KEY&format=csv&limit=1000
PMKVY,Sector-wise and Job Role-wise Candidates Trained and Placed in Rural Sectors under PMKVY 2.0 and 3.0 Schemes as on 31.12.2021,Rajya Sabha,2022-09-09,1,462005c7-7b04-436f-a7db-219c48498c48,https://www.data.gov.in/resource/sector-wise-and-job-role-wise-candidates-trained-and-placed-rural-sectors-under-pmkvy-20,https://api.data.gov.in/resource/462005c7-7b04-436f-a7db-219c48498c48?api-key=YOUR_KEY&format=csv&limit=1000
PMKVY,District-wise Number of Trained Persons in PMKVY who have got Employment in Uttar Pradesh and Andhra Pradesh since Inception till 31.12.2021,Rajya Sabha,2022-09-09,1,ad6aa0a1-8fc7-4c65-9b52-881b56892ece,https://www.data.gov.in/resource/district-wise-number-trained-persons-pmkvy-who-have-got-employment-uttar-pradesh-and,https://api.data.gov.in/resource/ad6aa0a1-8fc7-4c65-9b52-881b56892ece?api-key=YOUR_KEY&format=csv&limit=1000
PMKVY,Year-wise Candidates Certified and Placed under Pradhan Mantri Kaushal Vikas Yojana-Short Term Training (PMKVY-STT) as on 31.12.2021,Rajya Sabha,2022-09-08,1,236287ed-3d5c-4760-998f-38e347280fe5,https://www.data.gov.in/resource/year-wise-candidates-certified-and-placed-under-pradhan-mantri-kaushal-vikas-yojana-short,https://api.data.gov.in/resource/236287ed-3d5c-4760-998f-38e347280fe5?api-key=YOUR_KEY&format=csv&limit=1000
PMKVY,State/UTs-wise Candidates Trained in Short Term Training (STT) and Oriented in Recognition of Prior Learning (RPL) under Pradhan Mantri Kaushal Vikas Yojana (PMKVY) Since Inception as on 31-12-2021,Rajya Sabha,2022-09-08,1,aaaecb38-957c-413f-9e2c-8648224ba59f,https://www.data.gov.in/resource/stateuts-wise-candidates-trained-short-term-training-stt-and-oriented-recognition-prior,https://api.data.gov.in/resource/aaaecb38-957c-413f-9e2c-8648224ba59f?api-key=YOUR_KEY&format=csv&limit=1000
PMKVY,"State/UTs-wise Funds Disbursement Status under the Pradhan Mantri Kaushal Vikas Yojana (PMKVY) Scheme (in reply to Unstarred Question on 23 March, 2022)",Rajya Sabha,2022-09-08,1,d70d8858-08d3-4f94-a979-b253abe93e56,https://www.data.gov.in/resource/stateuts-wise-funds-disbursement-status-under-pradhan-mantri-kaushal-vikas-yojana-pmkvy,https://api.data.gov.in/resource/d70d8858-08d3-4f94-a979-b253abe93e56?api-key=YOUR_KEY&format=csv&limit=1000
PMKVY,District-wise Number of Self-Employed Candidates in the State of Chhattisgarh under PMKVY as on 21.11.2021,Rajya Sabha,2022-07-14,1,81d34dd4-83c0-4325-b471-afc6fd526ade,https://www.data.gov.in/resource/district-wise-number-self-employed-candidates-state-chhattisgarh-under-pmkvy-21112021,https://api.data.gov.in/resource/81d34dd4-83c0-4325-b471-afc6fd526ade?api-key=YOUR_KEY&format=csv&limit=1000
PMKVY,State/UT-wise and Gender-wise Candidates Trained and Placed under PMKVY 2.0 and 3.0 Schemes as on 21.11.2021,Rajya Sabha,2022-07-14,1,e69f2695-3511-40a4-8f2d-7f5c88a99ee1,https://www.data.gov.in/resource/stateut-wise-and-gender-wise-candidates-trained-and-placed-under-pmkvy-20-and-30-schemes,https://api.data.gov.in/resource/e69f2695-3511-40a4-8f2d-7f5c88a99ee1?api-key=YOUR_KEY&format=csv&limit=1000
PMKVY,"State/UT-wise Funds Allocated, Disbursed and Utilized by the State under CSSM Component of PMKVY (2.0 and 3.0) as on 21.11.2021",Rajya Sabha,2022-07-14,1,edfb71f2-a2ae-47a1-8d71-1e6230ce139d,https://www.data.gov.in/resource/stateut-wise-funds-allocated-disbursed-and-utilized-state-under-cssm-component-pmkvy-20,https://api.data.gov.in/resource/edfb71f2-a2ae-47a1-8d71-1e6230ce139d?api-key=YOUR_KEY&format=csv&limit=1000
PMKVY,State/UTs-wise Funds Approved and Disbursed under Centrally Sponsored State Managed (CSSM) Component of Pradhan Mantri Kaushal Vikas Yojana (PMKVY) 2.0 from 2016 to 2020,Rajya Sabha,2022-07-14,1,9c63e4cd-d146-46e0-96a5-133fe9cb4187,https://www.data.gov.in/resource/stateuts-wise-funds-approved-and-disbursed-under-centrally-sponsored-state-managed-cssm,https://api.data.gov.in/resource/9c63e4cd-d146-46e0-96a5-133fe9cb4187?api-key=YOUR_KEY&format=csv&limit=1000
PMKVY,"State/UTs-wise Allocation of Funds under Centrally Sponsored State Managed (CSSM) - Pradhan Mantri Kaushal Vikas Yojana (PMKVY) 3.0 (in reply to Unstarred Question on 15 December, 2021)",Rajya Sabha,2022-07-14,1,93a37909-3ce1-461a-ab1c-e5b51d134776,https://www.data.gov.in/resource/stateuts-wise-allocation-funds-under-centrally-sponsored-state-managed-cssm-pradhan-mantri,https://api.data.gov.in/resource/93a37909-3ce1-461a-ab1c-e5b51d134776?api-key=YOUR_KEY&format=csv&limit=1000
PMKVY,"State/UTs-wise Candidates Placed under Short Term Training -Pradhan Mantri Kaushal Vikas Yojana (PMKVY-STT) since 2017 including State of Andhra Pradesh, as on 21.11.2021",Rajya Sabha,2022-07-08,1,9bc9d190-ecee-455d-98a3-003fbebc17a2,https://www.data.gov.in/resource/stateuts-wise-candidates-placed-under-short-term-training-pradhan-mantri-kaushal-vikas,https://api.data.gov.in/resource/9bc9d190-ecee-455d-98a3-003fbebc17a2?api-key=YOUR_KEY&format=csv&limit=1000
PMKVY,"State/UTs-wise Candidates Trained, Certified under Short Term Training (STT) and Candidates Oriented and Certified under Recognition of Prior Learning (RPL) under PMKVY, as on 21.11.2021",Rajya Sabha,2022-07-08,1,3b4faf12-44c2-4a04-a37b-60e056eddbc4,https://www.data.gov.in/resource/stateuts-wise-candidates-trained-certified-under-short-term-training-stt-and-candidates,https://api.data.gov.in/resource/3b4faf12-44c2-4a04-a37b-60e056eddbc4?api-key=YOUR_KEY&format=csv&limit=1000
PMKVY,State/UTs-wise Funds Released under Pradhan Mantri Kaushal Vikas Yojana (PMKVY) during 2020-21,Rajya Sabha,2022-07-08,1,3909fd5d-a0eb-4f95-8e3e-5d9b27faa7d9,https://www.data.gov.in/resource/stateuts-wise-funds-released-under-pradhan-mantri-kaushal-vikas-yojana-pmkvy-during-2020,https://api.data.gov.in/resource/3909fd5d-a0eb-4f95-8e3e-5d9b27faa7d9?api-key=YOUR_KEY&format=csv&limit=1000
PMKVY,"State/UT-wise Number of Candidates Trained, Certified and Placed under PMKVY-STT as on 21.11.2021",Rajya Sabha,2022-07-08,1,10274861-27df-4f57-8012-dc9ca56d5067,https://www.data.gov.in/resource/stateut-wise-number-candidates-trained-certified-and-placed-under-pmkvy-stt-21112021,https://api.data.gov.in/resource/10274861-27df-4f57-8012-dc9ca56d5067?api-key=YOUR_KEY&format=csv&limit=1000
PMKVY,"Component-wise Candidates Trained, Certified, Placed Self-employed and Wage-employed under PMKVY as on 21.11.2021",Rajya Sabha,2022-07-08,0,012bc8ab-8252-499a-bddc-8b0d0bafdd82,https://www.data.gov.in/resource/component-wise-candidates-trained-certified-placed-self-employed-and-wage-employed-under-0,https://api.data.gov.in/resource/012bc8ab-8252-499a-bddc-8b0d0bafdd82?api-key=YOUR_KEY&format=csv&limit=1000
PMKVY,State-wise Funds Released to Aforementioned States under PMKVY Centrally Sponsored State Managed (CSSM) Component from 2018-19 to 2020-21,Rajya Sabha,2022-07-08,1,5b35d9c5-16bc-404b-83d2-3cb9d037596d,https://www.data.gov.in/resource/state-wise-funds-released-aforementioned-states-under-pmkvy-centrally-sponsored-state,https://api.data.gov.in/resource/5b35d9c5-16bc-404b-83d2-3cb9d037596d?api-key=YOUR_KEY&format=csv&limit=1000
PMKVY,State/UTs-wise SC and ST Candidates Enrolled under Pradhan Mantri Kaushal Vikas Yojana (PMKVY) from 2016-17 to 2020-21,Rajya Sabha,2022-07-08,1,ab6d8f8e-8268-4aff-a031-5a8577787ca6,https://www.data.gov.in/resource/stateuts-wise-sc-and-st-candidates-enrolled-under-pradhan-mantri-kaushal-vikas-yojana,https://api.data.gov.in/resource/ab6d8f8e-8268-4aff-a031-5a8577787ca6?api-key=YOUR_KEY&format=csv&limit=1000
PMKVY,State/UTs-wise SC and ST Candidates Placed under Pradhan Mantri Kaushal Vikas Yojana (PMKVY) from 2016-17 to 2020-21,Rajya Sabha,2022-07-08,1,154508e7-1517-450d-81c3-5b9ee9a80f8c,https://www.data.gov.in/resource/stateuts-wise-sc-and-st-candidates-placed-under-pradhan-mantri-kaushal-vikas-yojana-pmkvy,https://api.data.gov.in/resource/154508e7-1517-450d-81c3-5b9ee9a80f8c?api-key=YOUR_KEY&format=csv&limit=1000
PMKVY,State-wise Funds Released and Fund Utilized by Aforementioned states under Centrally Sponsored Centrally Managed (CSCM) Component of PMKVY from 2018-19 to 2020-21,Rajya Sabha,2022-07-08,1,408cd311-0c20-429a-9a46-e641acdc14a8,https://www.data.gov.in/resource/state-wise-funds-released-and-fund-utilized-aforementioned-states-under-centrally,https://api.data.gov.in/resource/408cd311-0c20-429a-9a46-e641acdc14a8?api-key=YOUR_KEY&format=csv&limit=1000
PMKVY,Phase-wise Targets and Candidates Benefitted under PMKVY since Inception as on 21.11.2021,Rajya Sabha,2022-06-30,1,663edb3c-7bca-48b8-94c4-b8737829cc9e,https://www.data.gov.in/resource/phase-wise-targets-and-candidates-benefitted-under-pmkvy-inception-21112021,https://api.data.gov.in/resource/663edb3c-7bca-48b8-94c4-b8737829cc9e?api-key=YOUR_KEY&format=csv&limit=1000
PMKVY,"State/UT-wise number of candidates placed under PMKVY-STT (in reply to Starred Question on 20 December, 2021)",Rajya Sabha,2022-06-30,1,cf8e069c-99f7-4f98-bab9-280ad93f0745,https://www.data.gov.in/resource/stateut-wise-number-candidates-placed-under-pmkvy-stt-reply-starred-question-20-december,https://api.data.gov.in/resource/cf8e069c-99f7-4f98-bab9-280ad93f0745?api-key=YOUR_KEY&format=csv&limit=1000
PMKVY,Year-wise and Gender-wise Candidates Trained and Placed under PMKVY 2.0 and 3.0 Schemes from 2016-17 to 2021-22,Rajya Sabha,2022-06-27,1,6e563a95-0fb4-4e05-923e-755da7c89aa4,https://www.data.gov.in/resource/year-wise-and-gender-wise-candidates-trained-and-placed-under-pmkvy-20-and-30-schemes-2016,https://api.data.gov.in/resource/6e563a95-0fb4-4e05-923e-755da7c89aa4?api-key=YOUR_KEY&format=csv&limit=1000
PMKVY,State/UT-wise Numbers of Empanelled Training Centres under PMKVY 2.0 from 2016-20,Rajya Sabha,2022-03-30,1,28b5717d-fa22-4c58-8127-b9db1a8375b2,https://www.data.gov.in/resource/stateut-wise-numbers-empanelled-training-centres-under-pmkvy-20-2016-20,https://api.data.gov.in/resource/28b5717d-fa22-4c58-8127-b9db1a8375b2?api-key=YOUR_KEY&format=csv&limit=1000
PMKVY,State/UT-wise Funds Released under CSSM Component of PMKVY 2.0 and PMKVY 3.0 from 2018-19 to 2021-22,Rajya Sabha,2022-03-30,1,e59aca64-26c1-4f71-aa8a-1c4c473431b2,https://www.data.gov.in/resource/stateut-wise-funds-released-under-cssm-component-pmkvy-20-and-pmkvy-30-2018-19-2021-22,https://api.data.gov.in/resource/e59aca64-26c1-4f71-aa8a-1c4c473431b2?api-key=YOUR_KEY&format=csv&limit=1000
PMKVY,"State/UT-wiseFunds Allocation and Fund Released under CSSM Component of PMKVY 2.0 and PMKVY 3.0 (in reply to Unstarred Question on 30 July, 2021)",Rajya Sabha,2022-03-30,1,f554abdd-03b4-4b47-b7f0-94b5f59e62d6,https://www.data.gov.in/resource/stateut-wisefunds-allocation-and-fund-released-under-cssm-component-pmkvy-20-and-pmkvy-30,https://api.data.gov.in/resource/f554abdd-03b4-4b47-b7f0-94b5f59e62d6?api-key=YOUR_KEY&format=csv&limit=1000
PMKVY,"State/UT-wise Candidates Enrolled and Trained/Oriented under PMKVY as on 10.07.2021,",Rajya Sabha,2022-03-30,1,4e674a0e-ada8-4b24-a09d-3bafc2b9ac42,https://www.data.gov.in/resource/stateut-wise-candidates-enrolled-and-trainedoriented-under-pmkvy-10072021,https://api.data.gov.in/resource/4e674a0e-ada8-4b24-a09d-3bafc2b9ac42?api-key=YOUR_KEY&format=csv&limit=1000
PMKVY,State/UT-wise Number of Candidates Enrolled under PMKVY since Inception as on 10.07.2021,Rajya Sabha,2022-03-30,1,d0e2da1a-0c8c-480b-802c-1aa8d6206e15,https://www.data.gov.in/resource/stateut-wise-number-candidates-enrolled-under-pmkvy-inception-10072021,https://api.data.gov.in/resource/d0e2da1a-0c8c-480b-802c-1aa8d6206e15?api-key=YOUR_KEY&format=csv&limit=1000
PMKVY,"State/UT-wise Candidates Trained, Certified & Placed under STT and Candidates Oriented under RPL under PMKVY during 2015",Rajya Sabha,2022-03-30,1,3b7699f4-4778-487b-ab02-836562ebd442,https://www.data.gov.in/resource/stateut-wise-candidates-trained-certified-placed-under-stt-and-candidates-oriented-under,https://api.data.gov.in/resource/3b7699f4-4778-487b-ab02-836562ebd442?api-key=YOUR_KEY&format=csv&limit=1000
PMKVY,"Phase-wise Average per Candidate Cost for STT and RPL under PMKVY, as per Approved Guidelines from 2015-16 to 2020-21",Rajya Sabha,2022-03-30,1,1e6f26ae-6215-4ea7-90e4-de05deaa1a82,https://www.data.gov.in/resource/phase-wise-average-candidate-cost-stt-and-rpl-under-pmkvy-approved-guidelines-2015-16-2020,https://api.data.gov.in/resource/1e6f26ae-6215-4ea7-90e4-de05deaa1a82?api-key=YOUR_KEY&format=csv&limit=1000
PMKVY,State/UT-wise and Gender-wise Average Income of Candidates getting Placed under the Placement linked STT Component of PMKVY as on 10.07.2021,Rajya Sabha,2022-03-30,1,87777dbe-e3b6-471b-b149-46e70c29c140,https://www.data.gov.in/resource/stateut-wise-and-gender-wise-average-income-candidates-getting-placed-under-placement,https://api.data.gov.in/resource/87777dbe-e3b6-471b-b149-46e70c29c140?api-key=YOUR_KEY&format=csv&limit=1000
PMKVY,District-wise Empanelled TCs and Candidates Trained under STT Component and Candidates Oriented under RPL Component in the State of Telangana under PMKVY as on 10.07.2021,Rajya Sabha,2022-03-30,1,6a0b14f3-f452-4fdd-9264-2c720f1bf1bd,https://www.data.gov.in/resource/district-wise-empanelled-tcs-and-candidates-trained-under-stt-component-and-candidates,https://api.data.gov.in/resource/6a0b14f3-f452-4fdd-9264-2c720f1bf1bd?api-key=YOUR_KEY&format=csv&limit=1000
PMKVY,"Job Role-wise Conducted and Persons benefitted in Agriculture Sector for the State of Maharashtra Under PMKVY Scheme (in reply to Unstarred Question on 23 July, 2021)",Rajya Sabha,2022-03-30,1,4c260be3-d30b-4150-bf28-97a768557943,https://www.data.gov.in/resource/job-role-wise-conducted-and-persons-benefitted-agriculture-sector-state-maharashtra-under,https://api.data.gov.in/resource/4c260be3-d30b-4150-bf28-97a768557943?api-key=YOUR_KEY&format=csv&limit=1000
PMKVY,"State/UT-wise Training under PMKVY 3.0 2020-21, as on 29.01.2021 (From: Ministry of Skill Development and Entrepreneurship)",Rajya Sabha,2022-03-03,1,350eb2fe-a8a7-44ae-9a0f-c51b7c90767f,https://www.data.gov.in/resource/stateut-wise-training-under-pmkvy-30-2020-21-29012021-ministry-skill-development-and,https://api.data.gov.in/resource/350eb2fe-a8a7-44ae-9a0f-c51b7c90767f?api-key=YOUR_KEY&format=csv&limit=1000
PMKVY,State-wise Number of Candidates Trained/ Oriented under PMKVY 2016-2020 (From: Ministry of Skill Development and Entrepreneurship),Rajya Sabha,2022-03-03,1,504118a0-b965-4615-94ed-da70d9c7a66a,https://www.data.gov.in/resource/state-wise-number-candidates-trained-oriented-under-pmkvy-2016-2020-ministry-skill,https://api.data.gov.in/resource/504118a0-b965-4615-94ed-da70d9c7a66a?api-key=YOUR_KEY&format=csv&limit=1000
PMKVY,"State-wise Number of Candidates Enrolled, Trained, Assessed and Certified under Pradhan Mantri Kaushal Vikas Yojana (PMKVY) 2016-20 (From: Ministry of Skill Development and Entrepreneurship)",Rajya Sabha,2022-03-03,1,6849879b-ce24-4b2c-88b4-d9a4ceecec95,https://www.data.gov.in/resource/state-wise-number-candidates-enrolled-trained-assessed-and-certified-under-pradhan-mantri,https://api.data.gov.in/resource/6849879b-ce24-4b2c-88b4-d9a4ceecec95?api-key=YOUR_KEY&format=csv&limit=1000
PMKVY,"State/UT-wise Women Placed under PMKVY Scheme (in reply to Unstarred Question on 24 March, 2021) (From: Ministry of Labour & Employment)",Rajya Sabha,2022-03-03,1,160839c4-02e9-4926-b16f-81691dc489b2,https://www.data.gov.in/resource/stateut-wise-women-placed-under-pmkvy-scheme-reply-unstarred-question-24-march-2021,https://api.data.gov.in/resource/160839c4-02e9-4926-b16f-81691dc489b2?api-key=YOUR_KEY&format=csv&limit=1000
PMKVY,"District-wise Number of Empanelled Training Centres (TCs) under PMKVY 2.0 in State of Tamil Nadu, as on 19.01.2021 (From: Ministry of Skill Development & Entrepreneurship)",Rajya Sabha,2022-01-27,1,bce2a332-1f99-476c-8dc3-f5e553ed34fe,https://www.data.gov.in/resource/district-wise-number-empanelled-training-centres-tcs-under-pmkvy-20-state-tamil-nadu-0,https://api.data.gov.in/resource/bce2a332-1f99-476c-8dc3-f5e553ed34fe?api-key=YOUR_KEY&format=csv&limit=1000
PMKVY,State/UT-wise Number of Candidates Trained/Oriented under PMKVY during 2020-21 (From: Ministry of Skill Development and Entrepreneurship),Rajya Sabha,2022-01-27,1,133c7271-4a75-4c81-99cd-c0e0b3a89a57,https://www.data.gov.in/resource/stateut-wise-number-candidates-trainedoriented-under-pmkvy-during-2020-21-ministry-skill,https://api.data.gov.in/resource/133c7271-4a75-4c81-99cd-c0e0b3a89a57?api-key=YOUR_KEY&format=csv&limit=1000
PMKVY,"State/UT-wise Number of PwD Candidates Trained/Oriented under PMKVY 2.0, As on 19.01.2021 (From: Ministry of Skill Development and Entrepreneurship)",Rajya Sabha,2022-01-27,1,b337a255-d298-4ba0-a1a6-ad5011dccadf,https://www.data.gov.in/resource/stateut-wise-number-pwd-candidates-trainedoriented-under-pmkvy-20-19012021-ministry-skill,https://api.data.gov.in/resource/b337a255-d298-4ba0-a1a6-ad5011dccadf?api-key=YOUR_KEY&format=csv&limit=1000
PMKVY,"District-wise Number of Candidates Trained/Oriented in the State of Rajasthan under PMKVY 2.0, as on 19.01.2021 (From: Ministry of Skill Development & Entrepreneurship)",Rajya Sabha,2022-01-27,1,16c4fb9b-72ff-482e-9977-3e4d48781373,https://www.data.gov.in/resource/district-wise-number-candidates-trainedoriented-state-rajasthan-under-pmkvy-20-19012021,https://api.data.gov.in/resource/16c4fb9b-72ff-482e-9977-3e4d48781373?api-key=YOUR_KEY&format=csv&limit=1000
PMKVY,State/UT-wise and Year-wise Candidates Trained and Placed under PMKVY from 2015-16 to 2020-21 (From: Ministry of Skill Development and Entrepreneurship),Rajya Sabha,2022-01-27,1,157f8c3a-79e2-4ad1-8d51-ebdb19609e73,https://www.data.gov.in/resource/stateut-wise-and-year-wise-candidates-trained-and-placed-under-pmkvy-2015-16-2020-21,https://api.data.gov.in/resource/157f8c3a-79e2-4ad1-8d51-ebdb19609e73?api-key=YOUR_KEY&format=csv&limit=1000
PMKVY,District-wise Number of Persons Trained/Oriented and Certified under PMKVY 2.0 (2016-20) in State of Uttar Pradesh as on 19.01.2021 (From: Ministry of Skill Development and Entrepreneurship),Rajya Sabha,2022-01-27,1,2ea38d1f-5752-4c59-b025-3d699bb0c95f,https://www.data.gov.in/resource/district-wise-number-persons-trainedoriented-and-certified-under-pmkvy-20-2016-20-state,https://api.data.gov.in/resource/2ea38d1f-5752-4c59-b025-3d699bb0c95f?api-key=YOUR_KEY&format=csv&limit=1000
PMKVY,"State/UT-wise Number of Candidates Trained/Oriented, as on 19.01.2021, under PMKVY 2.0 and Candidates Enrolled, as on 26.02.2021, under PMKVY 3.0 (From: Ministry of Skill Development and Entrepreneurship)",Rajya Sabha,2022-01-27,1,c121d05c-a70a-4f56-b061-f1ed4a6698c2,https://www.data.gov.in/resource/stateut-wise-number-candidates-trainedoriented-19012021-under-pmkvy-20-and-candidates,https://api.data.gov.in/resource/c121d05c-a70a-4f56-b061-f1ed4a6698c2?api-key=YOUR_KEY&format=csv&limit=1000
PMKVY,"District-wise Number of Candidates Trained/Oriented, Certified, reported Placed and Payment Released under PMKVY (CSCM component) in the State of Punjab from 2018-19 to 2020-21 (From: Ministry of Skill Development and Entrepreneurship)",Rajya Sabha,2022-01-27,1,cdc80091-1f0b-43b7-9f26-a3ec6664f1fc,https://www.data.gov.in/resource/district-wise-number-candidates-trainedoriented-certified-reported-placed-and-payment,https://api.data.gov.in/resource/cdc80091-1f0b-43b7-9f26-a3ec6664f1fc?api-key=YOUR_KEY&format=csv&limit=1000
PMKVY,"State/UT-wise Number of Scheduled Castes (SCs) and Scheduled Tribes (STs) Candidates Trained/Oriented under PMKVY 2.0 and JSS (in reply to Unstarred Question on 19 March, 2021) (From: Ministry of Skill Development and Entrepreneurship)",Rajya Sabha,2022-01-27,1,e1d4d1b0-620c-47ca-93db-a27c52024042,https://www.data.gov.in/resource/stateut-wise-number-scheduled-castes-scs-and-scheduled-tribes-sts-candidates,https://api.data.gov.in/resource/e1d4d1b0-620c-47ca-93db-a27c52024042?api-key=YOUR_KEY&format=csv&limit=1000
PMKVY,"Scheme-wise Ministry has Compiled the Data of the People Trained under PMKVY 1.0 and PMKVY 2.0, the Total Amount Spent for this Purpose and How Many of them are Gainfully Employed as on 19.01.2021 (From: Ministry of Rural Development)",Rajya Sabha,2022-01-27,1,81803a07-8df3-494e-a107-00f3963dec54,https://www.data.gov.in/resource/scheme-wise-ministry-has-compiled-data-people-trained-under-pmkvy-10-and-pmkvy-20-total,https://api.data.gov.in/resource/81803a07-8df3-494e-a107-00f3963dec54?api-key=YOUR_KEY&format=csv&limit=1000
PMKVY,District-wise Number of Empanelled Training Centres (TCs) under PMKVY 2.0 in State of Tamil Nadu as on 19.01.2021 (From: Ministry of Skill Development and Entrepreneurship),Rajya Sabha,2022-01-27,1,35e49023-9468-4fc7-bd4c-a4162185a766,https://www.data.gov.in/resource/district-wise-number-empanelled-training-centres-tcs-under-pmkvy-20-state-tamil-nadu,https://api.data.gov.in/resource/35e49023-9468-4fc7-bd4c-a4162185a766?api-key=YOUR_KEY&format=csv&limit=1000
PMKVY,District-wise Number of Training Centres (TCs) and candidates trained under Short Term Training (STT) of Pradhan Mantri Kaushal Vikas Yojana (PMKVY) 2016-20 (From : Ministry of Skill Development and Entrepreneurship),Rajya Sabha,2021-12-11,1,31029585-ceba-4b2f-93e8-0f69a2623cbe,https://www.data.gov.in/resource/district-wise-number-training-centres-tcs-and-candidates-trained-under-short-term-training,https://api.data.gov.in/resource/31029585-ceba-4b2f-93e8-0f69a2623cbe?api-key=YOUR_KEY&format=csv&limit=1000
PMKVY,State/UT-wise Number of Candidates Trained and Placed under Short Term Training (STT) Component of Pradhan Mantri Kaushal Vikas Yojna (PMKVY) from 2016-20 (From : Ministry of Skill Development and Entrepreneurship),Rajya Sabha,2021-12-11,1,8389b885-962b-4179-8457-4821438b7a52,https://www.data.gov.in/resource/stateut-wise-number-candidates-trained-and-placed-under-short-term-training-stt-component,https://api.data.gov.in/resource/8389b885-962b-4179-8457-4821438b7a52?api-key=YOUR_KEY&format=csv&limit=1000
PMKVY,State/UT-wise Number of Persons who got Employment after Completion of Training under Pradhan Mantri Kaushal Vikas Yojana (PMKVY) from 2015-16 to 2017-18 (From : Ministry of Skill Development and Entrepreneurship),Rajya Sabha,2021-12-11,1,56a58df3-46b3-4005-ae4e-933c4539a080,https://www.data.gov.in/resource/stateut-wise-number-persons-who-got-employment-after-completion-training-under-pradhan,https://api.data.gov.in/resource/56a58df3-46b3-4005-ae4e-933c4539a080?api-key=YOUR_KEY&format=csv&limit=1000
PMKVY,"State/UT-wise Details of In-Principle Approved Physical, and Financial Allocation, Funds Disbursed and Number of Training Centers, under CSSM Component of PMKVY 2016-20 As on 17.07.2018 (From : Ministry of Skill Development and Entrepreneurship)",Rajya Sabha,2021-12-11,1,25bf1098-8100-49f0-a73e-0ae39dd21588,https://www.data.gov.in/resource/stateut-wise-details-principle-approved-physical-and-financial-allocation-funds-disbursed,https://api.data.gov.in/resource/25bf1098-8100-49f0-a73e-0ae39dd21588?api-key=YOUR_KEY&format=csv&limit=1000
PMKVY,"Particular-wise Summary of Achievements under Pradhan Mantri Kaushal Vikas Yojna (PMKVY), 2015-16 as on 25.09.2017 (From : Ministry of Skill Development and Entrepreneurship)",Rajya Sabha,2021-12-11,0,7cf53bce-eb33-4833-b9e4-c9cf309d751f,https://www.data.gov.in/resource/particular-wise-summary-achievements-under-pradhan-mantri-kaushal-vikas-yojna-pmkvy-2015,https://api.data.gov.in/resource/7cf53bce-eb33-4833-b9e4-c9cf309d751f?api-key=YOUR_KEY&format=csv&limit=1000
PMKVY,State/UT-wise Number of Persons Trained and Placed under Pradhan Mantri Kaushal Vikas Yojana (PMKVY) from 2015 to 2018 (From : Ministry of Skill Development and Entrepreneurship),Rajya Sabha,2021-12-11,1,5ea5572a-2ebd-4227-a1a2-51a9c425e4e7,https://www.data.gov.in/resource/stateut-wise-number-persons-trained-and-placed-under-pradhan-mantri-kaushal-vikas-yojana,https://api.data.gov.in/resource/5ea5572a-2ebd-4227-a1a2-51a9c425e4e7?api-key=YOUR_KEY&format=csv&limit=1000
PMKVY,State/UT-wise number of operational TCs (STT) and candidates trained under Pradhan Mantri Kaushal Vikas Yojana PMKVY 2016-20 as on 10.07.2018 (From : Ministry of Skill Development and Entrepreneurship),Rajya Sabha,2021-12-11,1,73864937-3d2c-4b26-912a-9162648b89fb,https://www.data.gov.in/resource/stateut-wise-number-operational-tcs-stt-and-candidates-trained-under-pradhan-mantri-0,https://api.data.gov.in/resource/73864937-3d2c-4b26-912a-9162648b89fb?api-key=YOUR_KEY&format=csv&limit=1000
PMKVY,State/UT-wise Number of Operational TCs (STT) and Candidates Trained under Pradhan Mantri Kaushal Vikas Yojana (PMKVY) 2016-20 As on 10.07.2018 (From : Ministry of Skill Development and Entrepreneurship),Rajya Sabha,2021-12-11,1,c944a8da-7575-402f-aaeb-a0d633dd3711,https://www.data.gov.in/resource/stateut-wise-number-operational-tcs-stt-and-candidates-trained-under-pradhan-mantri,https://api.data.gov.in/resource/c944a8da-7575-402f-aaeb-a0d633dd3711?api-key=YOUR_KEY&format=csv&limit=1000
PMKVY,State/UT-wise Number of Persons who Opted Self Employment under Pradhan Mantri Kaushal Vikas Yojana (PMKVY) from 2015-16 to 2017-18 (From : Ministry of Skill Development and Entrepreneurship),Rajya Sabha,2021-12-11,1,686d78e6-4c66-46bc-8025-ec074c29228d,https://www.data.gov.in/resource/stateut-wise-number-persons-who-opted-self-employment-under-pradhan-mantri-kaushal-vikas,https://api.data.gov.in/resource/686d78e6-4c66-46bc-8025-ec074c29228d?api-key=YOUR_KEY&format=csv&limit=1000
PMKVY,"State/UT-wise Details of Candidates enrolled, Trained, Assessed, Certified and Placed under Pradhan Mantri Kaushal Vikas Yojna (PMKVY), 2015-16 as on 25.09.2017 (From : Ministry of Skill Development and Entrepreneurship)",Rajya Sabha,2021-12-11,1,f2fbc341-1030-447d-be60-cce8663727ae,https://www.data.gov.in/resource/stateut-wise-details-candidates-enrolled-trained-assessed-certified-and-placed-under,https://api.data.gov.in/resource/f2fbc341-1030-447d-be60-cce8663727ae?api-key=YOUR_KEY&format=csv&limit=1000
PMKVY,State-wise training under Pradhan Mantri Kaushal Vikas Yojana (PMKVY) from 2015 to 2016(From:Ministry of Skill Development & Entrepreneurship),Rajya Sabha,2021-12-10,1,8df05ce4-1a17-4124-8a27-576b575fbd51,https://www.data.gov.in/resource/state-wise-training-under-pradhan-mantri-kaushal-vikas-yojana-pmkvy-2015-2016fromministry,https://api.data.gov.in/resource/8df05ce4-1a17-4124-8a27-576b575fbd51?api-key=YOUR_KEY&format=csv&limit=1000
PMKVY,State/ut-wise details of PMKVY under fresh training and recognition of prior learning as on 11.11.2016(From:Ministry of Skill Development & Entrepreneurship),Rajya Sabha,2021-12-10,1,501f7166-45ed-476e-84d1-5338dda79830,https://www.data.gov.in/resource/stateut-wise-details-pmkvy-under-fresh-training-and-recognition-prior-learning,https://api.data.gov.in/resource/501f7166-45ed-476e-84d1-5338dda79830?api-key=YOUR_KEY&format=csv&limit=1000
PMKVY,"State/UT-wise skill training under Pradhan Mantri Kaushal Vikas Yojana (PMKVY) as on 17th February, 2016 (From: Ministry of Skill Development and Entrepreneurship)",Rajya Sabha,2021-12-10,1,322f9292-b024-42cb-b21a-7ab518bd5bad,https://www.data.gov.in/resource/stateut-wise-skill-training-under-pradhan-mantri-kaushal-vikas-yojana-pmkvy-17th-february,https://api.data.gov.in/resource/322f9292-b024-42cb-b21a-7ab518bd5bad?api-key=YOUR_KEY&format=csv&limit=1000
PMKVY,"Details of Candidates Enrolled, Training Completed and Placement, under Pradhan Mantri Kaushal Vikas Yojana (PMKVY) Scheme as on 15-07-2016 (Ministry of Skill Development and Entrepreneurship )",Rajya Sabha,2021-12-10,1,59b04082-05a2-4b10-9ae1-344aaf2e6b68,https://www.data.gov.in/resource/details-candidates-enrolled-training-completed-and-placement-under-pradhan-mantri-kaushal,https://api.data.gov.in/resource/59b04082-05a2-4b10-9ae1-344aaf2e6b68?api-key=YOUR_KEY&format=csv&limit=1000
PMKVY,State-wise break-up of enrollments and training completed under Pradhan Mantri Kaushal Vikas Yojana (PMKVY) as on 30th November 2015 (From: Ministry of Skill Development & Entrepreneurship),Rajya Sabha,2021-12-10,1,62a5b67c-7fe4-4abd-9406-272b0d90af13,https://www.data.gov.in/resource/state-wise-break-enrollments-and-training-completed-under-pradhan-mantri-kaushal-vikas,https://api.data.gov.in/resource/62a5b67c-7fe4-4abd-9406-272b0d90af13?api-key=YOUR_KEY&format=csv&limit=1000
PMKVY,Details of candidates enrolled; trained; passed; certified and placed; under PMKVY scheme; sector skill council wise; as on 15th July 2016(From:Ministry of Skill Development & Entrepreneurship),Rajya Sabha,2021-12-10,1,ee4006b3-ef98-4584-8f8d-1f3dd6d4acb2,https://www.data.gov.in/resource/details-candidates-enrolled-trained-passed-certified-and-placed-under-pmkvy-scheme-sector,https://api.data.gov.in/resource/ee4006b3-ef98-4584-8f8d-1f3dd6d4acb2?api-key=YOUR_KEY&format=csv&limit=1000
PMKVY,States/uts-wise details of physical targets and funds allocated under PMKVY from 2016 to 2020(From:Ministry of Skill Development & Entrepreneurship),Rajya Sabha,2021-12-10,1,e5ec41ed-f812-4d1d-ab49-f42a34261d90,https://www.data.gov.in/resource/statesuts-wise-details-physical-targets-and-funds-allocated-under-pmkvy-2016,https://api.data.gov.in/resource/e5ec41ed-f812-4d1d-ab49-f42a34261d90?api-key=YOUR_KEY&format=csv&limit=1000
PMKVY,States/uts-wise details of physical targets and funds allocated under state engagement component of pmkvy 2016-20(From:Ministry of Skill Development & Entrepreneurship),Rajya Sabha,2021-12-10,1,75d5bf08-3309-4bd8-be7c-3d9df945e091,https://www.data.gov.in/resource/statesuts-wise-details-physical-targets-and-funds-allocated-under-state-engagement,https://api.data.gov.in/resource/75d5bf08-3309-4bd8-be7c-3d9df945e091?api-key=YOUR_KEY&format=csv&limit=1000
PMKVY,"State-wise Details of Candidates Enrolled, Trained and Certified Under Pradhan Mantri Kaushal Vikas Yojana (PMKVY) as on 28-07-2016 (Ministry of Skill Development and Entrepreneurship )",Rajya Sabha,2021-12-10,1,0c33bb04-278f-477c-8cb7-d807c0e19056,https://www.data.gov.in/resource/state-wise-details-candidates-enrolled-trained-and-certified-under-pradhan-mantri-kaushal,https://api.data.gov.in/resource/0c33bb04-278f-477c-8cb7-d807c0e19056?api-key=YOUR_KEY&format=csv&limit=1000
PMKVY,State/ UT-wise Number of  Candidate Enrolled and Certified under Pradhan Mantri Kaushal Vikas Yojana (PMKVY) Scheme as on 15th July 2016 (Ministry of Skill Development and Entrepreneurship ),Rajya Sabha,2021-12-10,1,ec4c2b4c-d7ea-4131-b536-08f5be412e87,https://www.data.gov.in/resource/state-ut-wise-number-candidate-enrolled-and-certified-under-pradhan-mantri-kaushal-vikas,https://api.data.gov.in/resource/ec4c2b4c-d7ea-4131-b536-08f5be412e87?api-key=YOUR_KEY&format=csv&limit=1000
PMKVY,"State-wise Total Enrolled,Trained and Certified Candidates under Pradhan Mantri Kaushal Vikas Yojana (PMKVY) (in reply to Unstarred Question on 04-08-2016 ) (Ministry of Skill Development and Entrepreneurship )",Rajya Sabha,2021-12-10,1,1e910dba-31b9-4e5d-8572-1db7798d0b20,https://www.data.gov.in/resource/state-wise-total-enrolledtrained-and-certified-candidates-under-pradhan-mantri-kaushal,https://api.data.gov.in/resource/1e910dba-31b9-4e5d-8572-1db7798d0b20?api-key=YOUR_KEY&format=csv&limit=1000
PMKVY,"The Details of Gender-wise, Category-wise Number of  Candidate Enrolled, Certified, Reward Money Processed and placement under Pradhan Mantri Kaushal Vikas Yojana Scheme as on 19-07-2016 (Ministry of Skill Development and Entrepreneurship )",Rajya Sabha,2021-12-10,1,4958dd5a-b4f6-465e-a34b-d88311fc3e19,https://www.data.gov.in/resource/details-gender-wise-category-wise-number-candidate-enrolled-certified-reward-money,https://api.data.gov.in/resource/4958dd5a-b4f6-465e-a34b-d88311fc3e19?api-key=YOUR_KEY&format=csv&limit=1000
PMKVY,State/UT-wise Number of Training Centres under Short Term Training (STT) Component of PMKVY from 2016 to 2020 (From: Ministry of Skill Development and Entrepreneurship),Rajya Sabha,2021-09-08,1,c58113bd-f230-4621-a827-ede030aed88a,https://www.data.gov.in/resource/stateut-wise-number-training-centres-under-short-term-training-stt-component-pmkvy-2016,https://api.data.gov.in/resource/c58113bd-f230-4621-a827-ede030aed88a?api-key=YOUR_KEY&format=csv&limit=1000
PMKVY,"District-wise Number of Empanelled Training Centers (Short Term Training) in State of Bihar under PMKVY as on 11 November, 2019 (From: Ministry of Skill Development and Entrepreneurship)",Rajya Sabha,2021-09-08,1,164c67b9-12bc-46e3-a997-3e420b8df9fd,https://www.data.gov.in/resource/district-wise-number-empanelled-training-centers-short-term-training-state-bihar-under,https://api.data.gov.in/resource/164c67b9-12bc-46e3-a997-3e420b8df9fd?api-key=YOUR_KEY&format=csv&limit=1000
PMKVY,"State/UT-wise Number of Training Centres (TCs)/Training Partners (TPs), Candidates Enrolled, Trained, Assessed, Certified and Reported Placed under PMKVY during 2015-16 (From : Ministry of Skill Development and Entrepreneurship)",Rajya Sabha,2021-09-08,1,65175d42-4e04-4157-a75b-c287c01fb4cb,https://www.data.gov.in/resource/stateut-wise-number-training-centres-tcstraining-partners-tps-candidates-enrolled-trained,https://api.data.gov.in/resource/65175d42-4e04-4157-a75b-c287c01fb4cb?api-key=YOUR_KEY&format=csv&limit=1000
PMKVY,"Sector-wise Number of people imparted training under PMKVY (2016-20), as on 30.11.2018 (From : Ministry of Skill Development and Entrepreneurship)",Rajya Sabha,2021-09-08,1,9952b0f4-edca-4ff6-824f-6064eafa269b,https://www.data.gov.in/resource/sector-wise-number-people-imparted-training-under-pmkvy-2016-20-30112018-ministry-skill,https://api.data.gov.in/resource/9952b0f4-edca-4ff6-824f-6064eafa269b?api-key=YOUR_KEY&format=csv&limit=1000
PMKVY,State/UT-wise Details of Candidates under Short Term Training of PMKVY from 2016 to 2020 (From: Ministry of Skill Development and Entrepreneurship),Rajya Sabha,2021-09-08,1,0487e535-7f89-44a2-b86a-95deace06353,https://www.data.gov.in/resource/stateut-wise-details-candidates-under-short-term-training-pmkvy-2016-2020-ministry-skill,https://api.data.gov.in/resource/0487e535-7f89-44a2-b86a-95deace06353?api-key=YOUR_KEY&format=csv&limit=1000
PMKVY,State/UT-wise Short Term Training under Pradhan Mantri Kaushal Vikas Yojana (PMKVY) from 2016 to 2020 (From: Ministry of Skill Development and Entrepreneurship),Rajya Sabha,2021-09-08,1,bf611c50-9745-42ca-9190-49f4844c31c8,https://www.data.gov.in/resource/stateut-wise-short-term-training-under-pradhan-mantri-kaushal-vikas-yojana-pmkvy-2016-2020,https://api.data.gov.in/resource/bf611c50-9745-42ca-9190-49f4844c31c8?api-key=YOUR_KEY&format=csv&limit=1000
PMKVY,State/ UT-wise Number of Franchisee Training Centres under Pradhan Mantri Kaushal Vikas Yojana (PMKVY) during 2016-20 (From: Ministry of Skill Development and Entrepreneurship ),Rajya Sabha,2021-09-08,1,1e51a405-0190-4c18-8895-e90e29fc80bb,https://www.data.gov.in/resource/state-ut-wise-number-franchisee-training-centres-under-pradhan-mantri-kaushal-vikas-yojana,https://api.data.gov.in/resource/1e51a405-0190-4c18-8895-e90e29fc80bb?api-key=YOUR_KEY&format=csv&limit=1000
PMKVY,District-wise Short Term Training under PMKVY (2016-2020) in Karnataka state (in reply to Unstarred Question on 06.02.2019) (From : Ministry of Skill Development and Entrepreneurship),Rajya Sabha,2021-09-08,1,54381cd1-651d-4418-a5bf-b4eddf8d05d5,https://www.data.gov.in/resource/district-wise-short-term-training-under-pmkvy-2016-2020-karnataka-state-reply-unstarred,https://api.data.gov.in/resource/54381cd1-651d-4418-a5bf-b4eddf8d05d5?api-key=YOUR_KEY&format=csv&limit=1000
PMKVY,State/UT-wise list of the Candidate Trained and Placed under Short Term Training of (PMKVY) as on 14.12.2017 (From: Ministry of Housing and Urban Affairs),Rajya Sabha,2021-09-08,1,a6e7356b-f34d-4d58-bc62-b373242c45be,https://www.data.gov.in/resource/stateut-wise-list-candidate-trained-and-placed-under-short-term-training-pmkvy-14122017,https://api.data.gov.in/resource/a6e7356b-f34d-4d58-bc62-b373242c45be?api-key=YOUR_KEY&format=csv&limit=1000
PMKVY,"State/UT-wise Empanelled Training Centres (TCs) under PMKVY 2.0. (in reply to Unstarred Question on 06 March, 2020) (From: Ministry of Skill Development and Entrepreneurship)",Rajya Sabha,2021-09-08,0,4ad57adb-75fb-4486-a169-c716f3c0cbbd,https://www.data.gov.in/resource/stateut-wise-empanelled-training-centres-tcs-under-pmkvy-20-reply-unstarred-question-06,https://api.data.gov.in/resource/4ad57adb-75fb-4486-a169-c716f3c0cbbd?api-key=YOUR_KEY&format=csv&limit=1000
PMKVY,State/UT-wise Number of Operational Training Centers under Pradhan Mantri Kaushal Vikas Yojana (PMKVY) from 2016 to 2020 (From: Ministry of Skill Development and Entrepreneurship),Rajya Sabha,2021-09-08,1,ebb0d9a4-8c92-4272-926b-04f6b59a7d33,https://www.data.gov.in/resource/stateut-wise-number-operational-training-centers-under-pradhan-mantri-kaushal-vikas-yojana,https://api.data.gov.in/resource/ebb0d9a4-8c92-4272-926b-04f6b59a7d33?api-key=YOUR_KEY&format=csv&limit=1000
PMKVY,State/ UT-wise Details of Youth Trained/ undergoing Training under Pradhan Mantri Kaushal Vikas Yojana as on 6th July 2017 (From: Ministry of Skill Development and Entrepreneurship),Rajya Sabha,2021-09-08,1,98547367-cdc3-451f-a2c3-e43bc590141c,https://www.data.gov.in/resource/state-ut-wise-details-youth-trained-undergoing-training-under-pradhan-mantri-kaushal-vikas,https://api.data.gov.in/resource/98547367-cdc3-451f-a2c3-e43bc590141c?api-key=YOUR_KEY&format=csv&limit=1000
PMKVY,District-wise Details of Operational Short Term Training Centers in Uttar Pradesh and Chhattisgarh under PMKVY from 2016 to 2020 (From: Ministry of Skill Development and Entrepreneurship),Rajya Sabha,2021-09-08,1,89e75ff4-12c1-47e0-9f6f-c4128b20e26c,https://www.data.gov.in/resource/district-wise-details-operational-short-term-training-centers-uttar-pradesh-and,https://api.data.gov.in/resource/89e75ff4-12c1-47e0-9f6f-c4128b20e26c?api-key=YOUR_KEY&format=csv&limit=1000
PMKVY,State/UT-wise List of the Candidate Trained and Placed under Short Term Training of PMKVY from 2016 to 2020 (From: Ministry of Skill Development and Entrepreneurship),Rajya Sabha,2021-09-08,1,a7e89cbb-25fc-43c8-97f4-e11b96e9c6e2,https://www.data.gov.in/resource/stateut-wise-list-candidate-trained-and-placed-under-short-term-training-pmkvy-2016-2020,https://api.data.gov.in/resource/a7e89cbb-25fc-43c8-97f4-e11b96e9c6e2?api-key=YOUR_KEY&format=csv&limit=1000
PMKVY,State-wise Ex-Servicemen Trained/Oriented under Pradhan Mantri Kaushal Vikas Yojana (PMKVY) throw Short term training (STT) during 2016-20 (From: Ministry of Skill Development and Entrepreneurship),Rajya Sabha,2021-09-08,1,eba58c4e-1917-42a6-9ad1-defa12bcf0d7,https://www.data.gov.in/resource/state-wise-ex-servicemen-trainedoriented-under-pradhan-mantri-kaushal-vikas-yojana-pmkvy,https://api.data.gov.in/resource/eba58c4e-1917-42a6-9ad1-defa12bcf0d7?api-key=YOUR_KEY&format=csv&limit=1000
PMKVY,State/UT-wise Number of Training Centres (TCs) under PMKVY (2016-20) and Allocated PMKK (in reply to Unstarred Question on 06.02.2019) (From : Ministry of Skill Development and Entrepreneurship),Rajya Sabha,2021-09-08,1,2c473575-a42a-4f4e-965f-7eff6ea1051b,https://www.data.gov.in/resource/stateut-wise-number-training-centres-tcs-under-pmkvy-2016-20-and-allocated-pmkk-reply,https://api.data.gov.in/resource/2c473575-a42a-4f4e-965f-7eff6ea1051b?api-key=YOUR_KEY&format=csv&limit=1000
PMKVY,State/ UT-wise Individuals Trained/ Undergoing Training under Pradhan Mantri Kaushal Vikas Yojana (PMKVY) (in reply to Starred Question on 10-08-2017) (From: Ministry of Skill Development and Entrepreneurship),Rajya Sabha,2021-09-08,1,8d900cb9-55ff-41b3-97d6-32d13583549e,https://www.data.gov.in/resource/state-ut-wise-individuals-trained-undergoing-training-under-pradhan-mantri-kaushal-vikas,https://api.data.gov.in/resource/8d900cb9-55ff-41b3-97d6-32d13583549e?api-key=YOUR_KEY&format=csv&limit=1000
PMKVY,State/ UT-wise Number of Training Centres (TCs) under Pradhan Mantri Kaushal Vikas Yojana (PMKVY) during 2016-20 (as on 09-03-17) (From: Ministry of Skill Development and Entrepreneurship ),Rajya Sabha,2021-09-08,1,8f25d891-aeaa-4632-8ff7-6c67ff6071c9,https://www.data.gov.in/resource/state-ut-wise-number-training-centres-tcs-under-pradhan-mantri-kaushal-vikas-yojana-pmkvy,https://api.data.gov.in/resource/8f25d891-aeaa-4632-8ff7-6c67ff6071c9?api-key=YOUR_KEY&format=csv&limit=1000
PMKVY,State/UT-wise details of Beneficiaries through short term training under Scheme of PMKVY (2016-20) (in reply to Unstarred Question on 06.02.2019) (From : Ministry of Skill Development and Entrepreneurship),Rajya Sabha,2021-09-08,1,00fd4f00-90f1-4603-b271-cda51f2c8d55,https://www.data.gov.in/resource/stateut-wise-details-beneficiaries-through-short-term-training-under-scheme-pmkvy-2016-20,https://api.data.gov.in/resource/00fd4f00-90f1-4603-b271-cda51f2c8d55?api-key=YOUR_KEY&format=csv&limit=1000
PMKVY,"State/UT-wise Total Number of Skill Development Training Camps in Various States Particularly in Karnataka under PMKVY 2016-20, as on 24.01.2019 (From : Ministry of Skill Development and Entrepreneurship)",Rajya Sabha,2021-09-08,1,46750a42-4201-4a38-aff8-75031b5d2393,https://www.data.gov.in/resource/stateut-wise-total-number-skill-development-training-camps-various-states-particularly,https://api.data.gov.in/resource/46750a42-4201-4a38-aff8-75031b5d2393?api-key=YOUR_KEY&format=csv&limit=1000
PMKVY,"District-wise Number of empanelled training centres under PMKVY (2016-20) and PMKK in the State of Andhra Pradesh and Telangana, as on 07 January, 2020 (From: Ministry of Rural Development)",Rajya Sabha,2021-09-08,1,aac2f824-7420-4b22-9e3e-6891c107c48e,https://www.data.gov.in/resource/district-wise-number-empanelled-training-centres-under-pmkvy-2016-20-and-pmkk-state-andhra,https://api.data.gov.in/resource/aac2f824-7420-4b22-9e3e-6891c107c48e?api-key=YOUR_KEY&format=csv&limit=1000
PMKVY,State-wise Enrollment and Training Completed Under Recognition of Prior Learning (RPL) Programme of Pradhan Mantri Kaushal Vikas Yojana (PMKVY) as on 25th April 2016 (From: Ministry of Skill Development and Entrepreneurship),Rajya Sabha,2021-09-08,1,e1c205db-52f7-4f72-b176-4b8748334477,https://www.data.gov.in/resource/state-wise-enrollment-and-training-completed-under-recognition-prior-learning-rpl,https://api.data.gov.in/resource/e1c205db-52f7-4f72-b176-4b8748334477?api-key=YOUR_KEY&format=csv&limit=1000
PMKVY,"Number of Institutions/Organisations Providing Skill Development Training, Candidates Trained/Oriented, Certified and Placed in the State of Odisha under PMKVY as on 17 January, 2020 (From: Ministry of Skill Development and Entrepreneurship)",Rajya Sabha,2021-09-08,1,558d1a7e-dd38-4bf4-8140-07d52addd3ea,https://www.data.gov.in/resource/number-institutionsorganisations-providing-skill-development-training-candidates,https://api.data.gov.in/resource/558d1a7e-dd38-4bf4-8140-07d52addd3ea?api-key=YOUR_KEY&format=csv&limit=1000
PMKVY,State/UT-wise details of Beneficiaries through short term training under Scheme of PMKVY (2016-20) under Recognition of Prior Learning (in reply to Unstarred Question on 06.02.2019) (From : Ministry of Skill Development and Entrepreneurship),Rajya Sabha,2021-09-08,1,f4f119e4-d125-4dba-96ec-5402d67b2dc2,https://www.data.gov.in/resource/stateut-wise-details-beneficiaries-through-short-term-training-under-scheme-pmkvy-2016-0,https://api.data.gov.in/resource/f4f119e4-d125-4dba-96ec-5402d67b2dc2?api-key=YOUR_KEY&format=csv&limit=1000
PMKVY,State/UT-wise details of Candidates Trained and placed under PMKVY 1.0 and PMKVY 2.0. from 2016-17 to 2019-20 (From: Ministry of Skill Development and Entrepreneurship),Rajya Sabha,2021-09-08,1,22ac67c0-2f13-493e-a469-f52839afde82,https://www.data.gov.in/resource/stateut-wise-details-candidates-trained-and-placed-under-pmkvy-10-and-pmkvy-20-2016-17,https://api.data.gov.in/resource/22ac67c0-2f13-493e-a469-f52839afde82?api-key=YOUR_KEY&format=csv&limit=1000
PMKVY,Details of Trainings Provided in Tourism and Hospitality Sector under PMKVY (2016-2020) Placement as Reported as on 24.01.2019 (From : Ministry of Skill Development and Entrepreneurship),Rajya Sabha,2021-09-08,1,caf36831-061a-4ec5-ad4f-9baf5baf4d20,https://www.data.gov.in/resource/details-trainings-provided-tourism-and-hospitality-sector-under-pmkvy-2016-2020-placement,https://api.data.gov.in/resource/caf36831-061a-4ec5-ad4f-9baf5baf4d20?api-key=YOUR_KEY&format=csv&limit=1000
PMKVY,State/UT-wise Operational skill Development centres and loan disbursed for setting up of PMKKs along with number of trained candidates under STT courses under PMKVY 2016-20 (From: Ministry of Skill Development and Entrepreneurship),Rajya Sabha,2021-09-08,1,0e782c60-b785-4421-8cb4-36e2ea8403c6,https://www.data.gov.in/resource/stateut-wise-operational-skill-development-centres-and-loan-disbursed-setting-pmkks-along,https://api.data.gov.in/resource/0e782c60-b785-4421-8cb4-36e2ea8403c6?api-key=YOUR_KEY&format=csv&limit=1000
PMKVY,Details of candidates trained under the scheme PMKVY during 2015-16 to 2016-20 (From: Ministry of Skill Development and Entrepreneurship),Rajya Sabha,2021-09-08,1,26a2e34f-7433-45ba-af8d-11af91fbe0c3,https://www.data.gov.in/resource/details-candidates-trained-under-scheme-pmkvy-during-2015-16-2016-20-ministry-skill,https://api.data.gov.in/resource/26a2e34f-7433-45ba-af8d-11af91fbe0c3?api-key=YOUR_KEY&format=csv&limit=1000
PMKVY,State-wise Trained Youth under Pradhan Mantri Kaushal Vikas Yojana (PMKVY) from 2016 to 2020 (From: Ministry of Skill Development and Entrepreneurship),Rajya Sabha,2021-09-08,1,3113200d-9d00-4b6a-bed2-838ff9d47327,https://www.data.gov.in/resource/state-wise-trained-youth-under-pradhan-mantri-kaushal-vikas-yojana-pmkvy-2016-2020,https://api.data.gov.in/resource/3113200d-9d00-4b6a-bed2-838ff9d47327?api-key=YOUR_KEY&format=csv&limit=1000
PMKVY,State/UT-wise Details of the Candidate Trained and Placed under PMKVY As on 14.12.2017 (From: Ministry of Skill Development and Entrepreneurship),Rajya Sabha,2021-09-08,1,43858797-da9c-4a9a-a252-16f20710f927,https://www.data.gov.in/resource/stateut-wise-details-candidate-trained-and-placed-under-pmkvy-14122017-ministry-skill,https://api.data.gov.in/resource/43858797-da9c-4a9a-a252-16f20710f927?api-key=YOUR_KEY&format=csv&limit=1000
PMKVY,"States/Uts-wise funds disbursed under CSSM component of PMKVY 2016-20, as on 11.11.2019 (From: Ministry of Skill Development and Entrepreneurship)",Rajya Sabha,2021-09-08,1,092fd27e-642c-4c0e-9fd6-08118dc7c37e,https://www.data.gov.in/resource/statesuts-wise-funds-disbursed-under-cssm-component-pmkvy-2016-20-11112019-ministry-skill,https://api.data.gov.in/resource/092fd27e-642c-4c0e-9fd6-08118dc7c37e?api-key=YOUR_KEY&format=csv&limit=1000
PMKVY,Funds Allocated under Pradhan Mantri Kaushal Vikas Yojana (PMKVY) from 216-17 to 2018-19 (From: Ministry of Skill Development and Entrepreneurship),Rajya Sabha,2021-09-08,1,bb9f06db-97a4-4002-96e4-fc59cae758c2,https://www.data.gov.in/resource/funds-allocated-under-pradhan-mantri-kaushal-vikas-yojana-pmkvy-216-17-2018-19-ministry,https://api.data.gov.in/resource/bb9f06db-97a4-4002-96e4-fc59cae758c2?api-key=YOUR_KEY&format=csv&limit=1000
PMKVY,Number of Candidates Reported Placed under STT of PMKVY from 2016-17 to 2019-20 (From: Ministry of Skill Development and Entrepreneurship),Rajya Sabha,2021-09-08,1,57c70458-8c58-44be-a8bc-8f1981f34182,https://www.data.gov.in/resource/number-candidates-reported-placed-under-stt-pmkvy-2016-17-2019-20-ministry-skill,https://api.data.gov.in/resource/57c70458-8c58-44be-a8bc-8f1981f34182?api-key=YOUR_KEY&format=csv&limit=1000
PMKVY,State/UT-wise details under CSSM and CSCM Component of PMKVY (2016-20) during 2020 (From: Ministry of Skill Development and Entrepreneurship),Rajya Sabha,2021-09-08,1,5a50f1d9-974b-4537-b5e9-7993529e231a,https://www.data.gov.in/resource/stateut-wise-details-under-cssm-and-cscm-component-pmkvy-2016-20-during-2020-ministry,https://api.data.gov.in/resource/5a50f1d9-974b-4537-b5e9-7993529e231a?api-key=YOUR_KEY&format=csv&limit=1000
PMKVY,State/ UT-wise Numbers of Dropouts under Pradhan Mantri Kaushal Vikas Yojana (PMKVY) during 2015-16 (From: Ministry of Skill Development and Entrepreneurship ),Rajya Sabha,2021-09-08,1,70ba7f99-cca2-47c5-a37b-f3e610eeaaf0,https://www.data.gov.in/resource/state-ut-wise-numbers-dropouts-under-pradhan-mantri-kaushal-vikas-yojana-pmkvy-during-2015,https://api.data.gov.in/resource/70ba7f99-cca2-47c5-a37b-f3e610eeaaf0?api-key=YOUR_KEY&format=csv&limit=1000
PMKVY,State/ UT-wise Number of Beneficiaries under Pradhan Mantri Kaushal Vikas Yojana (PMKVY) during 2015-16 (From: Ministry of Skill Development and Entrepreneurship ),Rajya Sabha,2021-09-08,1,67c50629-ef69-4268-8f63-181c264610cf,https://www.data.gov.in/resource/state-ut-wise-number-beneficiaries-under-pradhan-mantri-kaushal-vikas-yojana-pmkvy-during,https://api.data.gov.in/resource/67c50629-ef69-4268-8f63-181c264610cf?api-key=YOUR_KEY&format=csv&limit=1000
PMKVY,"State/UT-wise Women Trained and Placed under Scheme PMKVY 2.0 as on 11 November, 2019 (From: Ministry of Skill Development and Entrepreneurship)",Rajya Sabha,2021-09-08,1,02341e4d-978c-45a5-9b3e-e086d96e6006,https://www.data.gov.in/resource/stateut-wise-women-trained-and-placed-under-scheme-pmkvy-20-11-november-2019-ministry,https://api.data.gov.in/resource/02341e4d-978c-45a5-9b3e-e086d96e6006?api-key=YOUR_KEY&format=csv&limit=1000
PMKVY,State/ UT-wise Details of trained youth under Pradhan Mantri Kaushal Vikas Yojana (PMKVY) during 2015-16 (From: Ministry of Skill Development and Entrepreneurship ),Rajya Sabha,2021-09-08,1,40a8aed0-36e4-45a2-b5eb-a4dd513e6ed1,https://www.data.gov.in/resource/state-ut-wise-details-trained-youth-under-pradhan-mantri-kaushal-vikas-yojana-pmkvy-during,https://api.data.gov.in/resource/40a8aed0-36e4-45a2-b5eb-a4dd513e6ed1?api-key=YOUR_KEY&format=csv&limit=1000
PMKVY,Caste-wise details of Trainings Provided to SCs/STs/OBCs under PMKVY (2016-2020) as on 24.01.2019 (From : Ministry of Skill Development and Entrepreneurship),Rajya Sabha,2021-09-08,1,ae6c452d-c7e9-4706-8741-a470ab3a51c4,https://www.data.gov.in/resource/caste-wise-details-trainings-provided-scsstsobcs-under-pmkvy-2016-2020-24012019-ministry,https://api.data.gov.in/resource/ae6c452d-c7e9-4706-8741-a470ab3a51c4?api-key=YOUR_KEY&format=csv&limit=1000
PMKVY,"State/UT-wise Funds Disbursed under CSSM Component of PMKVY 2016- 20, as on 11 November, 2019 (From: Ministry of Skill Development and Entrepreneurship)",Rajya Sabha,2021-09-08,1,b2ca4139-b3bf-4287-a59b-72553d3eb486,https://www.data.gov.in/resource/stateut-wise-funds-disbursed-under-cssm-component-pmkvy-2016-20-11-november-2019-ministry,https://api.data.gov.in/resource/b2ca4139-b3bf-4287-a59b-72553d3eb486?api-key=YOUR_KEY&format=csv&limit=1000
PMKVY,State/UT-wise Funds Disbursed under Centrally Sponsored State Managed (CSSM) Component of PMKVY during 2016-20 (From: Ministry of Skill Development and Entrepreneurship),Rajya Sabha,2021-09-08,1,4abdd09a-4a3f-4095-a334-8b967cc5608e,https://www.data.gov.in/resource/stateut-wise-funds-disbursed-under-centrally-sponsored-state-managed-cssm-component-pmkvy,https://api.data.gov.in/resource/4abdd09a-4a3f-4095-a334-8b967cc5608e?api-key=YOUR_KEY&format=csv&limit=1000
PMKVY,"Sector wise candidates enrolled, trained, assessed, certified and reported placed under PMKVY 2016-20, as on 11.11.2019 (From: Ministry of Skill Development and Entrepreneurship)",Rajya Sabha,2021-09-08,1,e9f4abab-0866-40b2-8ee5-5955f3c36afe,https://www.data.gov.in/resource/sector-wise-candidates-enrolled-trained-assessed-certified-and-reported-placed-under-pmkvy,https://api.data.gov.in/resource/e9f4abab-0866-40b2-8ee5-5955f3c36afe?api-key=YOUR_KEY&format=csv&limit=1000
PMKVY,"State/UT-wise Candidates Enrolled, Trained, Assessed, Certified and Reported Paced under STT - PMKVY from 2016-20 (From : Ministry of Skill Development and Entrepreneurship)",Rajya Sabha,2021-09-08,1,8929b265-9631-4dcf-a558-60961634331f,https://www.data.gov.in/resource/stateut-wise-candidates-enrolled-trained-assessed-certified-and-reported-paced-under-stt,https://api.data.gov.in/resource/8929b265-9631-4dcf-a558-60961634331f?api-key=YOUR_KEY&format=csv&limit=1000
PMKVY,State/ UT-wise Details of Youth Trained under Pradhan Mantri Kaushal Vikas Yojana as on 6th July 2017 (From: Ministry of Skill Development and Entrepreneurship),Rajya Sabha,2021-09-08,1,e2aae9eb-b6a2-4b72-af14-c3983f5a44ae,https://www.data.gov.in/resource/state-ut-wise-details-youth-trained-under-pradhan-mantri-kaushal-vikas-yojana-6th-july,https://api.data.gov.in/resource/e2aae9eb-b6a2-4b72-af14-c3983f5a44ae?api-key=YOUR_KEY&format=csv&limit=1000
PMKVY,"State -wise candidates enrolled, trained, assessed, certified, and reported placed (STT) under PMKVY 2016-20, as on 11.11.2019 (From: Ministry of Skill Development and Entrepreneurship)",Rajya Sabha,2021-09-08,1,26e17b7e-848f-4950-9d1d-bd1c37d7d8a6,https://www.data.gov.in/resource/state-wise-candidates-enrolled-trained-assessed-certified-and-reported-placed-stt-under,https://api.data.gov.in/resource/26e17b7e-848f-4950-9d1d-bd1c37d7d8a6?api-key=YOUR_KEY&format=csv&limit=1000
PMKVY,State/ UT-wise list of Candidates Trained under Pradhan Mantri Kaushal Vikas Yojana (PMKVY) as on 09-03-2017 (From: Ministry of Skill Development and Entrepreneurship ),Rajya Sabha,2021-09-08,1,e446dfed-4eda-4a73-8023-e859058d99d4,https://www.data.gov.in/resource/state-ut-wise-list-candidates-trained-under-pradhan-mantri-kaushal-vikas-yojana-pmkvy-09,https://api.data.gov.in/resource/e446dfed-4eda-4a73-8023-e859058d99d4?api-key=YOUR_KEY&format=csv&limit=1000
PMKVY,"State/UT-wise Number of Candidates Enrolled, Trained, Assessed, Certified and Placed under PMKVY (2016-20) as on 24.01.2019 (From : Ministry of Skill Development and Entrepreneurship)",Rajya Sabha,2021-09-08,1,a58e4c50-ad01-449f-8cd4-0d3aac75a252,https://www.data.gov.in/resource/stateut-wise-number-candidates-enrolled-trained-assessed-certified-and-placed-under-pmkvy,https://api.data.gov.in/resource/a58e4c50-ad01-449f-8cd4-0d3aac75a252?api-key=YOUR_KEY&format=csv&limit=1000
PMKVY,District-wise Special Projects Data under PMKVY (2016-2020) in Karnataka state (in reply to Unstarred Question on 06.02.2019) (From : Ministry of Skill Development and Entrepreneurship),Rajya Sabha,2021-09-08,1,79b0a847-1c2c-40ef-8264-85e480461ede,https://www.data.gov.in/resource/district-wise-special-projects-data-under-pmkvy-2016-2020-karnataka-state-reply-unstarred,https://api.data.gov.in/resource/79b0a847-1c2c-40ef-8264-85e480461ede?api-key=YOUR_KEY&format=csv&limit=1000
PMKVY,State/UT-wise list of Candidates trained under Pradhan Mantri Kaushal Vikas Yojana (PMKVY) 2016-20 during 2017-18 (From : Ministry of Skill Development and Entrepreneurship),Rajya Sabha,2021-09-08,1,b9014908-8f89-4373-8bdb-21884eed4a4d,https://www.data.gov.in/resource/stateut-wise-list-candidates-trained-under-pradhan-mantri-kaushal-vikas-yojana-pmkvy-2016,https://api.data.gov.in/resource/b9014908-8f89-4373-8bdb-21884eed4a4d?api-key=YOUR_KEY&format=csv&limit=1000
PMKVY,State/UT-wise Number of Youth Placed under Pradhan Mantri Kaushal Vikas Yojana (PMKVY) from 2015-16 to 2016-20 (From: Ministry of Skill Development and Entrepreneurship),Rajya Sabha,2021-09-08,1,e6f18076-686c-41f0-b474-44e48fb53d6a,https://www.data.gov.in/resource/stateut-wise-number-youth-placed-under-pradhan-mantri-kaushal-vikas-yojana-pmkvy-2015-16,https://api.data.gov.in/resource/e6f18076-686c-41f0-b474-44e48fb53d6a?api-key=YOUR_KEY&format=csv&limit=1000
PMKVY,Percentage of Females Certified and Employed under Pradhan Mantri Kaushal Vikas Yojana (PMKVY) 2.0 from 2016-17 to 2019-20 (From : Ministry of Skill Development and Entrepreneurship),Rajya Sabha,2021-09-08,1,cf5fb380-843b-4202-b305-1d245d516cc3,https://www.data.gov.in/resource/percentage-females-certified-and-employed-under-pradhan-mantri-kaushal-vikas-yojana-pmkvy,https://api.data.gov.in/resource/cf5fb380-843b-4202-b305-1d245d516cc3?api-key=YOUR_KEY&format=csv&limit=1000
PMKVY,District-wise Recognition of Prior Learning (RPL) under PMKVY (2016-2020) in Karnataka state (in reply to Unstarred Question on 06.02.2019) (From : Ministry of Skill Development and Entrepreneurship),Rajya Sabha,2021-09-08,1,5960c588-dc29-420e-a5c2-35ab972d28af,https://www.data.gov.in/resource/district-wise-recognition-prior-learning-rpl-under-pmkvy-2016-2020-karnataka-state-reply,https://api.data.gov.in/resource/5960c588-dc29-420e-a5c2-35ab972d28af?api-key=YOUR_KEY&format=csv&limit=1000
PMKVY,State/UT-wise Funds released under Centrally Sponsored State Managed component of PMKVY (2016-20) from 2016-17 to 2018-19 (From : Ministry of Skill Development and Entrepreneurship),Rajya Sabha,2021-09-08,1,8cb79743-4a94-418e-869d-47367e976778,https://www.data.gov.in/resource/stateut-wise-funds-released-under-centrally-sponsored-state-managed-component-pmkvy-2016,https://api.data.gov.in/resource/8cb79743-4a94-418e-869d-47367e976778?api-key=YOUR_KEY&format=csv&limit=1000
PMKVY,State/UT-wise Number of SC and ST Candidates Trained and Funds Disbursed under CSSM component of PMKVY during 2016-20 (From: Ministry of Skill Development and Entrepreneurship),Rajya Sabha,2021-09-08,1,4f6212b2-07ee-478e-a523-95624996c3d6,https://www.data.gov.in/resource/stateut-wise-number-sc-and-st-candidates-trained-and-funds-disbursed-under-cssm-component,https://api.data.gov.in/resource/4f6212b2-07ee-478e-a523-95624996c3d6?api-key=YOUR_KEY&format=csv&limit=1000
PMKVY,"State/UT-wise Candidates Enrolled, Oriented, Assessed and Certified under Recognition of Prior Learning (RPL) - PMKVY 2016-20, as on 12.06.2019 (From : Ministry of Skill Development and Entrepreneurship)",Rajya Sabha,2021-09-08,1,07426790-1e99-4747-a21c-d9ec782c32de,https://www.data.gov.in/resource/stateut-wise-candidates-enrolled-oriented-assessed-and-certified-under-recognition-prior,https://api.data.gov.in/resource/07426790-1e99-4747-a21c-d9ec782c32de?api-key=YOUR_KEY&format=csv&limit=1000
PMKVY,Details of Enrolled/Traind/Passed/Certified/Placed Candidates Pradhan Mantri Kaushal Vikas Yojana (PMKVY) (in reply to Unstarred Question on 28-7-2016) (Ministry of Skill Development and Entrepreneurship),Rajya Sabha,2021-09-08,1,8b0ac872-00ad-4376-8774-df4e620b3f3f,https://www.data.gov.in/resource/details-enrolledtraindpassedcertifiedplaced-candidates-pradhan-mantri-kaushal-vikas-yojana,https://api.data.gov.in/resource/8b0ac872-00ad-4376-8774-df4e620b3f3f?api-key=YOUR_KEY&format=csv&limit=1000
PMKVY,State/UT-wise details of Beneficiaries though special projects under Scheme of PMKVY (2016-20) (in reply to Unstarred Question on 06.02.2019) (From : Ministry of Skill Development and Entrepreneurship),Rajya Sabha,2021-09-08,1,afc995d8-af8b-46af-86c0-0098f4cb195a,https://www.data.gov.in/resource/stateut-wise-details-beneficiaries-though-special-projects-under-scheme-pmkvy-2016-20,https://api.data.gov.in/resource/afc995d8-af8b-46af-86c0-0098f4cb195a?api-key=YOUR_KEY&format=csv&limit=1000
PMKVY,"State/UT-wise Number of Districts Covered and Candidates Trained under Pradhan Mantri Kaushal Vikas Yojana (PMKVY) 2016-20, as on 24.01.2019 (From : Ministry of Skill Development and Entrepreneurship)",Rajya Sabha,2021-09-08,1,4eb34122-527c-4706-806a-3f8891f1c553,https://www.data.gov.in/resource/stateut-wise-number-districts-covered-and-candidates-trained-under-pradhan-mantri-kaushal,https://api.data.gov.in/resource/4eb34122-527c-4706-806a-3f8891f1c553?api-key=YOUR_KEY&format=csv&limit=1000
PMKVY,State/UT-wise Details of candidates certified (as on 31.08.2018) and reported placed (as on 30.11.2018) under STT of PMKVY 2016-20 (From : Ministry of Skill Development and Entrepreneurship),Rajya Sabha,2021-09-08,1,1b328e4e-b489-4af2-a499-861c949e209b,https://www.data.gov.in/resource/stateut-wise-details-candidates-certified-31082018-and-reported-placed-30112018-under-stt,https://api.data.gov.in/resource/1b328e4e-b489-4af2-a499-861c949e209b?api-key=YOUR_KEY&format=csv&limit=1000
PMKVY,"State/UT-wise Details of candidates enrolled and trained under PMKVY 2016-20 (in reply to Unstarred Question on December 19, 2018) (From : Ministry of Skill Development and Entrepreneurship)",Rajya Sabha,2021-09-08,1,f937e5be-f463-42f0-9666-f1b50803fada,https://www.data.gov.in/resource/stateut-wise-details-candidates-enrolled-and-trained-under-pmkvy-2016-20-reply-unstarred,https://api.data.gov.in/resource/f937e5be-f463-42f0-9666-f1b50803fada?api-key=YOUR_KEY&format=csv&limit=1000
PMKVY,"State/UT-wise Number of Candidates Enrolled, Trained, Assessed, Certified and Placed under Pradhan Mantri Kaushal Vikas Yojana (PMKVY) during 2016-20 (From: Ministry of Skill Development and Entrepreneurship)",Rajya Sabha,2021-09-08,1,bd8054b4-dcd8-480c-afcb-c3c6c32429bf,https://www.data.gov.in/resource/stateut-wise-number-candidates-enrolled-trained-assessed-certified-and-placed-under,https://api.data.gov.in/resource/bd8054b4-dcd8-480c-afcb-c3c6c32429bf?api-key=YOUR_KEY&format=csv&limit=1000
PMKVY,"State/UT-wise Candidates Trained and Placed under PMKVY 1.0 and PMKVY 2.0 (in reply to Unstarred Question on 26 July, 2019) (From: Ministry of Skill Development and Entrepreneurship)",Rajya Sabha,2021-09-08,1,9cffba15-d420-4d57-9f59-c878843ffdf3,https://www.data.gov.in/resource/stateut-wise-candidates-trained-and-placed-under-pmkvy-10-and-pmkvy-20-reply-unstarred,https://api.data.gov.in/resource/9cffba15-d420-4d57-9f59-c878843ffdf3?api-key=YOUR_KEY&format=csv&limit=1000
PMKVY,State/ UT-wise Details of Placements under Pradhan Mantri Kaushal Vikas Yojana (PMKVY) 2.0 (in reply to Unstarred Question for 03-08-2017 (From: Ministry of Skill Development and Entrepreneurship ),Rajya Sabha,2021-09-08,1,bf2aa7ca-815e-4c01-950b-51e15948e314,https://www.data.gov.in/resource/state-ut-wise-details-placements-under-pradhan-mantri-kaushal-vikas-yojana-pmkvy-20-reply,https://api.data.gov.in/resource/bf2aa7ca-815e-4c01-950b-51e15948e314?api-key=YOUR_KEY&format=csv&limit=1000
PMKVY,District-wise candidates certified (as on 31.08.2018) and reported placement (as on 30.11.2018) in State of Jammu and Kashmir under PMKVY 2016-20 (From : Ministry of Skill Development and Entrepreneurship),Rajya Sabha,2021-09-08,1,a8609e98-3590-4144-ad40-55406da90cd3,https://www.data.gov.in/resource/district-wise-candidates-certified-31082018-and-reported-placement-30112018-state-jammu,https://api.data.gov.in/resource/a8609e98-3590-4144-ad40-55406da90cd3?api-key=YOUR_KEY&format=csv&limit=1000
PMKVY,State/UT-wise Ex-Servicemen Trained/Oriented under Pradhan Mantri Kaushal Vikas Yojana (PMKVY) throw Recognition of Prior Learning (RPL) during 2016-20 (From: Ministry of Skill Development and Entrepreneurship),Rajya Sabha,2021-09-08,1,a91e7052-1547-4c19-a2af-140d8e191ee0,https://www.data.gov.in/resource/stateut-wise-ex-servicemen-trainedoriented-under-pradhan-mantri-kaushal-vikas-yojana-pmkvy,https://api.data.gov.in/resource/a91e7052-1547-4c19-a2af-140d8e191ee0?api-key=YOUR_KEY&format=csv&limit=1000
PMKVY,"Enrolled, Trained, Assessed, Certified and Placed Persons with Disabilities under Pradhan Mantri Kaushal Vikas Yojana (PMKVY) (2016-20), as on 11 November, 2019 (From: Ministry of Skill Development and Entrepreneurship)",Rajya Sabha,2021-09-08,1,2f6061fd-3eb8-42f0-b5a7-4a9f5374a02e,https://www.data.gov.in/resource/enrolled-trained-assessed-certified-and-placed-persons-disabilities-under-pradhan-mantri,https://api.data.gov.in/resource/2f6061fd-3eb8-42f0-b5a7-4a9f5374a02e?api-key=YOUR_KEY&format=csv&limit=1000
PMKVY,"Details of Overall Candidates and Persons with Disabilities (PwDs), Trained, Certified and reported Placed Candidates under PMKVY from 2015-16 to 2019-20 (From: Ministry of Skill Development and Entrepreneurship)",Rajya Sabha,2021-09-08,1,7e1ac542-4d19-4612-bbac-e9f6a550efa7,https://www.data.gov.in/resource/details-overall-candidates-and-persons-disabilities-pwds-trained-certified-and-reported,https://api.data.gov.in/resource/7e1ac542-4d19-4612-bbac-e9f6a550efa7?api-key=YOUR_KEY&format=csv&limit=1000
PMKVY,State/UT-wise details of In-Principle Approved Physical and Financial Allocation and Funds Disbursed under CSSM Component of PMKVY (2016-20) as on 24.01.2019 (From : Ministry of Skill Development and Entrepreneurship),Rajya Sabha,2021-09-08,1,c84bb2d4-5701-4d16-b98b-9037f54222a0,https://www.data.gov.in/resource/stateut-wise-details-principle-approved-physical-and-financial-allocation-and-funds,https://api.data.gov.in/resource/c84bb2d4-5701-4d16-b98b-9037f54222a0?api-key=YOUR_KEY&format=csv&limit=1000
PMKVY,District-wise Number of Empanelled and Operational TCs under PMKVY (CSCM and CSSM) and Established PMKKs in State of West Bengal and Rajasthan As on 11.11.2019 (From: Ministry of Skill Development and Entrepreneurship),Rajya Sabha,2021-09-08,1,7dfc4281-16dc-4414-baf2-fe159497fbea,https://www.data.gov.in/resource/district-wise-number-empanelled-and-operational-tcs-under-pmkvy-cscm-and-cssm-and,https://api.data.gov.in/resource/7dfc4281-16dc-4414-baf2-fe159497fbea?api-key=YOUR_KEY&format=csv&limit=1000
PMKVY,State-wise Details of Funds Approved and Sanctioned/Released under Centrally Sponsored State managed (CSSM) Component of Pradhan Mantri Kaushal Vikas Yojana (PMKVY) from 2016 to 2020 (From: Ministry of Skill Development and Entrepreneurship),Rajya Sabha,2021-09-08,1,474eeb65-acb4-461a-a43b-96362b92bee2,https://www.data.gov.in/resource/state-wise-details-funds-approved-and-sanctionedreleased-under-centrally-sponsored-state,https://api.data.gov.in/resource/474eeb65-acb4-461a-a43b-96362b92bee2?api-key=YOUR_KEY&format=csv&limit=1000
PMKVY,"District-wise candidates trained and number of TCs in State of Jammu and Kashmir under PMKVY 2016-20 (in reply to Unstarred Question on December 19, 2018) (From : Ministry of Skill Development and Entrepreneurship)",Rajya Sabha,2021-09-08,1,a9996e65-5331-4b0d-a875-b475f73db2cd,https://www.data.gov.in/resource/district-wise-candidates-trained-and-number-tcs-state-jammu-and-kashmir-under-pmkvy-2016,https://api.data.gov.in/resource/a9996e65-5331-4b0d-a875-b475f73db2cd?api-key=YOUR_KEY&format=csv&limit=1000
PMKVY,"District-wise Number of Empanelled TCs, PMKKs, Candidates Trained and Certified under Pradhan Mantri Kaushal Vikas Yojana (PMKVY) 2016-20 in State of Maharashtra, as on 11 November, 2019 (From: Ministry of Skill Development and Entrepreneurship)",Rajya Sabha,2021-09-08,1,ad2e07c0-4c74-47c5-8dd6-bef41a46d185,https://www.data.gov.in/resource/district-wise-number-empanelled-tcs-pmkks-candidates-trained-and-certified-under-pradhan,https://api.data.gov.in/resource/ad2e07c0-4c74-47c5-8dd6-bef41a46d185?api-key=YOUR_KEY&format=csv&limit=1000
PMKVY,State/ UT-wise Numbers of Candidates Trained in Fresh Trainings and Recognition of Prior Learning (RPL) under Pradhan Mantri Kaushal Vikas Yojana (PMKVY) during 2015-16 (as on 11-11-2016) (From: Ministry of Skill Development and Entrepreneurship ),Rajya Sabha,2021-09-08,1,ebc4763b-6b65-4a7b-b47d-2a14815e60cf,https://www.data.gov.in/resource/state-ut-wise-numbers-candidates-trained-fresh-trainings-and-recognition-prior-learning,https://api.data.gov.in/resource/ebc4763b-6b65-4a7b-b47d-2a14815e60cf?api-key=YOUR_KEY&format=csv&limit=1000
PMKVY,State/UT-wise Candidates Trained and Placed under Pradhan Mantri Kaushal Vikas Yojana (PMKVY) As on 1.02.2018 (From: Ministry of Labour and Employment),Rajya Sabha,2021-09-08,1,b5706b85-0ef6-436f-8f46-32365395cbe4,https://www.data.gov.in/resource/stateut-wise-candidates-trained-and-placed-under-pradhan-mantri-kaushal-vikas-yojana-pmkvy,https://api.data.gov.in/resource/b5706b85-0ef6-436f-8f46-32365395cbe4?api-key=YOUR_KEY&format=csv&limit=1000
PMKVY,"State/UT-wise Women Placed and Percentage of Self Employment under STT and SP Component of PMKVY 2.0 (in reply to Unstarred Question on 18 July, 2019) (From: Ministry of Women and Child Development)",Rajya Sabha,2021-09-08,1,7d924d03-dc31-4ace-9df2-f13a9bef5cc8,https://www.data.gov.in/resource/stateut-wise-women-placed-and-percentage-self-employment-under-stt-and-sp-component-pmkvy,https://api.data.gov.in/resource/7d924d03-dc31-4ace-9df2-f13a9bef5cc8?api-key=YOUR_KEY&format=csv&limit=1000
Jan Shikshan Sansthan,State/UT-wise Number of Enterprises Started under Entrepreneurial Climate through Training of Trainers (ToTs) and EDP in Jan Shikshan Sansthans (JSSs) Project from October 2022 to September 2023,Rajya Sabha,2025-07-17,1,71b5ded0-271b-4c57-ba54-84ef1b2ee3a4,https://www.data.gov.in/resource/stateut-wise-number-enterprises-started-under-entrepreneurial-climate-through-training,https://api.data.gov.in/resource/71b5ded0-271b-4c57-ba54-84ef1b2ee3a4?api-key=YOUR_KEY&format=csv&limit=1000
Jan Shikshan Sansthan,State/UT-wise Details of Funds Released under Jan Shikshan Sansthan (JSS) Scheme from 2021-22 to 2023-24,Rajya Sabha,2025-07-17,1,3f7553ce-d094-42c4-966e-8c382d94e7e5,https://www.data.gov.in/resource/stateut-wise-details-funds-released-under-jan-shikshan-sansthan-jss-scheme-2021-22-2023-24,https://api.data.gov.in/resource/3f7553ce-d094-42c4-966e-8c382d94e7e5?api-key=YOUR_KEY&format=csv&limit=1000
Jan Shikshan Sansthan,Sector-wise Number Candidates Trained in Assistant Computer Operator Job role in IT-ITES Sector under Jan Shikshan Sansthan (JSS) from 2018-19 to 2024-25,Rajya Sabha,2025-07-17,1,b513c3b0-083a-4d4e-b716-9691be70c6b7,https://www.data.gov.in/resource/sector-wise-number-candidates-trained-assistant-computer-operator-job-role-it-ites-sector,https://api.data.gov.in/resource/b513c3b0-083a-4d4e-b716-9691be70c6b7?api-key=YOUR_KEY&format=csv&limit=1000
Jan Shikshan Sansthan,State/UT-wise Number of Jan Shikshan Sansthans (JSSs) Established in the Country as on 28-02-2025,Rajya Sabha,2025-07-17,1,6e0ddcf6-ab0d-4d2d-bd9c-efebc7b032d7,https://www.data.gov.in/resource/stateut-wise-number-jan-shikshan-sansthans-jsss-established-country-28-02-2025,https://api.data.gov.in/resource/6e0ddcf6-ab0d-4d2d-bd9c-efebc7b032d7?api-key=YOUR_KEY&format=csv&limit=1000
Jan Shikshan Sansthan,State/UT-wise Number of Beneficiaries Trained under Jan Shikshan Sansthans (JSSs) Scheme from 2021-22 to 2024-25,Rajya Sabha,2025-07-17,1,dfc6410a-5ba3-4d1f-a03a-57b0c6561bf1,https://www.data.gov.in/resource/stateut-wise-number-beneficiaries-trained-under-jan-shikshan-sansthans-jsss-scheme-2021-22,https://api.data.gov.in/resource/dfc6410a-5ba3-4d1f-a03a-57b0c6561bf1?api-key=YOUR_KEY&format=csv&limit=1000
Jan Shikshan Sansthan,State/UT-wise Details of Funds Released for for Skill Development under Jan Shikshan Sansthan (JSS) from 2019-20 to 2023-24,Rajya Sabha,2025-05-30,1,f92ca91b-f622-4a79-800f-6c875d918bca,https://www.data.gov.in/resource/stateut-wise-details-funds-released-skill-development-under-jan-shikshan-sansthan-jss-2019,https://api.data.gov.in/resource/f92ca91b-f622-4a79-800f-6c875d918bca?api-key=YOUR_KEY&format=csv&limit=1000
Jan Shikshan Sansthan,State/UT-wise Number of Candidates Trained under Jan Shikshan Sansthan (JSS) from 2019-20 to 2023-24,Rajya Sabha,2025-04-15,1,4257641f-e1fa-462c-b66b-50db7bb5705a,https://www.data.gov.in/resource/stateut-wise-number-candidates-trained-under-jan-shikshan-sansthan-jss-2019-20-2023-24,https://api.data.gov.in/resource/4257641f-e1fa-462c-b66b-50db7bb5705a?api-key=YOUR_KEY&format=csv&limit=1000
Jan Shikshan Sansthan,Sector-wise Training Imparted by Jan Shikshan Sansthan (JSS) to Divyangjan during 2018 & 2019 (From: Ministry of Skill Development and Entrepreneurship),Rajya Sabha,2025-02-17,1,ab12c2ee-f1ec-4781-96a4-f9c1fe99b270,https://www.data.gov.in/resource/sector-wise-training-imparted-jan-shikshan-sansthan-jss-divyangjan-during-2018-2019,https://api.data.gov.in/resource/ab12c2ee-f1ec-4781-96a4-f9c1fe99b270?api-key=YOUR_KEY&format=csv&limit=1000
Jan Shikshan Sansthan,Sector-wise Beneficiaries Trained by Jan Shikshan Sansthan (JSS) during 2018 & 2019 (From: Ministry of Skill Development and Entrepreneurship),Rajya Sabha,2025-02-17,1,425f5293-dccc-4c8a-a065-8ca26886561e,https://www.data.gov.in/resource/sector-wise-beneficiaries-trained-jan-shikshan-sansthan-jss-during-2018-2019-ministry,https://api.data.gov.in/resource/425f5293-dccc-4c8a-a065-8ca26886561e?api-key=YOUR_KEY&format=csv&limit=1000
Jan Shikshan Sansthan,State/UT-wise Beneficiaries Trained by Jan Shikshan Sansthan (JSS) during 2018 & 2019 (From: Ministry of Skill Development and Entrepreneurship),Rajya Sabha,2025-02-17,1,914df0c0-3137-4028-a4c2-356a3a80411d,https://www.data.gov.in/resource/stateut-wise-beneficiaries-trained-jan-shikshan-sansthan-jss-during-2018-2019-ministry,https://api.data.gov.in/resource/914df0c0-3137-4028-a4c2-356a3a80411d?api-key=YOUR_KEY&format=csv&limit=1000
Jan Shikshan Sansthan,Physical Performance of the JSS scheme in State of Rajasthan and West Bengal from 2014-15 to 2018-19 (From: Ministry of Skill Development and Entrepreneurship),Rajya Sabha,2025-02-17,1,66979c7d-339d-472f-a1db-886fd9e44943,https://www.data.gov.in/resource/physical-performance-jss-scheme-state-rajasthan-and-west-bengal-2014-15-2018-19-ministry,https://api.data.gov.in/resource/66979c7d-339d-472f-a1db-886fd9e44943?api-key=YOUR_KEY&format=csv&limit=1000
Jan Shikshan Sansthan,State-wise Number of Jan Shikshan Sansthan (JSS) Trainees Imparted Entrepreneurship Development Programme (EDP) Training during 2022-23,Rajya Sabha,2024-10-23,1,2d904156-457b-4332-adfd-dc4193600e24,https://www.data.gov.in/resource/state-wise-number-jan-shikshan-sansthan-jss-trainees-imparted-entrepreneurship-development,https://api.data.gov.in/resource/2d904156-457b-4332-adfd-dc4193600e24?api-key=YOUR_KEY&format=csv&limit=1000
Jan Shikshan Sansthan,State/UT-wise Grant Released under Jan Shikshan Sansthan (JSS) from 2019-20 to 2023-24,Rajya Sabha,2024-10-23,1,31aa2cf1-82e8-44ce-817f-42ceb708b394,https://www.data.gov.in/resource/stateut-wise-grant-released-under-jan-shikshan-sansthan-jss-2019-20-2023-24,https://api.data.gov.in/resource/31aa2cf1-82e8-44ce-817f-42ceb708b394?api-key=YOUR_KEY&format=csv&limit=1000
Jan Shikshan Sansthan,State/UT-wise Details of Trained Beneficiaries under Jan Shikshan Sansthan (JSS) Scheme from 2018-19 to 2023-24,Rajya Sabha,2024-10-23,1,a27e9cd7-6cb0-4a13-a8b6-4d9baed228a3,https://www.data.gov.in/resource/stateut-wise-details-trained-beneficiaries-under-jan-shikshan-sansthan-jss-scheme-2018-19,https://api.data.gov.in/resource/a27e9cd7-6cb0-4a13-a8b6-4d9baed228a3?api-key=YOUR_KEY&format=csv&limit=1000
Jan Shikshan Sansthan,District-wise Number of Candidates trained under Jan Shikshan Sansthan (JSS) in Chhattisgarh from 2020-21 to 2022-23,Rajya Sabha,2024-08-27,1,7810a99f-0e1a-4f59-b001-2137f345706e,https://www.data.gov.in/resource/district-wise-number-candidates-trained-under-jan-shikshan-sansthan-jss-chhattisgarh-2020,https://api.data.gov.in/resource/7810a99f-0e1a-4f59-b001-2137f345706e?api-key=YOUR_KEY&format=csv&limit=1000
Jan Shikshan Sansthan,State/UT wise Details of Fund Released under Jan Shikshan Sansthan (JSS) Schemes from 2021-21 to 2022-23,Rajya Sabha,2024-08-27,1,b584663b-0030-4951-8160-f5de0141579f,https://www.data.gov.in/resource/stateut-wise-details-fund-released-under-jan-shikshan-sansthan-jss-schemes-2021-21-2022-23,https://api.data.gov.in/resource/b584663b-0030-4951-8160-f5de0141579f?api-key=YOUR_KEY&format=csv&limit=1000
Jan Shikshan Sansthan,State/UT-wise Details of Fund Released under Jan Shikshan Sansthan (JSS) from 2020-21 to 2022-23,Rajya Sabha,2024-05-07,1,f02de747-a117-4258-8b00-2a2d31d1fb29,https://www.data.gov.in/resource/stateut-wise-details-fund-released-under-jan-shikshan-sansthan-jss-2020-21-2022-23,https://api.data.gov.in/resource/f02de747-a117-4258-8b00-2a2d31d1fb29?api-key=YOUR_KEY&format=csv&limit=1000
Jan Shikshan Sansthan,State/UT-wise Number of Candidates Trained under Jan Shikshan Sansthan (JSS) Scheme from 2019-20 to 2022-23,Rajya Sabha,2024-04-04,1,4c081753-b906-4c4f-bc0b-c4867b53b886,https://www.data.gov.in/resource/stateut-wise-number-candidates-trained-under-jan-shikshan-sansthan-jss-scheme-2019-20-2022,https://api.data.gov.in/resource/4c081753-b906-4c4f-bc0b-c4867b53b886?api-key=YOUR_KEY&format=csv&limit=1000
Jan Shikshan Sansthan,State/UT-wise Details of Grant-in-Jan Shikshan Sansthan(JSS) from 2018-19 to 2022-23,Rajya Sabha,2024-02-23,1,219b5f42-c6fe-4777-bdca-789a6c32a21a,https://www.data.gov.in/resource/stateut-wise-details-grant-jan-shikshan-sansthanjss-2018-19-2022-23,https://api.data.gov.in/resource/219b5f42-c6fe-4777-bdca-789a6c32a21a?api-key=YOUR_KEY&format=csv&limit=1000
Jan Shikshan Sansthan,"Year-wise Details of Jan Shikshan Sansthans (JSS) Trained Beneficiaries in the state of Odisha, from 2018-19 to 2022-23",Rajya Sabha,2024-02-23,0,526a8546-6bac-4612-a636-c2f4cc7882f4,https://www.data.gov.in/resource/year-wise-details-jan-shikshan-sansthans-jss-trained-beneficiaries-state-odisha-2018-19,https://api.data.gov.in/resource/526a8546-6bac-4612-a636-c2f4cc7882f4?api-key=YOUR_KEY&format=csv&limit=1000
Jan Shikshan Sansthan,Year-wise Number of Persons Trained in the North-Eastern Region (NER) under Jan Shikshan Sansthan(JSS) in Assam from 2020-21 to 2023-24,Rajya Sabha,2024-02-20,0,2db5f24f-97a0-4ec2-a155-198ba1fbf69f,https://www.data.gov.in/resource/year-wise-number-persons-trained-north-eastern-region-ner-under-jan-shikshan-sansthanjss,https://api.data.gov.in/resource/2db5f24f-97a0-4ec2-a155-198ba1fbf69f?api-key=YOUR_KEY&format=csv&limit=1000
Jan Shikshan Sansthan,State/UT-wise Training Data under Jan Shikshan Sansthan (JSS) from 2018-19 to 2022-23,Rajya Sabha,2023-05-19,1,8ab58913-a047-42bc-a1a7-38fc542ee7f6,https://www.data.gov.in/resource/stateut-wise-training-data-under-jan-shikshan-sansthan-jss-2018-19-2022-23,https://api.data.gov.in/resource/8ab58913-a047-42bc-a1a7-38fc542ee7f6?api-key=YOUR_KEY&format=csv&limit=1000
Jan Shikshan Sansthan,State/UT-wise Total Scheduled Castes (SCs) Scheduled Tribes (STs) and Minority Candidates Trained under Jan Shikshan Sansthan (JSS) upto September 2022,Rajya Sabha,2023-05-19,1,ca4af159-e873-4f2f-a0bf-f9608776aacf,https://www.data.gov.in/resource/stateut-wise-total-scheduled-castes-scs-scheduled-tribes-sts-and-minority-candidates,https://api.data.gov.in/resource/ca4af159-e873-4f2f-a0bf-f9608776aacf?api-key=YOUR_KEY&format=csv&limit=1000
Jan Shikshan Sansthan,State/UTs-wise Male/Female Candidates Trained under Jan Shikshan Sansthan (JSS) Scheme from 2019-20 to 2021-22,Rajya Sabha,2023-04-03,1,622ddac5-90d9-4d74-8cfc-7f186082b0c2,https://www.data.gov.in/resource/stateuts-wise-malefemale-candidates-trained-under-jan-shikshan-sansthan-jss-scheme-2019-20,https://api.data.gov.in/resource/622ddac5-90d9-4d74-8cfc-7f186082b0c2?api-key=YOUR_KEY&format=csv&limit=1000
Jan Shikshan Sansthan,State/UTs-wise Trained Candidates under Jan Shikshan Sansthan (JSS) Scheme from 2018-19 to 2022-23 (upto 30-09-2022),Rajya Sabha,2023-04-03,1,5ca3d663-3357-47ce-950e-722abccc1c21,https://www.data.gov.in/resource/stateuts-wise-trained-candidates-under-jan-shikshan-sansthan-jss-scheme-2018-19-2022-23,https://api.data.gov.in/resource/5ca3d663-3357-47ce-950e-722abccc1c21?api-key=YOUR_KEY&format=csv&limit=1000
Jan Shikshan Sansthan,State/UTs-wise Total Beneficiaries Trained under Jan Shikshan Sansthan (JSS) from 2018-19 to 2021-22,Rajya Sabha,2023-01-10,1,c07170d5-e3e5-4a54-8976-5834c39d856e,https://www.data.gov.in/resource/stateuts-wise-total-beneficiaries-trained-under-jan-shikshan-sansthan-jss-2018-19-2021-22,https://api.data.gov.in/resource/c07170d5-e3e5-4a54-8976-5834c39d856e?api-key=YOUR_KEY&format=csv&limit=1000
Jan Shikshan Sansthan,State/UTs-wise Enrolled Candidates under Jan Shikshan Sansthan (JSS) from 2016-17 to 2020-21,Rajya Sabha,2022-09-09,1,bb2639c4-378f-4ca5-8ff7-a35f0662acb2,https://www.data.gov.in/resource/stateuts-wise-enrolled-candidates-under-jan-shikshan-sansthan-jss-2016-17-2020-21,https://api.data.gov.in/resource/bb2639c4-378f-4ca5-8ff7-a35f0662acb2?api-key=YOUR_KEY&format=csv&limit=1000
Jan Shikshan Sansthan,State/UTs-wise Grants-in-Aid Released to Jan Shikshan Sansthans (JSS)during 2020-21,Rajya Sabha,2022-07-08,1,d8ad91a7-4de8-4be0-8f59-406c8fc90414,https://www.data.gov.in/resource/stateuts-wise-grants-aid-released-jan-shikshan-sansthans-jssduring-2020-21,https://api.data.gov.in/resource/d8ad91a7-4de8-4be0-8f59-406c8fc90414?api-key=YOUR_KEY&format=csv&limit=1000
Jan Shikshan Sansthan,"State/UTs-wise Established Jan Shikshan Sansthans (JSSs) (in reply to Unstarred Question on 22 December, 2021)",Rajya Sabha,2022-07-08,1,62cd3e03-883f-4712-9d68-ba076b6d8180,https://www.data.gov.in/resource/stateuts-wise-established-jan-shikshan-sansthans-jsss-reply-unstarred-question-22-december,https://api.data.gov.in/resource/62cd3e03-883f-4712-9d68-ba076b6d8180?api-key=YOUR_KEY&format=csv&limit=1000
Jan Shikshan Sansthan,"District-wise Enrolled and Assessed in  Jan Shikshan Sansthan (JSS) as on 27 April, 2022",Ministry of Skill Development And Entrepreneurship,2022-05-26,1,6bd63a89-58cc-4a25-971e-7fb1e5f6775f,https://www.data.gov.in/resource/district-wise-enrolled-and-assessed-jan-shikshan-sansthan-jss-27-april-2022,https://api.data.gov.in/resource/6bd63a89-58cc-4a25-971e-7fb1e5f6775f?api-key=YOUR_KEY&format=csv&limit=1000
Jan Shikshan Sansthan,"State/UT-wise Existing Jan Shikshan Sansthan (JSS) (in reply to Unstarred Question on 30 July, 2021)",Rajya Sabha,2022-03-30,0,ff72aace-02a8-42a7-89f2-a0b824e0e82c,https://www.data.gov.in/resource/stateut-wise-existing-jan-shikshan-sansthan-jss-reply-unstarred-question-30-july-2021,https://api.data.gov.in/resource/ff72aace-02a8-42a7-89f2-a0b824e0e82c?api-key=YOUR_KEY&format=csv&limit=1000
Jan Shikshan Sansthan,State/UT-wise Candidates Trained under JSS during 2020-21 (From: Ministry of Skill Development and Entrepreneurship),Rajya Sabha,2022-01-27,1,5bf0cec8-d064-4cdf-9467-ea94c9237393,https://www.data.gov.in/resource/stateut-wise-candidates-trained-under-jss-during-2020-21-ministry-skill-development-and,https://api.data.gov.in/resource/5bf0cec8-d064-4cdf-9467-ea94c9237393?api-key=YOUR_KEY&format=csv&limit=1000
Jan Shikshan Sansthan,State/UT-wise Number of Candidates Trained under JSS from 2018-19 to 2020-21 (From: Ministry of Skill Development and Entrepreneurship),Rajya Sabha,2022-01-27,1,5d5e76bc-e7fc-4ae4-871e-c613f519df5e,https://www.data.gov.in/resource/stateut-wise-number-candidates-trained-under-jss-2018-19-2020-21-ministry-skill,https://api.data.gov.in/resource/5d5e76bc-e7fc-4ae4-871e-c613f519df5e?api-key=YOUR_KEY&format=csv&limit=1000
Jan Shikshan Sansthan,State/UT-wise and Year-wise Candidates Trained under JSS from 2015-16 to 2020-21 (From: Ministry of Skill Development and Entrepreneurship),Rajya Sabha,2022-01-27,1,00e5e65d-1f88-4814-aedb-c61eb23ab055,https://www.data.gov.in/resource/stateut-wise-and-year-wise-candidates-trained-under-jss-2015-16-2020-21-ministry-skill,https://api.data.gov.in/resource/00e5e65d-1f88-4814-aedb-c61eb23ab055?api-key=YOUR_KEY&format=csv&limit=1000
Jan Shikshan Sansthan,State/UT-wise Jan Shikshan Sansthans indicating BPL Youth Enrolled during 2018-20 (From: Ministry of Skill Development and Entrepreneurship),Rajya Sabha,2021-09-08,1,860dce2e-5002-477d-b421-2a5b0371165c,https://www.data.gov.in/resource/stateut-wise-jan-shikshan-sansthans-indicating-bpl-youth-enrolled-during-2018-20-ministry,https://api.data.gov.in/resource/860dce2e-5002-477d-b421-2a5b0371165c?api-key=YOUR_KEY&format=csv&limit=1000
Jan Shikshan Sansthan,State/UT-wise Coverage of Beneficiaries by Jan Shikshan Sansthans from 2014-15 to 2016-17 (From: Ministry of Human Resource Development),Rajya Sabha,2021-09-08,1,a83b9c75-8af7-4ae8-b300-0ca078493068,https://www.data.gov.in/resource/stateut-wise-coverage-beneficiaries-jan-shikshan-sansthans-2014-15-2016-17-ministry-human,https://api.data.gov.in/resource/a83b9c75-8af7-4ae8-b300-0ca078493068?api-key=YOUR_KEY&format=csv&limit=1000
DDU-GKY / rural skilling,"Year-wise Candidates Enrolled, Trained and Placed under Deen Dayal Upadhyaya Grameen Kaushalya Yojana (DDU-GKY) in Raigad, Ratnagiri and Sindhudurg Districts of Maharashtra from 2014-15 to 2025-26",Rajya Sabha,2026-09-24,0,49c937cb-245b-4ff4-9981-b133dfb75f15,https://www.data.gov.in/resource/year-wise-candidates-enrolled-trained-and-placed-under-deen-dayal-upadhyaya-grameen,https://api.data.gov.in/resource/49c937cb-245b-4ff4-9981-b133dfb75f15?api-key=YOUR_KEY&format=csv&limit=1000
DDU-GKY / rural skilling,State/UT-wise Details of Unspent Balance under Rural Self Employment Training Institutes (RSETI) as on 09-02-2026,Rajya Sabha,2026-09-23,0,52e6747f-edfb-41bb-b588-6016e03b37ac,https://www.data.gov.in/resource/stateut-wise-details-unspent-balance-under-rural-self-employment-training-institutes-rseti,https://api.data.gov.in/resource/52e6747f-edfb-41bb-b588-6016e03b37ac?api-key=YOUR_KEY&format=csv&limit=1000
DDU-GKY / rural skilling,State-wise Funds Released to Southern States under Rural Self Employment Training Institutes (RSETI) from 2022-23 to 2024-25,Rajya Sabha,2026-09-23,0,cbe7a47e-f8c7-4ffd-bab1-c10446d8cfb3,https://www.data.gov.in/resource/state-wise-funds-released-southern-states-under-rural-self-employment-training-institutes,https://api.data.gov.in/resource/cbe7a47e-f8c7-4ffd-bab1-c10446d8cfb3?api-key=YOUR_KEY&format=csv&limit=1000
DDU-GKY / rural skilling,"State/UT-wise Number of Operational RSETIs, Candidates Trained and Settled Along with Self-employment Percentage under Rural Self Employment Training Institutes (RSETIs) Scheme Till January 2026",Rajya Sabha,2026-09-23,0,9d18c87e-a094-4ec5-8b80-5f232f6b7e9b,https://www.data.gov.in/resource/stateut-wise-number-operational-rsetis-candidates-trained-and-settled-along-self,https://api.data.gov.in/resource/9d18c87e-a094-4ec5-8b80-5f232f6b7e9b?api-key=YOUR_KEY&format=csv&limit=1000
DDU-GKY / rural skilling,State/UT-wise Number of Candidates Trained and Placed under Deen Dayal Upadhyaya Grameen Kaushalya Yojana (DDU-GKY) during Till February 2026,Rajya Sabha,2026-09-23,0,ec3c9446-efc8-4c29-8d8f-5d4d8dab7857,https://www.data.gov.in/resource/stateut-wise-number-candidates-trained-and-placed-under-deen-dayal-upadhyaya-grameen,https://api.data.gov.in/resource/ec3c9446-efc8-4c29-8d8f-5d4d8dab7857?api-key=YOUR_KEY&format=csv&limit=1000
DDU-GKY / rural skilling,State/UT wise Details of Funds Released under Deen Dayal Upadhyaya Grameen Kaushalya Yojana (DDU-GKY) from 2018-19 to 2025-26,Rajya Sabha,2026-09-23,0,3a4f7f9d-b068-430c-ad91-c7522354e3f0,https://www.data.gov.in/resource/stateut-wise-details-funds-released-under-deen-dayal-upadhyaya-grameen-kaushalya-yojana-1,https://api.data.gov.in/resource/3a4f7f9d-b068-430c-ad91-c7522354e3f0?api-key=YOUR_KEY&format=csv&limit=1000
DDU-GKY / rural skilling,Category-wise Number of Candidates Trained and Placed under Deen Dayal Upadhyaya Grameen Kaushalya Yojana (DDU-GKY) from 2018-19 to 2025-26,Rajya Sabha,2026-09-23,0,10e908cf-6b83-48b1-9070-23e04e47b964,https://www.data.gov.in/resource/category-wise-number-candidates-trained-and-placed-under-deen-dayal-upadhyaya-grameen,https://api.data.gov.in/resource/10e908cf-6b83-48b1-9070-23e04e47b964?api-key=YOUR_KEY&format=csv&limit=1000
DDU-GKY / rural skilling,State-wise Details of Funds Released to Southern States under Deen Dayal Upadhyaya Grameen Kaushalya Yojana (DDU-GKY) from 2022-23 to 2024-25,Rajya Sabha,2026-09-23,0,8a5a641e-4fae-45f1-a946-f5a39ca5ebf2,https://www.data.gov.in/resource/state-wise-details-funds-released-southern-states-under-deen-dayal-upadhyaya-grameen,https://api.data.gov.in/resource/8a5a641e-4fae-45f1-a946-f5a39ca5ebf2?api-key=YOUR_KEY&format=csv&limit=1000
DDU-GKY / rural skilling,State/UT-wise Details of Unspent Balance in the Bank Account of State Nodal Agency (SNA) under Deen Dayal Upadhyaya Grameen Kaushalya Yojana (DDU-GKY) as on 03-02-2026,Rajya Sabha,2026-09-23,0,30001c03-2125-423e-9f9a-6d96ae988963,https://www.data.gov.in/resource/stateut-wise-details-unspent-balance-bank-account-state-nodal-agency-sna-under-deen-dayal,https://api.data.gov.in/resource/30001c03-2125-423e-9f9a-6d96ae988963?api-key=YOUR_KEY&format=csv&limit=1000
DDU-GKY / rural skilling,State/UT-wise Number of Women Candidates Trained and Placed under Deen Dayal Upadhyaya Grameen Kaushalya Yojana (DDU-GKY) from 2021-22 to 2023-24,Rajya Sabha,2025-07-21,1,7179473c-8d34-47b4-b519-478defa18186,https://www.data.gov.in/resource/stateut-wise-number-women-candidates-trained-and-placed-under-deen-dayal-upadhyaya-grameen,https://api.data.gov.in/resource/7179473c-8d34-47b4-b519-478defa18186?api-key=YOUR_KEY&format=csv&limit=1000
DDU-GKY / rural skilling,State/UT-wise Details of Funds Provided to Rural Self Employment Training Institutes (RSETIs) under the Scheme towards Reimbursement of Training Cost from 2014-15 to 2024-25,Rajya Sabha,2025-07-17,1,caa83deb-49c3-440c-9bef-f08c12ca030b,https://www.data.gov.in/resource/stateut-wise-details-funds-provided-rural-self-employment-training-institutes-rsetis-under,https://api.data.gov.in/resource/caa83deb-49c3-440c-9bef-f08c12ca030b?api-key=YOUR_KEY&format=csv&limit=1000
DDU-GKY / rural skilling,State/UT-wise Number of Women Candidates Trained and Placed under Rural Self Employment Training Institutes (RSETIs) from 2021-22 to 2023-24,Rajya Sabha,2025-07-17,1,f609e9b2-665d-44e0-87fb-253060adc2f0,https://www.data.gov.in/resource/stateut-wise-number-women-candidates-trained-and-placed-under-rural-self-employment,https://api.data.gov.in/resource/f609e9b2-665d-44e0-87fb-253060adc2f0?api-key=YOUR_KEY&format=csv&limit=1000
DDU-GKY / rural skilling,State/UT-wise Number of Candidates Trained under Rural Self Employment Training Institute (RSETI) Scheme from 2021-22 to 2023-24,Rajya Sabha,2025-07-17,1,46c2288e-7c55-4b77-b3e5-1c46e93ced47,https://www.data.gov.in/resource/stateut-wise-number-candidates-trained-under-rural-self-employment-training-institute,https://api.data.gov.in/resource/46c2288e-7c55-4b77-b3e5-1c46e93ced47?api-key=YOUR_KEY&format=csv&limit=1000
DDU-GKY / rural skilling,State/UT-wise Details of Funds Released under Rural Self Employment Training Institute (RSETI) Scheme from 2021-22 to 2023-24,Rajya Sabha,2025-07-17,1,8d53c5ec-5dee-48b0-8fd2-314300ca914c,https://www.data.gov.in/resource/stateut-wise-details-funds-released-under-rural-self-employment-training-institute-rseti,https://api.data.gov.in/resource/8d53c5ec-5dee-48b0-8fd2-314300ca914c?api-key=YOUR_KEY&format=csv&limit=1000
DDU-GKY / rural skilling,Year-wise Number of Candidates Trained and Placed under Deen Dayal Upadhyay-Grameen Kaushal Yojana (DDU-GKY) from 2014-15 to 2024-25,Rajya Sabha,2025-07-17,1,dfe7aa7a-e807-4498-9726-8aaf0e905603,https://www.data.gov.in/resource/year-wise-number-candidates-trained-and-placed-under-deen-dayal-upadhyay-grameen-kaushal,https://api.data.gov.in/resource/dfe7aa7a-e807-4498-9726-8aaf0e905603?api-key=YOUR_KEY&format=csv&limit=1000
DDU-GKY / rural skilling,State/UT-wise Number of Candidates Trained under Deen Dayal Upadhyaya Grameen Kaushalya Yojana (DDU-GKY) Scheme from 2021-22 to 2023-24,Rajya Sabha,2025-07-17,1,c17a49d9-0dbd-49ee-be64-75f3bd3030dd,https://www.data.gov.in/resource/stateut-wise-number-candidates-trained-under-deen-dayal-upadhyaya-grameen-kaushalya-yojana,https://api.data.gov.in/resource/c17a49d9-0dbd-49ee-be64-75f3bd3030dd?api-key=YOUR_KEY&format=csv&limit=1000
DDU-GKY / rural skilling,State/UT-wise Details of Funds Released under Deen Dayal Upadhyaya Grameen Kaushalya Yojana (DDU-GKY) Scheme from 2021-22 to 2023-24,Rajya Sabha,2025-07-17,1,6e001ffb-2003-42c6-ab0a-361d3d047cae,https://www.data.gov.in/resource/stateut-wise-details-funds-released-under-deen-dayal-upadhyaya-grameen-kaushalya-yojana-0,https://api.data.gov.in/resource/6e001ffb-2003-42c6-ab0a-361d3d047cae?api-key=YOUR_KEY&format=csv&limit=1000
DDU-GKY / rural skilling,Year-wise Details of Funds Relased under Deen Dayal Upadhyay-Grameen Kaushal Yojana (DDU-GKY) in Himachal Pradesh from 2022-23 to 2024-25,Rajya Sabha,2025-06-27,1,56f9a3ec-46d4-4ddb-b955-e9579e0304cf,https://www.data.gov.in/resource/year-wise-details-funds-relased-under-deen-dayal-upadhyay-grameen-kaushal-yojana-ddu-gky,https://api.data.gov.in/resource/56f9a3ec-46d4-4ddb-b955-e9579e0304cf?api-key=YOUR_KEY&format=csv&limit=1000
DDU-GKY / rural skilling,Year-wise Number of SC/ST Candidates Trained and Placed under Deen Dayal Upadhyay-Grameen Kaushal Yojana (DDU-GKY) in Himachal Pradesh from 2022-23 to 2024-25,Rajya Sabha,2025-06-27,1,a131f246-5a82-4d7a-895f-96ad94b9ffef,https://www.data.gov.in/resource/year-wise-number-scst-candidates-trained-and-placed-under-deen-dayal-upadhyay-grameen,https://api.data.gov.in/resource/a131f246-5a82-4d7a-895f-96ad94b9ffef?api-key=YOUR_KEY&format=csv&limit=1000
DDU-GKY / rural skilling,State/UT-wise Details of Central Share Release to Rural Self Employment Training Institutes (RSETI) under Deen Dayal Antyodaya Yojana - National Rural Livelihoods Mission (DAY-NRLM) as on 11-12-2024,Rajya Sabha,2025-04-29,1,454c8d16-3ea0-4968-b7a0-094300c313c9,https://www.data.gov.in/resource/stateut-wise-details-central-share-release-rural-self-employment-training-institutes-rseti,https://api.data.gov.in/resource/454c8d16-3ea0-4968-b7a0-094300c313c9?api-key=YOUR_KEY&format=csv&limit=1000
DDU-GKY / rural skilling,State/UT-wise Details of Central Share Released under Deendayal Upadhyay Gramin Kaushalya Yojana (DDU-GKY) as on 11-12-2024,Rajya Sabha,2025-04-29,1,7ca65205-2b67-4bf2-bf76-8248fa163b11,https://www.data.gov.in/resource/stateut-wise-details-central-share-released-under-deendayal-upadhyay-gramin-kaushalya,https://api.data.gov.in/resource/7ca65205-2b67-4bf2-bf76-8248fa163b11?api-key=YOUR_KEY&format=csv&limit=1000
DDU-GKY / rural skilling,State/UT-wise Details of Candidates Trained and Settled under Rural Self Employment Training Institutes (RSETI) from 2019-20 to 2024-25,Rajya Sabha,2025-02-20,1,66a522d6-2c49-41ff-87d3-a4bbb4d9c21c,https://www.data.gov.in/resource/stateut-wise-details-candidates-trained-and-settled-under-rural-self-employment-training,https://api.data.gov.in/resource/66a522d6-2c49-41ff-87d3-a4bbb4d9c21c?api-key=YOUR_KEY&format=csv&limit=1000
DDU-GKY / rural skilling,State-wise Number of Candidates Imparted Skill Training and Number of Candidates Placed in Job under DDU-GKY from 2014-15 to 2019-20 (From: Ministry of Rural Development),Rajya Sabha,2025-02-17,1,f818076b-1f98-422a-ad3a-c3e35ae6920e,https://www.data.gov.in/resource/state-wise-number-candidates-imparted-skill-training-and-number-candidates-placed-job,https://api.data.gov.in/resource/f818076b-1f98-422a-ad3a-c3e35ae6920e?api-key=YOUR_KEY&format=csv&limit=1000
DDU-GKY / rural skilling,State-wise Number of Candidates Placed in Jobs after Training under Pt. Deen Dayal Upadhyaya - Grameen Kaushlya Yojana (DDU-GKY) from 2016-17 to 2019-20 (From: Ministry of Labour and Employment),Rajya Sabha,2025-02-17,1,19e5ddef-c016-4c72-b130-50cedba9c376,https://www.data.gov.in/resource/state-wise-number-candidates-placed-jobs-after-training-under-pt-deen-dayal-upadhyaya,https://api.data.gov.in/resource/19e5ddef-c016-4c72-b130-50cedba9c376?api-key=YOUR_KEY&format=csv&limit=1000
DDU-GKY / rural skilling,State/UT-wise Total Number of Candidates Trained and Placed in Jobs/Settled under Rural Self Employment Training Institute (RSETI) Physical Achievement from 2014-15 to 2018-19 (From: Ministry of Rural Development),Rajya Sabha,2025-02-17,1,afd82761-c651-4c8a-8c80-80db51d4f0fe,https://www.data.gov.in/resource/stateut-wise-total-number-candidates-trained-and-placed-jobssettled-under-rural-self,https://api.data.gov.in/resource/afd82761-c651-4c8a-8c80-80db51d4f0fe?api-key=YOUR_KEY&format=csv&limit=1000
DDU-GKY / rural skilling,State-wise Detail of Total Number of Candidates Placed in Jobs after Training under Pt. Deen Dayal Upadhyaya-Grameen Kaushlya Yojana (DDU-GKY) from 2016-17 to 2019-20 (From: Ministry of Labour and Employment),Rajya Sabha,2025-02-17,1,0e1ce5d7-ecb2-4b6b-86d0-67f3d8956907,https://www.data.gov.in/resource/state-wise-detail-total-number-candidates-placed-jobs-after-training-under-pt-deen-dayal,https://api.data.gov.in/resource/0e1ce5d7-ecb2-4b6b-86d0-67f3d8956907?api-key=YOUR_KEY&format=csv&limit=1000
DDU-GKY / rural skilling,State-wise Number of Candidates Trained and Placed in Jobs/Settled under DDU-GKY Physical Achievement from 2014-15 to 2018-19 (From: Ministry of Rural Development),Rajya Sabha,2025-02-17,1,45a86881-1151-4139-9a7c-02e91205e061,https://www.data.gov.in/resource/state-wise-number-candidates-trained-and-placed-jobssettled-under-ddu-gky-physical,https://api.data.gov.in/resource/45a86881-1151-4139-9a7c-02e91205e061?api-key=YOUR_KEY&format=csv&limit=1000
DDU-GKY / rural skilling,State/UT-wise Details of Central Funds Released under Various Schemes of Rural Development under Rural Self Employment Training Institutes (RSETIs) from 2018-19 to 2022-23,Rajya Sabha,2025-02-12,1,092e3a2d-6e9d-41d4-9c2b-7b212220956e,https://www.data.gov.in/resource/stateut-wise-details-central-funds-released-under-various-schemes-rural-development-4,https://api.data.gov.in/resource/092e3a2d-6e9d-41d4-9c2b-7b212220956e?api-key=YOUR_KEY&format=csv&limit=1000
DDU-GKY / rural skilling,"State/UT-wise Number of Rural Youth, both Men and Women Registered under Kaushal Panjee - DDU-GKY (in reply to Unstarred Question on 28th June, 2019) (From: Ministry of Rural Development)",Rajya Sabha,2025-02-12,0,d1d57975-3f7f-4201-8d9e-79f9798bdc20,https://www.data.gov.in/resource/stateut-wise-number-rural-youth-both-men-and-women-registered-under-kaushal-panjee-ddu-gky,https://api.data.gov.in/resource/d1d57975-3f7f-4201-8d9e-79f9798bdc20?api-key=YOUR_KEY&format=csv&limit=1000
DDU-GKY / rural skilling,State/UT-wise Number of Active Training Centres under Deen Dayal Upadhyay Grameen Kaushal Yojana (DDU-GKY) (in reply to Unstarred Question as on 13th December 2024),Rajya Sabha,2025-01-31,1,4e0aa9f8-8f6b-443f-8df7-4eef7c40c93a,https://www.data.gov.in/resource/stateut-wise-number-active-training-centres-under-deen-dayal-upadhyay-grameen-kaushal,https://api.data.gov.in/resource/4e0aa9f8-8f6b-443f-8df7-4eef7c40c93a?api-key=YOUR_KEY&format=csv&limit=1000
DDU-GKY / rural skilling,Year-wise Number of Rural Youth Trained and Placed under Deen Dayal Upadhyay Grameen Kaushal Yojana (DDU-GKY) in the State of Himachal Pradesh from 2019-20 to 2024-25,Rajya Sabha,2025-01-31,1,44cea720-7f34-4df2-b6d8-ae6157e64d8c,https://www.data.gov.in/resource/year-wise-number-rural-youth-trained-and-placed-under-deen-dayal-upadhyay-grameen-kaushal,https://api.data.gov.in/resource/44cea720-7f34-4df2-b6d8-ae6157e64d8c?api-key=YOUR_KEY&format=csv&limit=1000
DDU-GKY / rural skilling,State/UT-wise Details of Funds Release under Rural Self Employment Training Institutes (RSETIs) from 2019-20 to 2023-24,Rajya Sabha,2024-10-23,1,6de74914-56ec-4704-8750-03a1ac42bc6c,https://www.data.gov.in/resource/stateut-wise-details-funds-release-under-rural-self-employment-training-institutes-rsetis,https://api.data.gov.in/resource/6de74914-56ec-4704-8750-03a1ac42bc6c?api-key=YOUR_KEY&format=csv&limit=1000
DDU-GKY / rural skilling,State/UT-wise Details of the Rural Self Employment Training Institutes (RSETIs) Functioning in the Country including the State of Himachal Pradesh (In reply to Unstarred Questionas on 9th August 2024),Rajya Sabha,2024-10-23,1,c3d08ecb-3b36-457d-84a4-8ff4704792f4,https://www.data.gov.in/resource/stateut-wise-details-rural-self-employment-training-institutes-rsetis-functioning-country,https://api.data.gov.in/resource/c3d08ecb-3b36-457d-84a4-8ff4704792f4?api-key=YOUR_KEY&format=csv&limit=1000
DDU-GKY / rural skilling,State/UT-wise Details of Scheduled Caste (SC) Candidates Trained and Settled under Rural Self Employment Training Institute (RSETI) from 2019-20 to 2023-24,Rajya Sabha,2024-10-23,1,dcae36a5-ac44-4204-9b69-5d87480192de,https://www.data.gov.in/resource/stateut-wise-details-scheduled-caste-sc-candidates-trained-and-settled-under-rural-self,https://api.data.gov.in/resource/dcae36a5-ac44-4204-9b69-5d87480192de?api-key=YOUR_KEY&format=csv&limit=1000
DDU-GKY / rural skilling,State/UT-wise Details of Scheduled Tribe (ST) Candidates Trained and Settled under Rural Self Employment Training Institute (RSETI) from 2019-20 to 2023-24,Rajya Sabha,2024-10-23,1,a58b3bda-1b88-404c-a576-09b0bf776cea,https://www.data.gov.in/resource/stateut-wise-details-scheduled-tribe-st-candidates-trained-and-settled-under-rural-self,https://api.data.gov.in/resource/a58b3bda-1b88-404c-a576-09b0bf776cea?api-key=YOUR_KEY&format=csv&limit=1000
DDU-GKY / rural skilling,State/UT-wise Details of Other Backward Classes (OBC) Candidates Trained and Settled under Rural Self Employment Training Institute (RSETI) from 2019-20 to 2023-24,Rajya Sabha,2024-10-23,1,2fd6c5f9-23af-44c8-a5d1-8248ede42311,https://www.data.gov.in/resource/stateut-wise-details-other-backward-classes-obc-candidates-trained-and-settled-under-rural,https://api.data.gov.in/resource/2fd6c5f9-23af-44c8-a5d1-8248ede42311?api-key=YOUR_KEY&format=csv&limit=1000
DDU-GKY / rural skilling,State/UT-wise Details of Funds Release under Deen Dayal Upadhayay - Gramin Kaushalya Yojana (DDU-GKY) from 2019-20 to 2023-24,Rajya Sabha,2024-10-23,1,8fc06b42-8f07-4dcf-9b99-81ac91f0e20e,https://www.data.gov.in/resource/stateut-wise-details-funds-release-under-deen-dayal-upadhayay-gramin-kaushalya-yojana-ddu,https://api.data.gov.in/resource/8fc06b42-8f07-4dcf-9b99-81ac91f0e20e?api-key=YOUR_KEY&format=csv&limit=1000
DDU-GKY / rural skilling,State/UT-wise Physical Achievement under Deen Dayal Upadhyaya Grameen Kaushalya Yojana (DDU-GKY) from 2021-22 to 2023-24,Rajya Sabha,2024-09-09,1,f46be6be-b247-4dc0-8226-3f536e7ceb18,https://www.data.gov.in/resource/stateut-wise-physical-achievement-under-deen-dayal-upadhyaya-grameen-kaushalya-yojana-ddu,https://api.data.gov.in/resource/f46be6be-b247-4dc0-8226-3f536e7ceb18?api-key=YOUR_KEY&format=csv&limit=1000
DDU-GKY / rural skilling,State/UT-wise Details of Candidates Trained and Settled under Rural Self Employment and Training Institutes (RSETI) from 2021-22 to 2023-24,Rajya Sabha,2024-09-09,1,2926ada3-3fd8-4587-a977-09ee4c166a1d,https://www.data.gov.in/resource/stateut-wise-details-candidates-trained-and-settled-under-rural-self-employment-and,https://api.data.gov.in/resource/2926ada3-3fd8-4587-a977-09ee4c166a1d?api-key=YOUR_KEY&format=csv&limit=1000
DDU-GKY / rural skilling,State/UT-wise Number of Candidates Trained and Placed under Rural Self Employment Training Institutes (RSETI) from 2019-20 to 2023-24,Rajya Sabha,2024-08-27,1,d731407a-8bb6-40a7-aa77-f8ce632044be,https://www.data.gov.in/resource/stateut-wise-number-candidates-trained-and-placed-under-rural-self-employment-training,https://api.data.gov.in/resource/d731407a-8bb6-40a7-aa77-f8ce632044be?api-key=YOUR_KEY&format=csv&limit=1000
DDU-GKY / rural skilling,State/UT- wise Details of Total Unemployed Women Trained and Settled under Rural Self Employment Training Institutes (RSETIs) from 2021-22 to 2023-24,Rajya Sabha,2024-08-27,1,ea666811-2b33-44bb-8f29-d02ea0d8f655,https://www.data.gov.in/resource/stateut-wise-details-total-unemployed-women-trained-and-settled-under-rural-self,https://api.data.gov.in/resource/ea666811-2b33-44bb-8f29-d02ea0d8f655?api-key=YOUR_KEY&format=csv&limit=1000
DDU-GKY / rural skilling,State-wise Number of New Rural Self Employment Training Institutes (RSETIs) to be Opened in the Uncovered Districts (In Reply to Unstarred Question on 06-12-2023),Rajya Sabha,2024-08-27,1,c0e368b7-1448-479e-a889-f06a7535d999,https://www.data.gov.in/resource/state-wise-number-new-rural-self-employment-training-institutes-rsetis-be-opened-uncovered,https://api.data.gov.in/resource/c0e368b7-1448-479e-a889-f06a7535d999?api-key=YOUR_KEY&format=csv&limit=1000
DDU-GKY / rural skilling,Year-wise Details of Total Funds Allocated and Released under Deen Dayal Upadhyay-Grameen Kaushal Yojana (DDU-GKY) from 2018-19 to 2022-23,Rajya Sabha,2024-08-27,1,69b9c4a4-d630-400d-8037-3bace08dbe25,https://www.data.gov.in/resource/year-wise-details-total-funds-allocated-and-released-under-deen-dayal-upadhyay-grameen,https://api.data.gov.in/resource/69b9c4a4-d630-400d-8037-3bace08dbe25?api-key=YOUR_KEY&format=csv&limit=1000
DDU-GKY / rural skilling,"State/UT-wise Details of Candidates Trained, Placed with Rate of Placement under Deen Dayal Upadhyay-Grameen Kaushal Yojana (DDU-GKY) from 2018-19 to 2023-24",Rajya Sabha,2024-08-27,1,ea3fa0be-81cf-4230-be26-f69f04695c62,https://www.data.gov.in/resource/stateut-wise-details-candidates-trained-placed-rate-placement-under-deen-dayal-upadhyay,https://api.data.gov.in/resource/ea3fa0be-81cf-4230-be26-f69f04695c62?api-key=YOUR_KEY&format=csv&limit=1000
DDU-GKY / rural skilling,State/UT-wise Details of Employment Provided (in person-days generated) under Deen Dayal Upadhyaya Grameen Kaushalya Yojana (DDU-GKY) from 2006-07 to 2023-24,Rajya Sabha,2024-08-27,1,df6391dc-0463-4e9d-9580-df738aa22ec3,https://www.data.gov.in/resource/stateut-wise-details-employment-provided-person-days-generated-under-deen-dayal-upadhyaya,https://api.data.gov.in/resource/df6391dc-0463-4e9d-9580-df738aa22ec3?api-key=YOUR_KEY&format=csv&limit=1000
DDU-GKY / rural skilling,State/UT-wise Details of Central Funds Released under Various Schemes of Rural Development under Deen Dayal Upadhyaya Grameen Kaushalya Yojana (DDU-GKY) from 2018-19 to 2022-23,Rajya Sabha,2024-08-27,1,3ab02ff0-941c-4749-9fcd-185599b58a59,https://www.data.gov.in/resource/stateut-wise-details-central-funds-released-under-various-schemes-rural-development-3,https://api.data.gov.in/resource/3ab02ff0-941c-4749-9fcd-185599b58a59?api-key=YOUR_KEY&format=csv&limit=1000
DDU-GKY / rural skilling,"Year-wise Details of SC, ST and OBC Candidates Trained and Settled under Rural Self Employment Training Institutes (RSETI) from 2020-21 to 2023-24",Rajya Sabha,2024-08-09,1,2008ca01-42d9-4322-b1e5-1b48b45c6ffb,https://www.data.gov.in/resource/year-wise-details-sc-st-and-obc-candidates-trained-and-settled-under-rural-self-employment,https://api.data.gov.in/resource/2008ca01-42d9-4322-b1e5-1b48b45c6ffb?api-key=YOUR_KEY&format=csv&limit=1000
DDU-GKY / rural skilling,State/UT-wise Total Number of New Enterprises formed by Candidates Trained and New Enterprises formed by Women Entrepreneurs under Rural Self Employment Training Institutes (RSETIs) from 2021-22 to 2023-24,Rajya Sabha,2024-08-09,1,64020688-d933-4379-b418-19486ba8e0fc,https://www.data.gov.in/resource/stateut-wise-total-number-new-enterprises-formed-candidates-trained-and-new-enterprises,https://api.data.gov.in/resource/64020688-d933-4379-b418-19486ba8e0fc?api-key=YOUR_KEY&format=csv&limit=1000
DDU-GKY / rural skilling,State-wise Details of Candidates Trained and Placed under DDU-GKY from 2020-21 to 2023-24,Rajya Sabha,2024-04-04,1,22f49a00-f3f2-47ca-b0bc-3f01f659b579,https://www.data.gov.in/resource/state-wise-details-candidates-trained-and-placed-under-ddu-gky-2020-21-2023-24,https://api.data.gov.in/resource/22f49a00-f3f2-47ca-b0bc-3f01f659b579?api-key=YOUR_KEY&format=csv&limit=1000
DDU-GKY / rural skilling,State/UT-wise Details of Funds Released under Deen Dayal Upadhyaya Grameen Kaushalya Yojana (DDU-GKY) during 2022-23,Rajya Sabha,2024-02-23,1,a3f68cf1-23dc-436d-8000-f50bcf0674ef,https://www.data.gov.in/resource/stateut-wise-details-funds-released-under-deen-dayal-upadhyaya-grameen-kaushalya-yojana,https://api.data.gov.in/resource/a3f68cf1-23dc-436d-8000-f50bcf0674ef?api-key=YOUR_KEY&format=csv&limit=1000
DDU-GKY / rural skilling,Sector-wise Numbers of Candidates Trained and Placed under the Deen Dayal Upadhyaya Grameen Kaushalya Yojana (DDU-GKY) Scheme during 2022-23,Rajya Sabha,2024-02-23,1,26766b50-1e1f-474d-82b8-caf2fb5ae125,https://www.data.gov.in/resource/sector-wise-numbers-candidates-trained-and-placed-under-deen-dayal-upadhyaya-grameen,https://api.data.gov.in/resource/26766b50-1e1f-474d-82b8-caf2fb5ae125?api-key=YOUR_KEY&format=csv&limit=1000
DDU-GKY / rural skilling,State/UT-wise Numbers of Candidates Trained and Placed under the Deen Dayal Upadhyaya Grameen Kaushalya Yojana (DDU-GKY) Scheme during 2022-23,Rajya Sabha,2024-02-23,1,eec0f2bf-94be-4fda-995e-fecc939c109b,https://www.data.gov.in/resource/stateut-wise-numbers-candidates-trained-and-placed-under-deen-dayal-upadhyaya-grameen,https://api.data.gov.in/resource/eec0f2bf-94be-4fda-995e-fecc939c109b?api-key=YOUR_KEY&format=csv&limit=1000
DDU-GKY / rural skilling,State-wise Funds Released under Rural Self Employment Training Institutes (RSETIs) from 2017-18 to 2022-23,Rajya Sabha,2024-01-23,1,c6f76660-1147-42ac-a2df-3e449898b70b,https://www.data.gov.in/resource/state-wise-funds-released-under-rural-self-employment-training-institutes-rsetis-2017-18,https://api.data.gov.in/resource/c6f76660-1147-42ac-a2df-3e449898b70b?api-key=YOUR_KEY&format=csv&limit=1000
DDU-GKY / rural skilling,State-wise Details of Candidates Trained and Placed under Rural Self Employment Training Institutes (RSETIs) from 2017-18 to 2022-23,Rajya Sabha,2024-01-23,1,5c7c452d-9cf7-467f-bab0-dba8d725f1ad,https://www.data.gov.in/resource/state-wise-details-candidates-trained-and-placed-under-rural-self-employment-training,https://api.data.gov.in/resource/5c7c452d-9cf7-467f-bab0-dba8d725f1ad?api-key=YOUR_KEY&format=csv&limit=1000
DDU-GKY / rural skilling,District-wise Detials of Punajb State Rural Self Employment Training Institutes (RSETIs) Training & Settlement from 2017-18 to 2021-22,Rajya Sabha,2023-09-21,1,675e5e9d-2f7c-4d59-bf63-bf390dd4e7e1,https://www.data.gov.in/resource/district-wise-detials-punajb-state-rural-self-employment-training-institutes-rsetis,https://api.data.gov.in/resource/675e5e9d-2f7c-4d59-bf63-bf390dd4e7e1?api-key=YOUR_KEY&format=csv&limit=1000
DDU-GKY / rural skilling,State/UT-wise Details of Candidates Settled Including self-employed through Rural Self Employment Training Institutes (RSETIs) from 2017-18 to 2021-22,Rajya Sabha,2023-09-21,1,2f0ada44-7ac6-4e14-bef6-3f18c25a0ffa,https://www.data.gov.in/resource/stateut-wise-details-candidates-settled-including-self-employed-through-rural-self,https://api.data.gov.in/resource/2f0ada44-7ac6-4e14-bef6-3f18c25a0ffa?api-key=YOUR_KEY&format=csv&limit=1000
DDU-GKY / rural skilling,"State/UT-wise Total Number of Beneficiaries of Deen Dayal Upadhyaya Grameen Kaushalya Yojna (DDU-GKY) Since Inception as on November, 2022",Rajya Sabha,2023-05-19,1,402887b5-6cb1-46ed-a6d3-28f4097aefc9,https://www.data.gov.in/resource/stateut-wise-total-number-beneficiaries-deen-dayal-upadhyaya-grameen-kaushalya-yojna-ddu,https://api.data.gov.in/resource/402887b5-6cb1-46ed-a6d3-28f4097aefc9?api-key=YOUR_KEY&format=csv&limit=1000
DDU-GKY / rural skilling,Scheme-wise Number of Candidates Placed/ Settled under Deen Dayal Upadhyaya Grameen Kaushalya Yojana (DDU-GKY) and Rural Self Employment Training Institutes (RSETIs) Schemes from 2017-18 to 2021-22,Rajya Sabha,2023-05-02,1,55996b66-b86e-4873-876d-58bd590ad54d,https://www.data.gov.in/resource/scheme-wise-number-candidates-placed-settled-under-deen-dayal-upadhyaya-grameen-kaushalya,https://api.data.gov.in/resource/55996b66-b86e-4873-876d-58bd590ad54d?api-key=YOUR_KEY&format=csv&limit=1000
DDU-GKY / rural skilling,"State/UTs-wise Details of the Operational Training Centres under Deen Dayal Upadhyay-Grameen Kaushal Yojana (DDU-GKY) (in reply to Unstarred Question on 21 December, 2022)",Rajya Sabha,2023-05-02,1,6666eee3-2471-47d6-a321-d20c3a39d611,https://www.data.gov.in/resource/stateuts-wise-details-operational-training-centres-under-deen-dayal-upadhyay-grameen,https://api.data.gov.in/resource/6666eee3-2471-47d6-a321-d20c3a39d611?api-key=YOUR_KEY&format=csv&limit=1000
DDU-GKY / rural skilling,State/UTs-wise Details of the Total Number of Candidates Placed in Jobs after Training under Pt. Deen Dayal Upadhyaya-Grameen Kaushlya Yojana (DDU-GKY) from 2019-20 to 2022-23,Rajya Sabha,2023-05-02,1,cedb7a37-1856-4100-8f42-7f9984bb13c5,https://www.data.gov.in/resource/stateuts-wise-details-total-number-candidates-placed-jobs-after-training-under-pt-deen,https://api.data.gov.in/resource/cedb7a37-1856-4100-8f42-7f9984bb13c5?api-key=YOUR_KEY&format=csv&limit=1000
DDU-GKY / rural skilling,"State/UTs-wise Details of Candidates Trained, Placed with Rate of Placement under Deen Dayal Upadhyay-Grameen Kaushal Yojana (DDU-GKY) from 2017-18 to 2022-23 (till November 2022)",Rajya Sabha,2023-05-02,1,bd0670dc-b820-4b56-910e-2bb36d75a450,https://www.data.gov.in/resource/stateuts-wise-details-candidates-trained-placed-rate-placement-under-deen-dayal-upadhyay,https://api.data.gov.in/resource/bd0670dc-b820-4b56-910e-2bb36d75a450?api-key=YOUR_KEY&format=csv&limit=1000
DDU-GKY / rural skilling,Year-wise Details of Total Funds Allocated for Deen Dayal Upadhyay-Grameen Kaushal Yojana (DDU-GKY) Scheme and Total Funds Released to all the States/UTs under the Scheme from 2017-18 to 2022-23,Rajya Sabha,2023-05-02,1,97caa8eb-f7d9-4440-8082-4c86a9b647b0,https://www.data.gov.in/resource/year-wise-details-total-funds-allocated-deen-dayal-upadhyay-grameen-kaushal-yojana-ddu-gky,https://api.data.gov.in/resource/97caa8eb-f7d9-4440-8082-4c86a9b647b0?api-key=YOUR_KEY&format=csv&limit=1000
DDU-GKY / rural skilling,State/UTs-wise Progress under Rural Self Employment Training Institutes (RSETIs) from 2019-20 to 2022-23,Rajya Sabha,2023-02-21,1,8a433e52-aba2-453c-a64b-ba778d58c54a,https://www.data.gov.in/resource/stateuts-wise-progress-under-rural-self-employment-training-institutes-rsetis-2019-20-2022,https://api.data.gov.in/resource/8a433e52-aba2-453c-a64b-ba778d58c54a?api-key=YOUR_KEY&format=csv&limit=1000
DDU-GKY / rural skilling,"State/UTs-wise Number of Operational Training Centres under Deen Dayal Upadhayay - Gramin Kaushalya Yojana (DDU-GKY) in Himachal Pradesh (in reply to Unstarred Question on 27 July, 2022)",Rajya Sabha,2023-02-21,1,d35542ff-c997-417a-8444-2252f6688b91,https://www.data.gov.in/resource/stateuts-wise-number-operational-training-centres-under-deen-dayal-upadhayay-gramin,https://api.data.gov.in/resource/d35542ff-c997-417a-8444-2252f6688b91?api-key=YOUR_KEY&format=csv&limit=1000
DDU-GKY / rural skilling,"District-wise Details of the Number of Training Centres Functioning in Gujarat under DDU-GKY (Deen Dayal Upadhyay-Grameen Kaushal Yojana) (in Reply to Unstarred Question on 20 July, 2022)",Rajya Sabha,2023-02-21,1,038bc24f-a616-4d33-aef5-42a374b25690,https://www.data.gov.in/resource/district-wise-details-number-training-centres-functioning-gujarat-under-ddu-gky-deen-dayal,https://api.data.gov.in/resource/038bc24f-a616-4d33-aef5-42a374b25690?api-key=YOUR_KEY&format=csv&limit=1000
DDU-GKY / rural skilling,"Institutions-wise Details of the Institutions (PIAs) Operating Training Centres and the Quantum of Funds released to them in the State of Gujarat under DDU-GKY (Deen Dayal Upadhyay-Grameen Kaushal Yojana) (in Reply to Unstarred Question on 20 July, 2022)",Rajya Sabha,2023-02-21,1,c90dac57-5d87-49ca-983f-d1111e59be9f,https://www.data.gov.in/resource/institutions-wise-details-institutions-pias-operating-training-centres-and-quantum-funds,https://api.data.gov.in/resource/c90dac57-5d87-49ca-983f-d1111e59be9f?api-key=YOUR_KEY&format=csv&limit=1000
DDU-GKY / rural skilling,State/UTs-wise Details of the Candidates Trained and Placed including Tamil Nadu under DDU-GKY (Deen Dayal Upadhyay-Grameen Kaushal Yojana) from 2019-20 to 2022-23,Rajya Sabha,2023-02-21,1,b250c571-3e15-4a41-ac0d-ac4e00942d41,https://www.data.gov.in/resource/stateuts-wise-details-candidates-trained-and-placed-including-tamil-nadu-under-ddu-gky,https://api.data.gov.in/resource/b250c571-3e15-4a41-ac0d-ac4e00942d41?api-key=YOUR_KEY&format=csv&limit=1000
DDU-GKY / rural skilling,State/UTs-wise Progress under Deen Dayal Upadhayay - Gramin Kaushalya Yojana (DDU-GKY) over from 2019-20 to 2022-23,Rajya Sabha,2023-02-21,1,226576a1-53fc-42c6-a15c-8a1718b5728a,https://www.data.gov.in/resource/stateuts-wise-progress-under-deen-dayal-upadhayay-gramin-kaushalya-yojana-ddu-gky-over,https://api.data.gov.in/resource/226576a1-53fc-42c6-a15c-8a1718b5728a?api-key=YOUR_KEY&format=csv&limit=1000
DDU-GKY / rural skilling,"State/UTs-wise Break up of Total Number of Beneficiaries of Deen Dayal Upadhyaya Grameen Kaushalya Yojna (DDU-GKY) during November, 2022",Rajya Sabha,2023-02-14,1,48d4a9a2-48f1-4b95-8e6f-3aff0f6d6c28,https://www.data.gov.in/resource/stateuts-wise-break-total-number-beneficiaries-deen-dayal-upadhyaya-grameen-kaushalya,https://api.data.gov.in/resource/48d4a9a2-48f1-4b95-8e6f-3aff0f6d6c28?api-key=YOUR_KEY&format=csv&limit=1000
DDU-GKY / rural skilling,State-wise Total Number of Candidate Placed in Job After Training under Pt. Deen Dayal Upadhyaya-Grameen Kaushlya Yojana (DDU-GKY) from 2018-19 to 2021-22,Rajya Sabha,2022-12-13,1,4a104700-b09e-4283-a79f-61dc330c37cf,https://www.data.gov.in/resource/state-wise-total-number-candidate-placed-job-after-training-under-pt-deen-dayal-upadhyaya,https://api.data.gov.in/resource/4a104700-b09e-4283-a79f-61dc330c37cf?api-key=YOUR_KEY&format=csv&limit=1000
DDU-GKY / rural skilling,"State/UTs-wise Deen Dayal Upadhyaya-Grameen Kaushalya Yojana (DDUGKY) Operational Training Centres (TCs) Opened Across Operational the Country (in reply to Unstarred Question on 16 March, 2022)",Rajya Sabha,2022-12-13,1,e6ffff8a-0918-4963-b5c4-91d01a8b5e35,https://www.data.gov.in/resource/stateuts-wise-deen-dayal-upadhyaya-grameen-kaushalya-yojana-ddugky-operational-training,https://api.data.gov.in/resource/e6ffff8a-0918-4963-b5c4-91d01a8b5e35?api-key=YOUR_KEY&format=csv&limit=1000
DDU-GKY / rural skilling,Year-wise Numbers of Trained and Placed Person under Deen Dayal Upadhyaya-Grameen Kaushalya Yojana (DDU-GKY) from 2018-19 to 2021-22,Rajya Sabha,2022-12-13,1,1a17337e-75e8-4864-9c3c-5cae30cd8f72,https://www.data.gov.in/resource/year-wise-numbers-trained-and-placed-person-under-deen-dayal-upadhyaya-grameen-kaushalya,https://api.data.gov.in/resource/1a17337e-75e8-4864-9c3c-5cae30cd8f72?api-key=YOUR_KEY&format=csv&limit=1000
DDU-GKY / rural skilling,State/UTs-wise Person Trained and placed Including the State of Bihar under Deen Dayal Upadhyaya-Grameen Kaushalya Yojana (DDU-GKY) Physical Achievement from 2018-19 to 2021-22,Rajya Sabha,2022-12-13,1,76e318ee-97af-4db7-8ad8-ee9898a6d0ce,https://www.data.gov.in/resource/stateuts-wise-person-trained-and-placed-including-state-bihar-under-deen-dayal-upadhyaya,https://api.data.gov.in/resource/76e318ee-97af-4db7-8ad8-ee9898a6d0ce?api-key=YOUR_KEY&format=csv&limit=1000
DDU-GKY / rural skilling,State/UT-wise and Year-wise Candidates Trained under Rural Self Employment Training Institutes (RSETI) from 2017-18 to 2020-21,Rajya Sabha,2022-09-09,1,66c51483-9036-4616-8e29-47f94dff982b,https://www.data.gov.in/resource/stateut-wise-and-year-wise-candidates-trained-under-rural-self-employment-training,https://api.data.gov.in/resource/66c51483-9036-4616-8e29-47f94dff982b?api-key=YOUR_KEY&format=csv&limit=1000
DDU-GKY / rural skilling,"Year-wise Training under Deen Dayal Upadhyaya Grameen Kaushalya Yojana (DDU-GKY) Since its Launch on 25th September, 2014, from 2014-15 to 2021-22",Rajya Sabha,2022-09-08,1,a8e40394-81df-4a36-a71e-2e3871fa15e2,https://www.data.gov.in/resource/year-wise-training-under-deen-dayal-upadhyaya-grameen-kaushalya-yojana-ddu-gky-its-launch,https://api.data.gov.in/resource/a8e40394-81df-4a36-a71e-2e3871fa15e2?api-key=YOUR_KEY&format=csv&limit=1000
DDU-GKY / rural skilling,District-wise Beneficiaries Trained State of Tamil Nadu under Deen Dayal Upadhyaya Grameen Kaushalya Yojana (DDU-GKY) from 2019-20 to 2021-22,Rajya Sabha,2022-09-08,1,287976e6-34fe-43a6-88b6-dce028081ad6,https://www.data.gov.in/resource/district-wise-beneficiaries-trained-state-tamil-nadu-under-deen-dayal-upadhyaya-grameen,https://api.data.gov.in/resource/287976e6-34fe-43a6-88b6-dce028081ad6?api-key=YOUR_KEY&format=csv&limit=1000
DDU-GKY / rural skilling,State/UT-wise Total Number of Candidates Placed in Jobs after Training under DDU-GKY and RSETIs during 2020-21 and 2021-22,Rajya Sabha,2022-06-27,1,4f30eb81-44e6-42a1-9dc7-9b95387d6ea7,https://www.data.gov.in/resource/stateut-wise-total-number-candidates-placed-jobs-after-training-under-ddu-gky-and-rsetis,https://api.data.gov.in/resource/4f30eb81-44e6-42a1-9dc7-9b95387d6ea7?api-key=YOUR_KEY&format=csv&limit=1000
DDU-GKY / rural skilling,"State-wise Funding under DDU-GKY & Sagamala Covergence Programme (in reply to Unstarred Question on 02 August, 2021)",Rajya Sabha,2022-03-30,1,c41630e3-69d1-4790-bfb6-9a45c24e3edb,https://www.data.gov.in/resource/state-wise-funding-under-ddu-gky-sagamala-covergence-programme-reply-unstarred-question-02,https://api.data.gov.in/resource/c41630e3-69d1-4790-bfb6-9a45c24e3edb?api-key=YOUR_KEY&format=csv&limit=1000
DDU-GKY / rural skilling,"State-wise Persons Trained in Phase I and Phase II of Sagarmala-DDU-GKY Convergence Programme (in reply to Unstarred Question on 02 August, 2021)",Rajya Sabha,2022-03-30,1,a48b3eaa-89aa-4314-8871-efde6857ca39,https://www.data.gov.in/resource/state-wise-persons-trained-phase-i-and-phase-ii-sagarmala-ddu-gky-convergence-programme,https://api.data.gov.in/resource/a48b3eaa-89aa-4314-8871-efde6857ca39?api-key=YOUR_KEY&format=csv&limit=1000
DDU-GKY / rural skilling,State/UT-wise Progress of Women under Rural Self Employment Training Institutes (RSETI) from 2018-19 to 2020-21 (From: Ministry of Skill Development and Entrepreneurship),Rajya Sabha,2022-01-27,1,cf35ed60-f1d7-4a30-8a78-26cecbe6f667,https://www.data.gov.in/resource/stateut-wise-progress-women-under-rural-self-employment-training-institutes-rseti-2018-19,https://api.data.gov.in/resource/cf35ed60-f1d7-4a30-8a78-26cecbe6f667?api-key=YOUR_KEY&format=csv&limit=1000
DDU-GKY / rural skilling,State/UT-wise Funds Release/Utilization under DDU-GKY during 2020-21 (From: Ministry of Rural Development),Rajya Sabha,2022-01-27,1,c2788b8f-96ca-4044-baee-30b8d4d50678,https://www.data.gov.in/resource/stateut-wise-funds-releaseutilization-under-ddu-gky-during-2020-21-ministry-rural,https://api.data.gov.in/resource/c2788b8f-96ca-4044-baee-30b8d4d50678?api-key=YOUR_KEY&format=csv&limit=1000
DDU-GKY / rural skilling,"State/UT-wise Employment Provided in Major Schemes/Programmes like PMEGP, MGNREGS, DDU-GKY and DAY-NULM to the Extent Available during 2020 and 2021 (From: Ministry of Labour and Employment)",Rajya Sabha,2022-01-27,1,acec01fb-dbed-4b52-abc1-c54fab535dee,https://www.data.gov.in/resource/stateut-wise-employment-provided-major-schemesprogrammes-pmegp-mgnregs-ddu-gky-and-day,https://api.data.gov.in/resource/acec01fb-dbed-4b52-abc1-c54fab535dee?api-key=YOUR_KEY&format=csv&limit=1000
DDU-GKY / rural skilling,State/UT-wise Number of Persons Trained and Settled by Rural Self Employment Training Institute (RSETIs) from 2015-16 to 2018-19 (From : Ministry of Rural Development),Rajya Sabha,2021-12-11,1,7376ffb7-05a4-488b-b26b-ad96d58003ca,https://www.data.gov.in/resource/stateut-wise-number-persons-trained-and-settled-rural-self-employment-training-institute,https://api.data.gov.in/resource/7376ffb7-05a4-488b-b26b-ad96d58003ca?api-key=YOUR_KEY&format=csv&limit=1000
DDU-GKY / rural skilling,State/UT-wise Details of Total Number of Candidates Placed in Jobs after Training under Pt. (DDU-GKY) from 2015-16 to 2017-18 (From : Ministry of Labour and Employment),Rajya Sabha,2021-12-11,1,5bd71041-7988-4da3-8bee-d70549026804,https://www.data.gov.in/resource/stateut-wise-details-total-number-candidates-placed-jobs-after-training-under-pt-ddu-gky,https://api.data.gov.in/resource/5bd71041-7988-4da3-8bee-d70549026804?api-key=YOUR_KEY&format=csv&limit=1000
DDU-GKY / rural skilling,"Scheme and Year-wise Employment Generated through PMEGP, MGNREGS, DDU-GKY and DAY-NULM from 2015-16 to 2017-18 (From : Ministry of Labour and Employment)",Rajya Sabha,2021-12-11,0,d316ce3a-fd37-4db7-b25d-527bfb216bca,https://www.data.gov.in/resource/scheme-and-year-wise-employment-generated-through-pmegp-mgnregs-ddu-gky-and-day-nulm-2015,https://api.data.gov.in/resource/d316ce3a-fd37-4db7-b25d-527bfb216bca?api-key=YOUR_KEY&format=csv&limit=1000
DDU-GKY / rural skilling,Deen Dayal Upadhyaya Grameen Kaushalya Yojana (DDUGKY) from 2015-16 to 2018-19 (From : Ministry of Labour and Employment),Rajya Sabha,2021-12-11,1,969944f2-8777-4ca6-a569-9f04dba4e635,https://www.data.gov.in/resource/year-and-state-wise-details-pt-deen-dayal-upadhyaya-grameen-kaushalya-yojana-ddugky-2015,https://api.data.gov.in/resource/969944f2-8777-4ca6-a569-9f04dba4e635?api-key=YOUR_KEY&format=csv&limit=1000
DDU-GKY / rural skilling,State-wise Number of Rural Self Employment and Training Institutes (RSETIs) Set up (in reply to Starred Question for 04-08-2016) (Ministry of Skill Development and Entrepreneurship ),Rajya Sabha,2021-12-10,1,17d5d8b5-af6b-48c8-a277-9cb58ae452d7,https://www.data.gov.in/resource/state-wise-number-rural-self-employment-and-training-institutes-rsetis-set-reply-starred,https://api.data.gov.in/resource/17d5d8b5-af6b-48c8-a277-9cb58ae452d7?api-key=YOUR_KEY&format=csv&limit=1000
DDU-GKY / rural skilling,Candidates place in jobs after training under ddu-gky during 2013-14 to 2016-17 till oct 2016(From:Ministry of Labour & Employment),Rajya Sabha,2021-12-10,1,d28ec165-bbea-4734-bf0d-5ee86bf2f1e1,https://www.data.gov.in/resource/candidates-place-jobs-after-training-under-ddu-gky-during-2013-14-2016-17-till-oct,https://api.data.gov.in/resource/d28ec165-bbea-4734-bf0d-5ee86bf2f1e1?api-key=YOUR_KEY&format=csv&limit=1000
DDU-GKY / rural skilling,Total Number of Youth who got Placement after Training underDeen Dayal Upadhyaya Grameen Kaushalya Yojana (DDU-GKY) during 2014-15 till June 2016 (Ministry of Rural Development),Rajya Sabha,2021-12-10,1,cfaca454-571c-429d-b7d6-b9bc104a4ba5,https://www.data.gov.in/resource/total-number-youth-who-got-placement-after-training-underdeen-dayal-upadhyaya-grameen,https://api.data.gov.in/resource/cfaca454-571c-429d-b7d6-b9bc104a4ba5?api-key=YOUR_KEY&format=csv&limit=1000
DDU-GKY / rural skilling,State/ UT-wise funds Released under Deen Dayal Upadhyaya Grameen Kaushalya Yojana (DDU-GKY) during 2014-15 and 2015-16 (Ministry of Rural Development),Rajya Sabha,2021-12-10,1,be6d9d60-c029-4a87-a8cf-f50ef2553522,https://www.data.gov.in/resource/state-ut-wise-funds-released-under-deen-dayal-upadhyaya-grameen-kaushalya-yojana-ddu-gky,https://api.data.gov.in/resource/be6d9d60-c029-4a87-a8cf-f50ef2553522?api-key=YOUR_KEY&format=csv&limit=1000
DDU-GKY / rural skilling,State/ UT-wise Candidates trained under Deen Dayal Upadhyay - Gramin Kaushalya Yojana (DDU-GKY) during 2014-15 to 2015-16 (Ministry of Rural Development),Rajya Sabha,2021-12-10,1,c0b26431-b96c-4eea-ac41-cae7d9c59658,https://www.data.gov.in/resource/state-ut-wise-candidates-trained-under-deen-dayal-upadhyay-gramin-kaushalya-yojana-ddu-gky,https://api.data.gov.in/resource/c0b26431-b96c-4eea-ac41-cae7d9c59658?api-key=YOUR_KEY&format=csv&limit=1000
DDU-GKY / rural skilling,Total number of active DDU-GKY training centres as on 26th November 2015 (From :Ministry of Rural Development),Rajya Sabha,2021-12-09,0,6e182963-2d3b-4480-8f36-7ac455301d5c,https://www.data.gov.in/resource/total-number-active-ddu-gky-training-centres-26th-november-2015-ministry-rural-development,https://api.data.gov.in/resource/6e182963-2d3b-4480-8f36-7ac455301d5c?api-key=YOUR_KEY&format=csv&limit=1000
DDU-GKY / rural skilling,"State/ UT-wise Training, Settlement and Credit Linkage details of Rural Self Employment Training Institutes (RSETIs) from 2015-16 to 2017-18 (From: Ministry of Skill Development and Entrepreneurship)",Rajya Sabha,2021-09-08,1,760b49e0-47d7-4c48-a3d1-9791504e9960,https://www.data.gov.in/resource/state-ut-wise-training-settlement-and-credit-linkage-details-rural-self-employment,https://api.data.gov.in/resource/760b49e0-47d7-4c48-a3d1-9791504e9960?api-key=YOUR_KEY&format=csv&limit=1000
DDU-GKY / rural skilling,State/UT-wise Rural Self Employment and Training Institutes (RSETI) Physical achievement from 2014-15 to 2019-20 (From: Ministry of Labour and Employment),Rajya Sabha,2021-09-08,1,d1800f93-3544-40c1-95fa-e5c920fc5c31,https://www.data.gov.in/resource/stateut-wise-rural-self-employment-and-training-institutes-rseti-physical-achievement-2014,https://api.data.gov.in/resource/d1800f93-3544-40c1-95fa-e5c920fc5c31?api-key=YOUR_KEY&format=csv&limit=1000
DDU-GKY / rural skilling,State/UT and Year-wise Rural Self Employment and Training Institutes (RSETI) Physical achievement from 2015-16 to 2018-19 (From : Ministry of Labour and Employment),Rajya Sabha,2021-09-08,1,97655d46-2604-4858-b24e-c402fde24ade,https://www.data.gov.in/resource/stateut-and-year-wise-rural-self-employment-and-training-institutes-rseti-physical,https://api.data.gov.in/resource/97655d46-2604-4858-b24e-c402fde24ade?api-key=YOUR_KEY&format=csv&limit=1000
DDU-GKY / rural skilling,State/UT-wise Funds Released to State under Rural Self Employment and Training Institutes (RSETI) from 2016-17 to 2018-19 (From: Ministry of Rural Development),Rajya Sabha,2021-09-08,1,c44212db-6d81-40e3-886a-fa3aebee361f,https://www.data.gov.in/resource/stateut-wise-funds-released-state-under-rural-self-employment-and-training-institutes,https://api.data.gov.in/resource/c44212db-6d81-40e3-886a-fa3aebee361f?api-key=YOUR_KEY&format=csv&limit=1000
DDU-GKY / rural skilling,State/UT-wise Number of Candidates Trained and placed in jobs (settled) under Rural Self Employment Training Institutes (RSETIs) from 2018-19 to 2019-20 (From: Ministry of Rural Development),Rajya Sabha,2021-09-08,1,7083ee61-169b-4bc1-9af3-21e22a58313d,https://www.data.gov.in/resource/stateut-wise-number-candidates-trained-and-placed-jobs-settled-under-rural-self-employment,https://api.data.gov.in/resource/7083ee61-169b-4bc1-9af3-21e22a58313d?api-key=YOUR_KEY&format=csv&limit=1000
DDU-GKY / rural skilling,"State-wise Active Training Centres (TCs) under DDUGKY (in reply to Unstarred Question on 13 March, 2020) (From: Ministry of Rural Development)",Rajya Sabha,2021-09-08,1,246f9125-4977-4439-bd00-9b7d139db32c,https://www.data.gov.in/resource/state-wise-active-training-centres-tcs-under-ddugky-reply-unstarred-question-13-march-2020,https://api.data.gov.in/resource/246f9125-4977-4439-bd00-9b7d139db32c?api-key=YOUR_KEY&format=csv&limit=1000
DDU-GKY / rural skilling,State/UT-wise Funds Released under Rural Self Employment Training Institute (RSETI) from 2014-15 to 2018-19 (From: Ministry of Rural Development),Rajya Sabha,2021-09-08,1,6fc8571f-d531-48ed-9e68-0a12a053bee9,https://www.data.gov.in/resource/stateut-wise-funds-released-under-rural-self-employment-training-institute-rseti-2014-15,https://api.data.gov.in/resource/6fc8571f-d531-48ed-9e68-0a12a053bee9?api-key=YOUR_KEY&format=csv&limit=1000
DDU-GKY / rural skilling,State/UT-wise Training & Credit Linkage Details of RSETI Trained Candidates from 2015-16 to 2017-18 (From: Ministry of Skill Development and Entrepreneurship),Rajya Sabha,2021-09-08,1,a14a75aa-3a87-40a4-8ca8-51c1347d7bb1,https://www.data.gov.in/resource/stateut-wise-training-credit-linkage-details-rseti-trained-candidates-2015-16-2017-18,https://api.data.gov.in/resource/a14a75aa-3a87-40a4-8ca8-51c1347d7bb1?api-key=YOUR_KEY&format=csv&limit=1000
DDU-GKY / rural skilling,"State-wise number of persons and Scheduled Caste/ Scheduled Tribe category candidates who imparted skill training under DDU-GKY since inception (September, 2014) till October, 2019 (From: Ministry of Rural Development)",Rajya Sabha,2021-09-08,1,a4a8c940-06a9-4cc7-96e8-4b01ae3cbd46,https://www.data.gov.in/resource/state-wise-number-persons-and-scheduled-caste-scheduled-tribe-category-candidates-who,https://api.data.gov.in/resource/a4a8c940-06a9-4cc7-96e8-4b01ae3cbd46?api-key=YOUR_KEY&format=csv&limit=1000
DDU-GKY / rural skilling,State/UT-wise Number of Candidates Placed in Jobs after Training under Pt. Deen Dayal Upadhyaya Grameen Kaushlya Yojana (DDU-GKY) from 2014-15 to 2017-18 (From: Ministry of Labour and Employment),Rajya Sabha,2021-09-08,1,b29afc55-0fd6-4b1d-a0ce-8758e0c79cc9,https://www.data.gov.in/resource/stateut-wise-number-candidates-placed-jobs-after-training-under-pt-deen-dayal-upadhyaya,https://api.data.gov.in/resource/b29afc55-0fd6-4b1d-a0ce-8758e0c79cc9?api-key=YOUR_KEY&format=csv&limit=1000
DDU-GKY / rural skilling,State/UT-wise Details of Total Number of Candidates Placed in Jobs after Training under Pt. DeenDayal Upadhyaya Grameen Kaushlya Yojana (DDU-GKY)from 2014-15 to 2017-18 (From: Ministry of Labour and Employment),Rajya Sabha,2021-09-08,1,c7078050-6532-4909-80df-29562750a688,https://www.data.gov.in/resource/stateut-wise-details-total-number-candidates-placed-jobs-after-training-under-pt-deendayal,https://api.data.gov.in/resource/c7078050-6532-4909-80df-29562750a688?api-key=YOUR_KEY&format=csv&limit=1000
DDU-GKY / rural skilling,Organization-wise Number of Candidates Trained under the Deen Dayal Upadhyay Kaushal Yojana (DDU-GKY) as on 08.02.2019 (From : Ministry of Rural Development),Rajya Sabha,2021-09-08,1,02b2892b-aed1-47b1-821f-62fc9632a9bb,https://www.data.gov.in/resource/organization-wise-number-candidates-trained-under-deen-dayal-upadhyay-kaushal-yojana-ddu,https://api.data.gov.in/resource/02b2892b-aed1-47b1-821f-62fc9632a9bb?api-key=YOUR_KEY&format=csv&limit=1000
DDU-GKY / rural skilling,District wise Placed candidates details in Haryana under DDU-GKY since May 2019 (From: Ministry of Rural Development),Rajya Sabha,2021-09-08,1,1d168200-3297-4a6f-8306-67109fb14ee1,https://www.data.gov.in/resource/district-wise-placed-candidates-details-haryana-under-ddu-gky-may-2019-ministry-rural,https://api.data.gov.in/resource/1d168200-3297-4a6f-8306-67109fb14ee1?api-key=YOUR_KEY&format=csv&limit=1000
DDU-GKY / rural skilling,Target and Physical Achievement under DDU-GKY and RSETI from 2014-15 to 2019-20 (From: Ministry of Planning),Rajya Sabha,2021-09-08,1,d23f1ceb-f480-4ed5-870c-578291455c5a,https://www.data.gov.in/resource/target-and-physical-achievement-under-ddu-gky-and-rseti-2014-15-2019-20-ministry-planning,https://api.data.gov.in/resource/d23f1ceb-f480-4ed5-870c-578291455c5a?api-key=YOUR_KEY&format=csv&limit=1000
DDU-GKY / rural skilling,Physical Achievements under DDU-GKY and RSETI Schemes from 2017-18 to 2019-20 (From: Ministry of Rural Development),Rajya Sabha,2021-09-08,1,39acb610-a27c-4633-b335-f8e1e62e7df0,https://www.data.gov.in/resource/physical-achievements-under-ddu-gky-and-rseti-schemes-2017-18-2019-20-ministry-rural,https://api.data.gov.in/resource/39acb610-a27c-4633-b335-f8e1e62e7df0?api-key=YOUR_KEY&format=csv&limit=1000
DDU-GKY / rural skilling,State/UT-wise Funds Released under DDU-GKY from 2014-15 to 2019-20 (From: Ministry of Rural Development),Rajya Sabha,2021-09-08,1,53f85af5-ddf5-4c15-8c0b-c7e5885f4929,https://www.data.gov.in/resource/stateut-wise-funds-released-under-ddu-gky-2014-15-2019-20-ministry-rural-development,https://api.data.gov.in/resource/53f85af5-ddf5-4c15-8c0b-c7e5885f4929?api-key=YOUR_KEY&format=csv&limit=1000
DDU-GKY / rural skilling,State-wise Physical Achievement under DDU-GKY from 2015-16 to 2019-20 (From: Ministry of Labour and Employment),Rajya Sabha,2021-09-08,1,a385c89f-6ccf-4489-b07c-6f4408fc31e0,https://www.data.gov.in/resource/state-wise-physical-achievement-under-ddu-gky-2015-16-2019-20-ministry-labour-and,https://api.data.gov.in/resource/a385c89f-6ccf-4489-b07c-6f4408fc31e0?api-key=YOUR_KEY&format=csv&limit=1000
DDU-GKY / rural skilling,"Employment Generated under PMEGP, MGNREGS, DAY-NULM and DDU-GKY from 2015-16 to 2018-19. (From : Ministry of Labour and Employment)",Rajya Sabha,2021-09-08,1,d6caf97a-d786-45ae-ae52-7c1f57cb3b6d,https://www.data.gov.in/resource/employment-generated-under-pmegp-mgnregs-day-nulm-and-ddu-gky-2015-16-2018-19-ministry,https://api.data.gov.in/resource/d6caf97a-d786-45ae-ae52-7c1f57cb3b6d?api-key=YOUR_KEY&format=csv&limit=1000
DDU-GKY / rural skilling,State/UT-wise Fund Release under DDU-GKY and RSETI from 2014-15 to 2019-20 (From: Ministry of Labour and Employment),Rajya Sabha,2021-09-08,1,95be5c72-da47-44c4-a12c-ecc901a3ea7c,https://www.data.gov.in/resource/stateut-wise-fund-release-under-ddu-gky-and-rseti-2014-15-2019-20-ministry-labour-and,https://api.data.gov.in/resource/95be5c72-da47-44c4-a12c-ecc901a3ea7c?api-key=YOUR_KEY&format=csv&limit=1000
DDU-GKY / rural skilling,District-wise Number of Centres Operating in Chhattisgarh under DDU-GKY (in reply to Unstarred Question on 04.02.2019) (From : Ministry of Rural Development),Rajya Sabha,2021-09-08,1,4071abc2-fc31-40e2-b7db-77d40a829de2,https://www.data.gov.in/resource/district-wise-number-centres-operating-chhattisgarh-under-ddu-gky-reply-unstarred-question,https://api.data.gov.in/resource/4071abc2-fc31-40e2-b7db-77d40a829de2?api-key=YOUR_KEY&format=csv&limit=1000
DDU-GKY / rural skilling,State-wise pt.Deen Dayal Upadhyaya Grameen Kaushalya Yojana (DDU-GKY) Physical Achievement during 2017-18 and 2018-19 (From : Ministry of Labour and Employment),Rajya Sabha,2021-09-08,1,dfc59d2c-1fbe-4564-8174-78f8600ef7be,https://www.data.gov.in/resource/state-wise-ptdeen-dayal-upadhyaya-grameen-kaushalya-yojana-ddu-gky-physical-achievement,https://api.data.gov.in/resource/dfc59d2c-1fbe-4564-8174-78f8600ef7be?api-key=YOUR_KEY&format=csv&limit=1000
DDU-GKY / rural skilling,State/UT-wise Funds Released under Deen Dayal Upadhyaya Grameen Kaushalya Yojana (DDU-GKY) from 2014-15 to 2018-19 (From: Ministry of Rural Development),Rajya Sabha,2021-09-08,1,b7ace8f4-5876-4af6-ad23-33ecf053ed44,https://www.data.gov.in/resource/stateut-wise-funds-released-under-deen-dayal-upadhyaya-grameen-kaushalya-yojana-ddu-gky,https://api.data.gov.in/resource/b7ace8f4-5876-4af6-ad23-33ecf053ed44?api-key=YOUR_KEY&format=csv&limit=1000
DDU-GKY / rural skilling,State/UT-wise Funds Released under Deen Dayal Upadhyay - Gramin Kaushalya Yojana (DDU-GKY) from 2017-18 to 2019-20 (From: Ministry of Rural Development),Rajya Sabha,2021-09-08,1,ceb9360d-db15-4f42-925c-b50ec98d2bf2,https://www.data.gov.in/resource/stateut-wise-funds-released-under-deen-dayal-upadhyay-gramin-kaushalya-yojana-ddu-gky-2017,https://api.data.gov.in/resource/ceb9360d-db15-4f42-925c-b50ec98d2bf2?api-key=YOUR_KEY&format=csv&limit=1000
DDU-GKY / rural skilling,State/UT-wise Funds Released under Deen Dayal Upadhyaya-Grameen Kaushalya Yojana (DDU-GKY) from 2016-17 to 2019-20 (From: Ministry of Rural Development),Rajya Sabha,2021-09-08,1,764a7cd6-27d2-4ba3-a8c7-74b422a4b658,https://www.data.gov.in/resource/stateut-wise-funds-released-under-deen-dayal-upadhyaya-grameen-kaushalya-yojana-ddu-gky-0,https://api.data.gov.in/resource/764a7cd6-27d2-4ba3-a8c7-74b422a4b658?api-key=YOUR_KEY&format=csv&limit=1000
DDU-GKY / rural skilling,State and Year-wise Deen Dayal Upadhyaya Grameen Kaushalya Yojana (DDU-GKY) Physical achievement from 2015-16 to 2018-19 (From : Ministry of Labour and Employment),Rajya Sabha,2021-09-08,1,83535fcc-7534-415c-ad30-d696076a405b,https://www.data.gov.in/resource/state-and-year-wise-deen-dayal-upadhyaya-grameen-kaushalya-yojana-ddu-gky-physical,https://api.data.gov.in/resource/83535fcc-7534-415c-ad30-d696076a405b?api-key=YOUR_KEY&format=csv&limit=1000
DDU-GKY / rural skilling,State/UT-wise number of candidates trained and placed in jobs under DDU-GKY since inception from 2014-15 to 2018-19 (From: Ministry of Rural Development),Rajya Sabha,2021-09-08,1,b8a35c2e-451c-4280-83e1-2a397954b7b1,https://www.data.gov.in/resource/stateut-wise-number-candidates-trained-and-placed-jobs-under-ddu-gky-inception-2014-15,https://api.data.gov.in/resource/b8a35c2e-451c-4280-83e1-2a397954b7b1?api-key=YOUR_KEY&format=csv&limit=1000
DDU-GKY / rural skilling,Deen Dayal Upadhyaya Grameen Kaushlya Yojana (DDU-GKY) from 2015-16 to 2018-19 (From : Ministry of Labour and Employment),Rajya Sabha,2021-09-08,1,654e82ab-b3bc-42b2-929d-441eb23c17eb,https://www.data.gov.in/resource/year-and-state-wise-physical-achievement-under-pt-deen-dayal-upadhyaya-grameen-kaushlya,https://api.data.gov.in/resource/654e82ab-b3bc-42b2-929d-441eb23c17eb?api-key=YOUR_KEY&format=csv&limit=1000
DDU-GKY / rural skilling,"District wise progress of SC/ST, Women and Minority in Haryana under DDU-GKY from 2018-19 to 2019-20 till October 2019 (From: Ministry of Rural Development)",Rajya Sabha,2021-09-08,1,940b1035-6ab0-44ad-88e3-5fee8953be23,https://www.data.gov.in/resource/district-wise-progress-scst-women-and-minority-haryana-under-ddu-gky-2018-19-2019-20-till,https://api.data.gov.in/resource/940b1035-6ab0-44ad-88e3-5fee8953be23?api-key=YOUR_KEY&format=csv&limit=1000
DDU-GKY / rural skilling,Number of Candidates Trained and Placed in Jobs under DDU-GKY in whole Country and the State of Chhattisgarh from 2015-16 to 2018-19 (From : Ministry of Rural Development),Rajya Sabha,2021-09-08,1,201f97fb-7ce7-4019-be01-cfcdab386597,https://www.data.gov.in/resource/number-candidates-trained-and-placed-jobs-under-ddu-gky-whole-country-and-state,https://api.data.gov.in/resource/201f97fb-7ce7-4019-be01-cfcdab386597?api-key=YOUR_KEY&format=csv&limit=1000
DDU-GKY / rural skilling,State/UT-wise Number of candidates trained and placed in jobs under Deen Dayal Upadhyaya Grameen Kaushlya Yojana (DDU-GKY) from 2018-09 to 2019-20 (From: Ministry of Rural Development),Rajya Sabha,2021-09-08,1,79917e44-7a4c-4f55-a5bb-e66383b4bdfb,https://www.data.gov.in/resource/stateut-wise-number-candidates-trained-and-placed-jobs-under-deen-dayal-upadhyaya-grameen,https://api.data.gov.in/resource/79917e44-7a4c-4f55-a5bb-e66383b4bdfb?api-key=YOUR_KEY&format=csv&limit=1000
DDU-GKY / rural skilling,State/UT-wise Details of the Employment Generated through Pt.deen Dayal Upadhyaya Grameen Kaushalya Yojana (DDUGKY) from 2015-16 to 2018-19 (From : Ministry of Labour and Employment),Rajya Sabha,2021-09-08,1,98f36b7f-4458-470b-9b38-a8e9bb27a1b1,https://www.data.gov.in/resource/stateut-wise-details-employment-generated-through-ptdeen-dayal-upadhyaya-grameen-kaushalya,https://api.data.gov.in/resource/98f36b7f-4458-470b-9b38-a8e9bb27a1b1?api-key=YOUR_KEY&format=csv&limit=1000
DDU-GKY / rural skilling,State-wise Deen Dayal Upadhyaya Grameen Kaushalya Yojana (DDUGKY )Physical Achievement from 2014-15 to 2019-20 (From: Ministry of Labour and Employment),Rajya Sabha,2021-09-08,1,31e44740-8484-4177-84d3-c4539a4ce9a8,https://www.data.gov.in/resource/state-wise-deen-dayal-upadhyaya-grameen-kaushalya-yojana-ddugky-physical-achievement-2014,https://api.data.gov.in/resource/31e44740-8484-4177-84d3-c4539a4ce9a8?api-key=YOUR_KEY&format=csv&limit=1000
DDU-GKY / rural skilling,State/UT and Year-wise details of No. of Candidates Placed under (DDUGKY) from 2015-16 to 2018-19 (From : Ministry of Labour and Employment),Rajya Sabha,2021-09-08,1,67df6b7f-f362-41ba-8122-64bfae6b263d,https://www.data.gov.in/resource/stateut-and-year-wise-details-no-candidates-placed-under-ddugky-2015-16-2018-19-ministry,https://api.data.gov.in/resource/67df6b7f-f362-41ba-8122-64bfae6b263d?api-key=YOUR_KEY&format=csv&limit=1000
SANKALP / STRIVE,wise Number of Districts Submitted District Skill Development plans (DSDPs) under Skills Acquisition and Knowledge Awareness for Livelihood Promotion (SANKALP) Scheme from 2018-19 to 2024-25,Rajya Sabha,2026-09-23,0,bdfa7beb-bbf7-4bc6-8d7b-e514f5b281a6,https://www.data.gov.in/resource/yearwise-number-districts-submitted-district-skill-development-plans-dsdps-under-skills,https://api.data.gov.in/resource/bdfa7beb-bbf7-4bc6-8d7b-e514f5b281a6?api-key=YOUR_KEY&format=csv&limit=1000
SANKALP / STRIVE,Category-wise Details of Funds Approved Amount and Disbursement under Skills Acquisition and Knowledge Awareness for Livelihood Promotion (SANKALP) Scheme during 2024-25,Rajya Sabha,2026-09-23,0,7d55cd94-771e-403b-91d2-eb36e559043d,https://www.data.gov.in/resource/category-wise-details-funds-approved-amount-and-disbursement-under-skills-acquisition-and,https://api.data.gov.in/resource/7d55cd94-771e-403b-91d2-eb36e559043d?api-key=YOUR_KEY&format=csv&limit=1000
SANKALP / STRIVE,State-wise Number of Enterprises Started under Skill Strengthening for Industrial Value Enhancement (STRIVE) Project during 2023-24,Rajya Sabha,2025-07-17,1,5575a138-b45a-4239-aac6-338dedfc42fc,https://www.data.gov.in/resource/state-wise-number-enterprises-started-under-skill-strengthening-industrial-value,https://api.data.gov.in/resource/5575a138-b45a-4239-aac6-338dedfc42fc?api-key=YOUR_KEY&format=csv&limit=1000
SANKALP / STRIVE,State-wise Number of Enterprises Started NER under Skills Acquisition and Knowledge Awareness for Livelihood Promotion (SANKALP) Scheme during 2024-25,Rajya Sabha,2025-07-17,1,50945e40-608c-446f-9d28-776ca253cbd8,https://www.data.gov.in/resource/state-wise-number-enterprises-started-ner-under-skills-acquisition-and-knowledge-awareness,https://api.data.gov.in/resource/50945e40-608c-446f-9d28-776ca253cbd8?api-key=YOUR_KEY&format=csv&limit=1000
SANKALP / STRIVE,Year-wise Details of Fund Released to States under Skills Acquisition and Knowledge Awareness for Livelihood Promotion (SANKALP) from 2018-19 to 2024-25,Rajya Sabha,2025-07-17,1,6e8e7723-b89c-4b80-b7ca-33c6e48ad1c1,https://www.data.gov.in/resource/year-wise-details-fund-released-states-under-skills-acquisition-and-knowledge-awareness,https://api.data.gov.in/resource/6e8e7723-b89c-4b80-b7ca-33c6e48ad1c1?api-key=YOUR_KEY&format=csv&limit=1000
SANKALP / STRIVE,State/UT-wise Number of Enterprises Started under Skills Acquisition and Knowledge Awareness for Livelihood Promotion (SANKALP) Scheme Project from 2022-23 to 2024-25,Rajya Sabha,2025-07-17,1,f95aa5aa-0637-44a1-a8bc-3071ea3d1193,https://www.data.gov.in/resource/stateut-wise-number-enterprises-started-under-skills-acquisition-and-knowledge-awareness,https://api.data.gov.in/resource/f95aa5aa-0637-44a1-a8bc-3071ea3d1193?api-key=YOUR_KEY&format=csv&limit=1000
SANKALP / STRIVE,State-wise Details of Youth/Women Benefitted under National Skill Development Corporation (NSDC) and SANKALP Scheme (in reply to Unstarred Question as on 11 December 2024),Rajya Sabha,2025-04-23,1,9cab3224-4c55-4091-8a12-17d64c388bc7,https://www.data.gov.in/resource/state-wise-details-youthwomen-benefitted-under-national-skill-development-corporation-nsdc,https://api.data.gov.in/resource/9cab3224-4c55-4091-8a12-17d64c388bc7?api-key=YOUR_KEY&format=csv&limit=1000
SANKALP / STRIVE,State-wise Number of Trainees Imparted Training under the Project Skill Acquisition and Knowledge Awareness of Livelihood Promotion (SANKALP) Programme from 2021 to 2024,Rajya Sabha,2024-10-23,1,31fbf771-75a7-414a-9db4-3a5c2c38e407,https://www.data.gov.in/resource/state-wise-number-trainees-imparted-training-under-project-skill-acquisition-and-knowledge,https://api.data.gov.in/resource/31fbf771-75a7-414a-9db4-3a5c2c38e407?api-key=YOUR_KEY&format=csv&limit=1000
SANKALP / STRIVE,State/UT-wise Details of Fund Released under the Scheme Skills Strengthening for Industrial Value Enhancement (STRIVE) from 2019-20 to 2023-24,Rajya Sabha,2024-10-23,1,21469b5a-bdae-4a13-8d13-439d4f73e135,https://www.data.gov.in/resource/stateut-wise-details-fund-released-under-scheme-skills-strengthening-industrial-value,https://api.data.gov.in/resource/21469b5a-bdae-4a13-8d13-439d4f73e135?api-key=YOUR_KEY&format=csv&limit=1000
SANKALP / STRIVE,Year-wise Details of Budgetary Allocation and Expenditure under Skill Acquisition and Knowledge Awareness for Livelihood Promotion (SANKALP) from 2018-19 to 2022-23,Rajya Sabha,2024-02-23,1,9c18af41-9167-4c9d-871b-b85b1eb9ac8e,https://www.data.gov.in/resource/year-wise-details-budgetary-allocation-and-expenditure-under-skill-acquisition-and,https://api.data.gov.in/resource/9c18af41-9167-4c9d-871b-b85b1eb9ac8e?api-key=YOUR_KEY&format=csv&limit=1000
SANKALP / STRIVE,"Project-wise Details of Some of the Skill Acquisition Training Programmes under Skill Acquisition and Knowledge Awareness for Livelihood Promotion (SANKALP) (in Reply To Unstarred Question On 08 February, 2023)",Rajya Sabha,2023-11-29,1,1695c2fd-8846-4a8d-bcbf-f8ee42b96efd,https://www.data.gov.in/resource/project-wise-details-some-skill-acquisition-training-programmes-under-skill-acquisition,https://api.data.gov.in/resource/1695c2fd-8846-4a8d-bcbf-f8ee42b96efd?api-key=YOUR_KEY&format=csv&limit=1000
SANKALP / STRIVE,"State/UT-wise Details of the Fund Allocated and Released under Skills Strengthening for Industrial Value Enhancement (STRIVE) Scheme (in Reply to Unstarred Question on 29 March, 2023)",Rajya Sabha,2023-09-21,1,708b907f-7ae5-4667-a8be-dab8b91b17f7,https://www.data.gov.in/resource/stateut-wise-details-fund-allocated-and-released-under-skills-strengthening-industrial,https://api.data.gov.in/resource/708b907f-7ae5-4667-a8be-dab8b91b17f7?api-key=YOUR_KEY&format=csv&limit=1000
SANKALP / STRIVE,State/UTs-wise Candidates Trained under the Skills Strengthening for Industrial value Enhancement (STRIVE) Scheme during 2020 and 2021,Rajya Sabha,2022-09-08,1,bdb9ac95-f4ea-4b9b-9f07-6a50f167d943,https://www.data.gov.in/resource/stateuts-wise-candidates-trained-under-skills-strengthening-industrial-value-enhancement,https://api.data.gov.in/resource/bdb9ac95-f4ea-4b9b-9f07-6a50f167d943?api-key=YOUR_KEY&format=csv&limit=1000
SANKALP / STRIVE,State/UTs-wise Fund Allocation and Release under Skills Strengthening for Industrial Value Enhancement (STRIVE) Project during 2020-21,Rajya Sabha,2022-07-08,1,919117a0-146e-4162-9241-a58c81d09a88,https://www.data.gov.in/resource/stateuts-wise-fund-allocation-and-release-under-skills-strengthening-industrial-value,https://api.data.gov.in/resource/919117a0-146e-4162-9241-a58c81d09a88?api-key=YOUR_KEY&format=csv&limit=1000
SANKALP / STRIVE,State/UT-wise Funds Released under Skills STRIVE from 2018-19 to 2021-22,Rajya Sabha,2022-03-30,1,f8b9e3fd-f9fa-4991-90b8-24281686e8a6,https://www.data.gov.in/resource/stateut-wise-funds-released-under-skills-strive-2018-19-2021-22,https://api.data.gov.in/resource/f8b9e3fd-f9fa-4991-90b8-24281686e8a6?api-key=YOUR_KEY&format=csv&limit=1000
Other skilling,Year-wise Details of Budget Allocated for Training Courses under Directorate General Resettlement (DGR) Scheme from 2022-23 to 2025-26,Rajya Sabha,2026-09-23,0,d4da5aee-6a3a-45af-98ac-b90633034ce5,https://www.data.gov.in/resource/year-wise-details-budget-allocated-training-courses-under-directorate-general-resettlement,https://api.data.gov.in/resource/d4da5aee-6a3a-45af-98ac-b90633034ce5?api-key=YOUR_KEY&format=csv&limit=1000
Other skilling,Year-wise Details of Financial Assistance provided under Scheme Towards Training Costs and Stipends to Trainees from 2022-23 to 2024-25,Rajya Sabha,2026-09-23,0,78c32a20-490d-4c32-b5c2-350f06b7ba97,https://www.data.gov.in/resource/year-wise-details-financial-assistance-provided-under-scheme-towards-training-costs-and,https://api.data.gov.in/resource/78c32a20-490d-4c32-b5c2-350f06b7ba97?api-key=YOUR_KEY&format=csv&limit=1000
Other skilling,Exam-wise CBAT for the Post of ALP and Non-Technical and Computer based Skill Test for Non-Technical and Ministerial and Isolated Categories (In relpy to Unstarred Question as on 13th February 2026),Rajya Sabha,2026-09-23,0,f3ac2bdc-5d41-4687-9a57-2d376f416787,https://www.data.gov.in/resource/exam-wise-cbat-post-alp-and-non-technical-and-computer-based-skill-test-non-technical-and,https://api.data.gov.in/resource/f3ac2bdc-5d41-4687-9a57-2d376f416787?api-key=YOUR_KEY&format=csv&limit=1000
Other skilling,Category-wise Details of Progress in Onboarding of Stakeholders on Skill India Digital Hub (SIDH) at the National Level during 2024-25,Rajya Sabha,2026-09-23,0,36be7e68-a4cd-4d4c-9787-3fb57b354480,https://www.data.gov.in/resource/category-wise-details-progress-onboarding-stakeholders-skill-india-digital-hub-sidh,https://api.data.gov.in/resource/36be7e68-a4cd-4d4c-9787-3fb57b354480?api-key=YOUR_KEY&format=csv&limit=1000
Other skilling,State/UT-wise Number of Registered Stakeholders and Enrolment/Certification under Skill India Digital Hub (SIDH) during 2024-25,Rajya Sabha,2026-09-23,0,87163fef-8679-4e79-a06b-62ea0e73739a,https://www.data.gov.in/resource/stateut-wise-number-registered-stakeholders-and-enrolmentcertification-under-skill-india,https://api.data.gov.in/resource/87163fef-8679-4e79-a06b-62ea0e73739a?api-key=YOUR_KEY&format=csv&limit=1000
Other skilling,Year-wise Number of Candidates Trained/Oriented under Skill India Mission in the Country from 2022-23 to 2025-26,Rajya Sabha,2026-09-23,0,97ad0e3f-c100-40d8-a538-6e0e866b9ca2,https://www.data.gov.in/resource/year-wise-number-candidates-trainedoriented-under-skill-india-mission-country-2022-23-2025,https://api.data.gov.in/resource/97ad0e3f-c100-40d8-a538-6e0e866b9ca2?api-key=YOUR_KEY&format=csv&limit=1000
Other skilling,State/UT-wise Number of Enrolment under Killing for AI Readiness (SOAR) Initiative under Skill India Mission as on 19-03-2026,Rajya Sabha,2026-09-23,0,70c0bba6-84f9-43c2-8923-28c898cc19d5,https://www.data.gov.in/resource/stateut-wise-number-enrolment-under-killing-ai-readiness-soar-initiative-under-skill-india,https://api.data.gov.in/resource/70c0bba6-84f9-43c2-8923-28c898cc19d5?api-key=YOUR_KEY&format=csv&limit=1000
Other skilling,State/UT-wise Number and Amount of Loans Defaulted under Credit Guarantee Fund Scheme for Skill Development (CGFSSD) as on 31-01-2026,Rajya Sabha,2026-09-23,0,32030eb0-d1ba-49bf-a0cc-b33a08bba0f5,https://www.data.gov.in/resource/stateut-wise-number-and-amount-loans-defaulted-under-credit-guarantee-fund-scheme-skill,https://api.data.gov.in/resource/32030eb0-d1ba-49bf-a0cc-b33a08bba0f5?api-key=YOUR_KEY&format=csv&limit=1000
Other skilling,State/UT-wise Number of Enrolment in AI Job Roles as per Skill India Digital Hub (SIDH) Reports from 2023-24 to 2025-26,Rajya Sabha,2026-09-23,0,632295d0-0a4c-4d02-9032-ce7122a1a0b3,https://www.data.gov.in/resource/stateut-wise-number-enrolment-ai-job-roles-skill-india-digital-hub-sidh-reports-2023-24,https://api.data.gov.in/resource/632295d0-0a4c-4d02-9032-ce7122a1a0b3?api-key=YOUR_KEY&format=csv&limit=1000
Other skilling,"State/UT-wise Details of Funds Released and Utilised for Each Shelter, Including Expenditure on Food, Healthcare, Counselling and Skill-development Programs from 2021-22 to 2025-26",Rajya Sabha,2026-09-23,0,3e922564-7b15-4ddd-9c2b-06515f15555d,https://www.data.gov.in/resource/stateut-wise-details-funds-released-and-utilised-each-shelter-including-expenditure-food,https://api.data.gov.in/resource/3e922564-7b15-4ddd-9c2b-06515f15555d?api-key=YOUR_KEY&format=csv&limit=1000
Other skilling,State/UT-wise Number of Beneficiaries Registered on e-Shram Portal and Enrolled in Courses on Skill India Digital Hub (SIDH) (in reply to Unstarred Question as on 1st April 2026),Rajya Sabha,2026-09-23,0,0fd75184-fbdc-4d56-b2e5-0e3d939042fb,https://www.data.gov.in/resource/stateut-wise-number-beneficiaries-registered-e-shram-portal-and-enrolled-courses-skill,https://api.data.gov.in/resource/0fd75184-fbdc-4d56-b2e5-0e3d939042fb?api-key=YOUR_KEY&format=csv&limit=1000
Other skilling,Subject-wise Number of Schools and Regular Candidates for Skill Subjects in Class IX and X In the Kendriya Vidyalaya Sangathan (KVS) (in reply to Unstarred Question as on 1st April 2026),Rajya Sabha,2026-09-23,0,ebc65cb3-73dc-4be9-b758-c391dfe291c1,https://www.data.gov.in/resource/subject-wise-number-schools-and-regular-candidates-skill-subjects-class-ix-and-x-kendriya,https://api.data.gov.in/resource/ebc65cb3-73dc-4be9-b758-c391dfe291c1?api-key=YOUR_KEY&format=csv&limit=1000
Other skilling,Subject-wise Number of Schools and Regular Candidates for Skill Subjects in Class XI and XII In the Kendriya Vidyalaya Sangathan (KVS) (in reply to Unstarred Question as on 1st April 2026),Rajya Sabha,2026-09-23,0,197493b3-ee93-4fcc-8352-77cd583fbc1d,https://www.data.gov.in/resource/subject-wise-number-schools-and-regular-candidates-skill-subjects-class-xi-and-xii,https://api.data.gov.in/resource/197493b3-ee93-4fcc-8352-77cd583fbc1d?api-key=YOUR_KEY&format=csv&limit=1000
Other skilling,Year-wise Details of Trained and Placed Trainees under Scheme of Capacity Building for Service Providers (CBSP) from 2023-24 to 2025-26,Rajya Sabha,2026-09-23,0,a2af653c-dc39-47f0-9100-3498b5f1e012,https://www.data.gov.in/resource/year-wise-details-trained-and-placed-trainees-under-scheme-capacity-building-service,https://api.data.gov.in/resource/a2af653c-dc39-47f0-9100-3498b5f1e012?api-key=YOUR_KEY&format=csv&limit=1000
Other skilling,"Year-wise Number of Trainees Placed, Either by Wage-Employment or Self-Employment under Pradhan Mantri Dakshta Aur Kushalta Sampann Hitgrahi (PM-DAKSH) Yojana Scheme from 2020-21 to 2023-24",Rajya Sabha,2026-09-23,0,879dd752-c395-4d83-befe-bc3289c64a85,https://www.data.gov.in/resource/year-wise-number-trainees-placed-either-wage-employment-or-self-employment-under-pradhan,https://api.data.gov.in/resource/879dd752-c395-4d83-befe-bc3289c64a85?api-key=YOUR_KEY&format=csv&limit=1000
Other skilling,State/UT-wise Number of Candidates Enrolled/Trained under FutureSkills PRIME  (In relpy to Unstarred Question as on 13th March 2026),Rajya Sabha,2026-09-23,0,a04d50b8-8e8d-400e-941e-37961cefdd40,https://www.data.gov.in/resource/stateut-wise-number-candidates-enrolledtrained-under-futureskills-prime-relpy-unstarred,https://api.data.gov.in/resource/a04d50b8-8e8d-400e-941e-37961cefdd40?api-key=YOUR_KEY&format=csv&limit=1000
Other skilling,Awarding Body-wise Details of Micro-Credentials under Skilling for AI Readiness (SOAR) (In relpy to Unstarred Question as on 11th March 2026),Rajya Sabha,2026-09-23,0,d9e6ec1c-4e9a-48c7-b4a1-a495b975762c,https://www.data.gov.in/resource/awarding-body-wise-details-micro-credentials-under-skilling-ai-readiness-soar-relpy,https://api.data.gov.in/resource/d9e6ec1c-4e9a-48c7-b4a1-a495b975762c?api-key=YOUR_KEY&format=csv&limit=1000
Other skilling,Year-wise Details of Entrepreneurship Development Programmes under Skilling Programmes Schemes from 2020-21 to 2024-25,Rajya Sabha,2026-09-23,0,e6162431-3210-46d3-8a08-cf9cb8f2e5cf,https://www.data.gov.in/resource/year-wise-details-entrepreneurship-development-programmes-under-skilling-programmes,https://api.data.gov.in/resource/e6162431-3210-46d3-8a08-cf9cb8f2e5cf?api-key=YOUR_KEY&format=csv&limit=1000
Other skilling,State/UT-wise Number of Operational Training Centres/ Institutes for Imparting Renewable Energy Skilling / Training (in reply to Unstarred Question as on 1th April 2025),Rajya Sabha,2025-07-17,1,6f3a1137-84b4-4397-b86d-21348c78a8bd,https://www.data.gov.in/resource/stateut-wise-number-operational-training-centres-institutes-imparting-renewable-energy,https://api.data.gov.in/resource/6f3a1137-84b4-4397-b86d-21348c78a8bd?api-key=YOUR_KEY&format=csv&limit=1000
Other skilling,State/UT-wise Number of Candidates Benefitted under Skill India Programme (SIP) as on 28-02-2025,Rajya Sabha,2025-07-17,1,cf5803db-8dd5-46e1-b12d-804f7482e9ad,https://www.data.gov.in/resource/stateut-wise-number-candidates-benefitted-under-skill-india-programme-sip-28-02-2025,https://api.data.gov.in/resource/cf5803db-8dd5-46e1-b12d-804f7482e9ad?api-key=YOUR_KEY&format=csv&limit=1000
Other skilling,State/UT-wise Details of Notified Wage Rates for Unskilled Workers under Mahatma Gandhi National Rural Employment Guarantee Scheme (MGNREGS) during 2024-25,Rajya Sabha,2025-07-17,1,4dca12cf-956c-4439-be34-027f2b3fecc6,https://www.data.gov.in/resource/stateut-wise-details-notified-wage-rates-unskilled-workers-under-mahatma-gandhi-national,https://api.data.gov.in/resource/4dca12cf-956c-4439-be34-027f2b3fecc6?api-key=YOUR_KEY&format=csv&limit=1000
Other skilling,"State/UT-wise Financial Assistance Provided by Department of Social Justice and Empowerment for Education, Skill Development, and Entrepreneurship of Marginalized Groups (in Reply to Starred Question on 26 March 2025)",Rajya Sabha,2025-07-17,1,d165d44f-246d-4b6f-bfc6-8aee7ba2f81c,https://www.data.gov.in/resource/stateut-wise-financial-assistance-provided-department-social-justice-and-empowerment,https://api.data.gov.in/resource/d165d44f-246d-4b6f-bfc6-8aee7ba2f81c?api-key=YOUR_KEY&format=csv&limit=1000
Other skilling,State/UT- wise Number of Farmers Trained under Skill Training of Rural Youth (STRY) from 2021-22 to 2024-25,Rajya Sabha,2025-06-27,1,4e012ced-4e1e-4fff-b708-339b620a9c57,https://www.data.gov.in/resource/stateut-wise-number-farmers-trained-under-skill-training-rural-youth-stry-2021-22-2024-25,https://api.data.gov.in/resource/4e012ced-4e1e-4fff-b708-339b620a9c57?api-key=YOUR_KEY&format=csv&limit=1000
Other skilling,Year-wise Details of Funds Utilized under the Skill Training programme of minimum 200 Hours from 2021-22 to 2024-25,Rajya Sabha,2025-06-27,1,ab98d7aa-6f1c-4d2f-beae-3ff90e665535,https://www.data.gov.in/resource/year-wise-details-funds-utilized-under-skill-training-programme-minimum-200-hours-2021-22,https://api.data.gov.in/resource/ab98d7aa-6f1c-4d2f-beae-3ff90e665535?api-key=YOUR_KEY&format=csv&limit=1000
Other skilling,State/UT-wise Number of Farmers Trained under the Skill Training programme of minimum 200 Hours from 2021-22 to 2024-25,Rajya Sabha,2025-06-27,1,f3f5c01d-c81d-4797-9206-f51596dbcabc,https://www.data.gov.in/resource/stateut-wise-number-farmers-trained-under-skill-training-programme-minimum-200-hours-2021,https://api.data.gov.in/resource/f3f5c01d-c81d-4797-9206-f51596dbcabc?api-key=YOUR_KEY&format=csv&limit=1000
Other skilling,District-wise Number of Training Centres under Skill Development Schemes in the State of Rajasthan (In reply to Unstarred Question as on 19th March 2025),Rajya Sabha,2025-06-27,1,d8280a2a-3173-4fd3-b314-19ddd6d40291,https://www.data.gov.in/resource/district-wise-number-training-centres-under-skill-development-schemes-state-rajasthan,https://api.data.gov.in/resource/d8280a2a-3173-4fd3-b314-19ddd6d40291?api-key=YOUR_KEY&format=csv&limit=1000
Other skilling,Scheme-wise Number of Candidates Trained under Government of India Skill India Mission (SIM) from 2020-21 to 2023-24,Rajya Sabha,2025-06-27,1,0e5b91df-f4e8-45ae-b173-ee4bd83854b6,https://www.data.gov.in/resource/scheme-wise-number-candidates-trained-under-government-india-skill-india-mission-sim-2020,https://api.data.gov.in/resource/0e5b91df-f4e8-45ae-b173-ee4bd83854b6?api-key=YOUR_KEY&format=csv&limit=1000
Other skilling,"State/UT-wise Number of Additional Enrolments as Reported at Block Level in Private Pre-Primary Schools, Unrecognized Schools and Skill Centres during 2022-23",Ministry of Education,2025-06-27,0,a763d2f2-bad1-40c0-aef6-deb026c85f7d,https://www.data.gov.in/resource/stateut-wise-number-additional-enrolments-reported-block-level-private-pre-primary-schools,https://api.data.gov.in/resource/a763d2f2-bad1-40c0-aef6-deb026c85f7d?api-key=YOUR_KEY&format=csv&limit=1000
Other skilling,"State/UTs-wise Number of Additional Enrolments as Reported at Block level in Private Pre-Primary Schools, Unrecognized Schools and Skill Centres during 2023-24",Ministry of Education,2025-06-27,0,6dc9c018-97f5-448b-b296-fece5667c537,https://www.data.gov.in/resource/stateuts-wise-number-additional-enrolments-reported-block-level-private-pre-primary,https://api.data.gov.in/resource/6dc9c018-97f5-448b-b296-fece5667c537?api-key=YOUR_KEY&format=csv&limit=1000
Other skilling,Year-wise Details of Funds Utilized under Skill Training of Rural Youth (STRY) from 2021-22 to 2024-25,Rajya Sabha,2025-06-24,1,2857c020-c8ca-4920-906a-6dcace785793,https://www.data.gov.in/resource/year-wise-details-funds-utilized-under-skill-training-rural-youth-stry-2021-22-2024-25,https://api.data.gov.in/resource/2857c020-c8ca-4920-906a-6dcace785793?api-key=YOUR_KEY&format=csv&limit=1000
Other skilling,Scheme-wise Number of Candidates Trained under Skill India Mission (SIM) from 2021-22 to 2023-24,Rajya Sabha,2025-06-24,1,3e9a8183-f79c-49aa-98cd-60e90b97c350,https://www.data.gov.in/resource/scheme-wise-number-candidates-trained-under-skill-india-mission-sim-2021-22-2023-24,https://api.data.gov.in/resource/3e9a8183-f79c-49aa-98cd-60e90b97c350?api-key=YOUR_KEY&format=csv&limit=1000
Other skilling,Year-wise Number of Candidates Trained under Skill India Mission (SIM) from 2019-20 to 2023-24,Rajya Sabha,2025-05-30,1,0b5a1c9e-5345-464a-8b15-6a9bbe942686,https://www.data.gov.in/resource/year-wise-number-candidates-trained-under-skill-india-mission-sim-2019-20-2023-24,https://api.data.gov.in/resource/0b5a1c9e-5345-464a-8b15-6a9bbe942686?api-key=YOUR_KEY&format=csv&limit=1000
Other skilling,Year-wise Centralized Training Institutes (CTIs) Combined Performance Provides for Different sets of Training Interventions at various Stages from 2020-21 to 2024-25,Rajya Sabha,2025-05-19,1,e64adc78-cd79-42b2-a1dc-a6b92c448e5e,https://www.data.gov.in/resource/year-wise-centralized-training-institutes-ctis-combined-performance-provides-different,https://api.data.gov.in/resource/e64adc78-cd79-42b2-a1dc-a6b92c448e5e?api-key=YOUR_KEY&format=csv&limit=1000
Other skilling,State/UT-wise Details of Wages Paid to Unskilled Workers under Mahatma Gandhi National Rural Employment Guarantee Scheme (MGNREGS) during 2024-25,Rajya Sabha,2025-04-30,1,7c99aa44-d5f8-4b0f-b05a-21586fbb2a1b,https://www.data.gov.in/resource/stateut-wise-details-wages-paid-unskilled-workers-under-mahatma-gandhi-national-rural,https://api.data.gov.in/resource/7c99aa44-d5f8-4b0f-b05a-21586fbb2a1b?api-key=YOUR_KEY&format=csv&limit=1000
Other skilling,State/UT-wise Details of Wage Rates for Unskilled Workers under Mahatma Gandhi National Rural Employment Guarantee Scheme (MGNREGS) during 2024-25,Rajya Sabha,2025-04-30,1,540eac6e-82d0-41b1-ba72-9b951c759adb,https://www.data.gov.in/resource/stateut-wise-details-wage-rates-unskilled-workers-under-mahatma-gandhi-national-rural,https://api.data.gov.in/resource/540eac6e-82d0-41b1-ba72-9b951c759adb?api-key=YOUR_KEY&format=csv&limit=1000
Other skilling,State/UT-wise Details of Wages Paid to Skilled and Semi-skilled Workers under Mahatma Gandhi National Rural Employment Guarantee Scheme (MGNREGS) during 2024-25,Rajya Sabha,2025-04-30,1,3a1777c6-5cdc-4dae-8f71-f02ee802e7d9,https://www.data.gov.in/resource/stateut-wise-details-wages-paid-skilled-and-semi-skilled-workers-under-mahatma-gandhi,https://api.data.gov.in/resource/3a1777c6-5cdc-4dae-8f71-f02ee802e7d9?api-key=YOUR_KEY&format=csv&limit=1000
Other skilling,State/UT-wise Number of Beneficiaries who got Skilled and Placed under Samarth Scheme from 2021-22 to 2023-24,Rajya Sabha,2025-04-29,1,ae4aa7c5-713b-4409-9e6d-614ca16d5428,https://www.data.gov.in/resource/stateut-wise-number-beneficiaries-who-got-skilled-and-placed-under-samarth-scheme-2021-22,https://api.data.gov.in/resource/ae4aa7c5-713b-4409-9e6d-614ca16d5428?api-key=YOUR_KEY&format=csv&limit=1000
Other skilling,Date-wise Details of Amount Spent Rozgar Mela Kaushal Mahotsavs under Pradhan Mantri Kaushal Kendras (PMKKs) from 04-03-2022 to 10-03-2024,Rajya Sabha,2025-04-04,1,7f18b49b-fabc-42a4-bd23-364fcdfe50af,https://www.data.gov.in/resource/date-wise-details-amount-spent-rozgar-mela-kaushal-mahotsavs-under-pradhan-mantri-kaushal,https://api.data.gov.in/resource/7f18b49b-fabc-42a4-bd23-364fcdfe50af?api-key=YOUR_KEY&format=csv&limit=1000
Other skilling,"State/UT-wise Number of Skill Trained Candidates Placed under (EST&P), Progress under DAY-NULM from 2015-16 to 2018-19 (From: Ministry of Labour and Employment)",Rajya Sabha,2025-02-17,1,31274f87-851e-4677-9dba-63b671ad4d57,https://www.data.gov.in/resource/stateut-wise-number-skill-trained-candidates-placed-under-estp-progress-under-day-nulm,https://api.data.gov.in/resource/31274f87-851e-4677-9dba-63b671ad4d57?api-key=YOUR_KEY&format=csv&limit=1000
Other skilling,State-wise Funds Released to WSCs for Skill Upgradation Programmes in Assam and other North-Eastern States under NHDP/CHCDS (Handloom Sector) during 2017-18 and 2018-19 (From: Ministry of Textiles),Rajya Sabha,2025-02-17,1,8b3041e2-73f0-4734-9fc1-172703525580,https://www.data.gov.in/resource/state-wise-funds-released-wscs-skill-upgradation-programmes-assam-and-other-north-eastern,https://api.data.gov.in/resource/8b3041e2-73f0-4734-9fc1-172703525580?api-key=YOUR_KEY&format=csv&limit=1000
Other skilling,"State/UT-wise Number of Trainees Trained under Seekho Aur Kamao Scheme (in reply to Unstarred Question on 15 July, 2019) (From: Ministry of Minority Affairs)",Rajya Sabha,2025-02-17,1,7e240a60-1bb9-4d00-b1bd-8eb7d240f558,https://www.data.gov.in/resource/stateut-wise-number-trainees-trained-under-seekho-aur-kamao-scheme-reply-unstarred,https://api.data.gov.in/resource/7e240a60-1bb9-4d00-b1bd-8eb7d240f558?api-key=YOUR_KEY&format=csv&limit=1000
Other skilling,Medals Won in National And International Events by Trainees Covered under various SAI Sports Promotional Schemes being Implemented in State of Maharashtra from 2017-2018 to 2019-2020 (From: Ministry of Youth Affairs & Sports),Rajya Sabha,2025-02-17,1,67e0f946-8aff-42a2-89e0-f93b517ad1d0,https://www.data.gov.in/resource/medals-won-national-and-international-events-trainees-covered-under-various-sai-sports,https://api.data.gov.in/resource/67e0f946-8aff-42a2-89e0-f93b517ad1d0?api-key=YOUR_KEY&format=csv&limit=1000
Other skilling,State/UT-wise Number of Existing Polytechnics in the Country (in reply to unstarred Question on 25.07.2018) (From : Ministry of Skill Development and Entrepreneurship),Rajya Sabha,2025-02-14,1,2ba81291-8e30-48b7-aed2-be818f71a1ee,https://www.data.gov.in/resource/stateut-wise-number-existing-polytechnics-country-reply-unstarred-question-25072018,https://api.data.gov.in/resource/2ba81291-8e30-48b7-aed2-be818f71a1ee?api-key=YOUR_KEY&format=csv&limit=1000
Other skilling,Teacher Training Institutes in Ariyalur District : DHB 2017-18,Tamil Nadu,2025-02-12,0,f5adc270-1996-4e60-b912-adaea163bb73,https://www.data.gov.in/resource/teacher-training-institutes-ariyalur-district-dhb-2017-18,https://api.data.gov.in/resource/f5adc270-1996-4e60-b912-adaea163bb73?api-key=YOUR_KEY&format=csv&limit=1000
Other skilling,"Year-wise Details of Budget is Allocated for Training under the Assistance to National Sports Federations, the Target Olympic Podium Scheme (TOPS) and the Khelo India Scheme from 2020-21 to 2022-23",Rajya Sabha,2025-02-12,1,274995cb-a75e-482a-85b4-f361b7ff6c13,https://www.data.gov.in/resource/year-wise-details-budget-allocated-training-under-assistance-national-sports-federations,https://api.data.gov.in/resource/274995cb-a75e-482a-85b4-f361b7ff6c13?api-key=YOUR_KEY&format=csv&limit=1000
Other skilling,Training Type-wise Female Beneficiaries Completed the Skill Development Training Courses under PMFME Scheme in Tamil Nadu (in reply to Unstarred Question as on 7th August 2024),Rajya Sabha,2024-10-23,0,bcde6dd6-bc6b-48b0-b89f-fbed042dbc9d,https://www.data.gov.in/resource/training-type-wise-female-beneficiaries-completed-skill-development-training-courses-under,https://api.data.gov.in/resource/bcde6dd6-bc6b-48b0-b89f-fbed042dbc9d?api-key=YOUR_KEY&format=csv&limit=1000
Other skilling,State-wise Details of the Flexi-MoUs Signed with Industries for Training Programs to Meet Specific Skill Requirements from 2019 to 2022,Rajya Sabha,2024-10-23,1,df04ee63-9c26-495a-80a1-f725299604e3,https://www.data.gov.in/resource/state-wise-details-flexi-mous-signed-industries-training-programs-meet-specific-skill,https://api.data.gov.in/resource/df04ee63-9c26-495a-80a1-f725299604e3?api-key=YOUR_KEY&format=csv&limit=1000
Other skilling,State-wise Details of Fund Released to States under the Scheme Skill Development in 48 Districts Affected by LWE from 2019-20 to 2023-24,Rajya Sabha,2024-10-23,1,e3942b35-32e8-4e2a-b5a5-e92d2b44d59b,https://www.data.gov.in/resource/state-wise-details-fund-released-states-under-scheme-skill-development-48-districts,https://api.data.gov.in/resource/e3942b35-32e8-4e2a-b5a5-e92d2b44d59b?api-key=YOUR_KEY&format=csv&limit=1000
Other skilling,State-wise Details of Fund Released to States under the Scheme Enhancing Skill Development Infrastructure in North Eastern (NE) States from 2019-20 to 2023-24,Rajya Sabha,2024-10-23,1,95bbbcc0-569b-4058-a601-14d85f1df1b4,https://www.data.gov.in/resource/state-wise-details-fund-released-states-under-scheme-enhancing-skill-development,https://api.data.gov.in/resource/95bbbcc0-569b-4058-a601-14d85f1df1b4?api-key=YOUR_KEY&format=csv&limit=1000
Other skilling,State/UT-wise Wage Rates for Unskilled Workers under Mahatma Gandhi National Rural Employment Guarantee Act (Mahatma Gandhi NREGS) from 2019-20 to 2024-25,Rajya Sabha,2024-10-23,1,db9e056d-af3c-4200-8335-fee8d066ff02,https://www.data.gov.in/resource/stateut-wise-wage-rates-unskilled-workers-under-mahatma-gandhi-national-rural-employment,https://api.data.gov.in/resource/db9e056d-af3c-4200-8335-fee8d066ff02?api-key=YOUR_KEY&format=csv&limit=1000
Other skilling,"Schemes-wise Number of Total Beneficiaries and Tribal Beneficiaries under Different Schemes of Skill India Mission (SIM) in the Country (in Reply to Unstarred Question on 24 July, 2024)",Rajya Sabha,2024-09-17,1,d89939bc-f98d-4d76-9c95-00fa9299bd1d,https://www.data.gov.in/resource/schemes-wise-number-total-beneficiaries-and-tribal-beneficiaries-under-different-schemes,https://api.data.gov.in/resource/d89939bc-f98d-4d76-9c95-00fa9299bd1d?api-key=YOUR_KEY&format=csv&limit=1000
Other skilling,"State/UT-wise Beneficiaries having undergone Skill Training, been Placed in Employment, and assisted in setting up their own or group businesses under DAY-NULM from 01-04-2014 to 15-07-2024",Rajya Sabha,2024-09-09,1,6bdfe736-ce93-4e24-ad13-aed52a9d2c37,https://www.data.gov.in/resource/stateut-wise-beneficiaries-having-undergone-skill-training-been-placed-employment-and,https://api.data.gov.in/resource/6bdfe736-ce93-4e24-ad13-aed52a9d2c37?api-key=YOUR_KEY&format=csv&limit=1000
Other skilling,Scheme-wise Details of Funds Released under the Schemes of Ministry of Skill Development and Entrepreneurship (MSDE) from 2015-16 to June 2024,Rajya Sabha,2024-09-09,1,a1a607a0-31f5-4ee7-b336-182e622d2f50,https://www.data.gov.in/resource/scheme-wise-details-funds-released-under-schemes-ministry-skill-development-and,https://api.data.gov.in/resource/a1a607a0-31f5-4ee7-b336-182e622d2f50?api-key=YOUR_KEY&format=csv&limit=1000
Other skilling,Year-wise Number of IT Professional Re-Skilled and Up-Skilled under the Future Skills Prime Programme from 2020-21 to 2024-25,Rajya Sabha,2024-09-09,1,436916ff-2f71-49bb-9638-0cbc866a956e,https://www.data.gov.in/resource/year-wise-number-it-professional-re-skilled-and-skilled-under-future-skills-prime,https://api.data.gov.in/resource/436916ff-2f71-49bb-9638-0cbc866a956e?api-key=YOUR_KEY&format=csv&limit=1000
Other skilling,"Year-wise Estimated UR Including Skilled/Unskilled and WPR, Indicating Employment, Organized/Unorganized Sector on Usual Status for Persons of Age 15 years and above in Country including State of Bihar from 2017-18 to 2022-23",Rajya Sabha,2024-09-09,1,7665a729-a5e0-400b-9ef8-1fed553aff40,https://www.data.gov.in/resource/year-wise-estimated-ur-including-skilledunskilled-and-wpr-indicating-employment,https://api.data.gov.in/resource/7665a729-a5e0-400b-9ef8-1fed553aff40?api-key=YOUR_KEY&format=csv&limit=1000
Other skilling,Year-wise Details of Funds released by the Ministry under Model Driving Training Institutes/Centres from 2020-21 to 2022-23,Rajya Sabha,2024-08-27,1,34d6b2b3-6c3e-468c-86fb-cf6636834361,https://www.data.gov.in/resource/year-wise-details-funds-released-ministry-under-model-driving-training-institutescentres,https://api.data.gov.in/resource/34d6b2b3-6c3e-468c-86fb-cf6636834361?api-key=YOUR_KEY&format=csv&limit=1000
Other skilling,State/UT-wise Details of Employment Provided (in person-days generated) under Rural Self Employment Training Institutes from 2006-07 to 2023-24,Rajya Sabha,2024-08-27,1,fb70eab1-f03b-4a53-825b-89118f45e13a,https://www.data.gov.in/resource/stateut-wise-details-employment-provided-person-days-generated-under-rural-self-employment,https://api.data.gov.in/resource/fb70eab1-f03b-4a53-825b-89118f45e13a?api-key=YOUR_KEY&format=csv&limit=1000
Other skilling,"Year-wise Details of Funds released for Initiatives of Model Driving Training Institutes/Centres, Model Inspection and Certification Centres, Public Transport System from 2020-21 to 2022-23",Rajya Sabha,2024-08-27,1,a89a0c25-2e2a-4324-90e1-7f6f5f57f8cd,https://www.data.gov.in/resource/year-wise-details-funds-released-initiatives-model-driving-training-institutescentres,https://api.data.gov.in/resource/a89a0c25-2e2a-4324-90e1-7f6f5f57f8cd?api-key=YOUR_KEY&format=csv&limit=1000
Other skilling,State-wise Funds Provided for Skill Development and Vocational Training of Tribal Persons under SCA to TSS and Grants under Article 275 (1) (in reply to Unstarred Question on 20th December 2023),Rajya Sabha,2024-08-27,1,98063811-f9ca-49df-9aa9-fe13d7716c6b,https://www.data.gov.in/resource/state-wise-funds-provided-skill-development-and-vocational-training-tribal-persons-under-1,https://api.data.gov.in/resource/98063811-f9ca-49df-9aa9-fe13d7716c6b?api-key=YOUR_KEY&format=csv&limit=1000
Other skilling,State-wise Number of Infrastructural Development and Skill Development Interventions Approved and Sanctioned during 2022-23 and 2023-24,Rajya Sabha,2024-08-27,1,836d2c5f-d811-4bd3-b5d9-4b032bbfd5a8,https://www.data.gov.in/resource/state-wise-number-infrastructural-development-and-skill-development-interventions-approved,https://api.data.gov.in/resource/836d2c5f-d811-4bd3-b5d9-4b032bbfd5a8?api-key=YOUR_KEY&format=csv&limit=1000
Other skilling,State/UT-wise Number of Skill Trained Candidates Placed and Beneficiaries Assisted for Setting up Individual/ Group Micro Enterprises and Central Fund Released under (DAY-NULM) from 2018-19 to 2023-24,Rajya Sabha,2024-08-27,1,a18be54e-469a-4c72-895c-ae26775fa376,https://www.data.gov.in/resource/stateut-wise-number-skill-trained-candidates-placed-and-beneficiaries-assisted-setting-0,https://api.data.gov.in/resource/a18be54e-469a-4c72-895c-ae26775fa376?api-key=YOUR_KEY&format=csv&limit=1000
Other skilling,Year-wise Number of Information Technology (IT) Professional Re-Skilled and UP-Skilled under the Future Skills Prime Programme from 2020-21 to 2024-25,Rajya Sabha,2024-08-22,1,2ed85148-f9e8-474e-8760-7df377d7138b,https://www.data.gov.in/resource/year-wise-number-information-technology-it-professional-re-skilled-and-skilled-under,https://api.data.gov.in/resource/2ed85148-f9e8-474e-8760-7df377d7138b?api-key=YOUR_KEY&format=csv&limit=1000
Other skilling,State/UT-wise Number of Enrolment of Girls from Scheduled Tribes in Vocational Training Centres Functioning from 2022-23 to 2023-24,Rajya Sabha,2024-08-09,1,e561b33f-b835-4f5c-a2ac-640bf6eaa804,https://www.data.gov.in/resource/stateut-wise-number-enrolment-girls-scheduled-tribes-vocational-training-centres,https://api.data.gov.in/resource/e561b33f-b835-4f5c-a2ac-640bf6eaa804?api-key=YOUR_KEY&format=csv&limit=1000
Other skilling,District-wise Details of Trained Candidates under Schemes of Ministry of Skill Development and Entrepreneurship (MSDE) in State of Uttar Pradesh during 2022-23,Rajya Sabha,2024-08-09,1,c6044719-b4f9-43a1-bcef-806015a97ad3,https://www.data.gov.in/resource/district-wise-details-trained-candidates-under-schemes-ministry-skill-development-and,https://api.data.gov.in/resource/c6044719-b4f9-43a1-bcef-806015a97ad3?api-key=YOUR_KEY&format=csv&limit=1000
Other skilling,"Year-wise Details of Total Funds Allocated, Disbursed and Utilized for Skill Development Programs Targeting Women in Agriculture by ICAR from 2018-19 to 2022-23",Rajya Sabha,2024-08-09,1,eb5f52ee-e7d7-422b-a1b9-49a8f2ace8eb,https://www.data.gov.in/resource/year-wise-details-total-funds-allocated-disbursed-and-utilized-skill-development-programs,https://api.data.gov.in/resource/eb5f52ee-e7d7-422b-a1b9-49a8f2ace8eb?api-key=YOUR_KEY&format=csv&limit=1000
Other skilling,State/UT-wise Number of Skill Trained Candidates Placed under Deen Dayal Antodaya Yojana-National Urban Livelihoods Mission (DAY-NULM) from 2018-19 to 2023-24,Rajya Sabha,2024-04-08,1,557b2e5d-4d25-4f74-941f-f2c84114318a,https://www.data.gov.in/resource/stateut-wise-number-skill-trained-candidates-placed-under-deen-dayal-antodaya-yojana,https://api.data.gov.in/resource/557b2e5d-4d25-4f74-941f-f2c84114318a?api-key=YOUR_KEY&format=csv&limit=1000
Other skilling,"State/UT-wise Details of Training Requirement in the Major States including Andhra Pradesh as per Skill Gap Analysis Report (in reply to Unstarred Question on 2nd February, 2024)",Rajya Sabha,2024-04-04,1,c42b3576-6bd6-49b1-a8f5-f9e3858d83f2,https://www.data.gov.in/resource/stateut-wise-details-training-requirement-major-states-including-andhra-pradesh-skill-gap,https://api.data.gov.in/resource/c42b3576-6bd6-49b1-a8f5-f9e3858d83f2?api-key=YOUR_KEY&format=csv&limit=1000
Other skilling,State/UT-wise Number of OBC Candidates Benefited under the programmes being implemented by National Skill Development Corporation (NSDC) from 2020 to 2023,Rajya Sabha,2024-04-04,1,c0abb55c-4aae-402c-a84c-6e4d574963d0,https://www.data.gov.in/resource/stateut-wise-number-obc-candidates-benefited-under-programmes-being-implemented-national,https://api.data.gov.in/resource/c0abb55c-4aae-402c-a84c-6e4d574963d0?api-key=YOUR_KEY&format=csv&limit=1000
Other skilling,Year-wise Number of Persons Trained under Ministry of Skill Development and Entrepreneurship (MSDE) Schemes in Maharashtra from 2020-21 to 2022-23,Rajya Sabha,2024-04-04,1,dfa8c013-e77e-496b-ac91-36daff6a724f,https://www.data.gov.in/resource/year-wise-number-persons-trained-under-ministry-skill-development-and-entrepreneurship,https://api.data.gov.in/resource/dfa8c013-e77e-496b-ac91-36daff6a724f?api-key=YOUR_KEY&format=csv&limit=1000
Other skilling,Region-wise Status of Skill Development of Beedi Workers/Dependents from 2017-18 to 2019-20,Rajya Sabha,2024-02-23,1,bab3a432-e688-4eae-a1ea-ca5a1263276f,https://www.data.gov.in/resource/region-wise-status-skill-development-beedi-workersdependents-2017-18-2019-20,https://api.data.gov.in/resource/bab3a432-e688-4eae-a1ea-ca5a1263276f?api-key=YOUR_KEY&format=csv&limit=1000
Other skilling,"Gender-wise Percentage of Persons of Age 15-24 Years and 15-29 Years with various ICT Skills (including digital literacy parameters) in Rural as well as Urban India during 2020- 2021(Report published in March, 2023).",Rajya Sabha,2024-02-23,1,f4b50eed-6d01-4127-8afc-03927dbd8581,https://www.data.gov.in/resource/gender-wise-percentage-persons-age-15-24-years-and-15-29-years-various-ict-skills,https://api.data.gov.in/resource/f4b50eed-6d01-4127-8afc-03927dbd8581?api-key=YOUR_KEY&format=csv&limit=1000
Other skilling,"State/UT-wise Percentage of Persons of Age 15-24 Years Who Reported Ability to Perform Different ICT Skills during 2020- 2021(Report published in March, 2023)",Rajya Sabha,2024-01-23,1,0664a303-d5f2-4ed9-8b35-be75a0e52ac3,https://www.data.gov.in/resource/stateut-wise-percentage-persons-age-15-24-years-who-reported-ability-perform-different-ict,https://api.data.gov.in/resource/0664a303-d5f2-4ed9-8b35-be75a0e52ac3?api-key=YOUR_KEY&format=csv&limit=1000
Other skilling,"State/UT-wise Details of Sanctioned NELS Skill Centers (in Reply to Starred Question on 25 July, 2023)",Rajya Sabha,2023-12-26,1,c8fbb1e0-9572-4884-a96d-5d3ba640faab,https://www.data.gov.in/resource/stateut-wise-details-sanctioned-nels-skill-centers-reply-starred-question-25-july-2023,https://api.data.gov.in/resource/c8fbb1e0-9572-4884-a96d-5d3ba640faab?api-key=YOUR_KEY&format=csv&limit=1000
Other skilling,State/UT-wise Number of Skill Trained Candidates Placed and Beneficiaries Assisted for Setting up Individual/ Group Micro Enterprises and Central Fund Released under DAY-NULM from 2017-18 to 2021-22,Rajya Sabha,2023-12-26,1,762a10c0-9a23-4c2c-b23a-db3e646ad4d1,https://www.data.gov.in/resource/stateut-wise-number-skill-trained-candidates-placed-and-beneficiaries-assisted-setting,https://api.data.gov.in/resource/762a10c0-9a23-4c2c-b23a-db3e646ad4d1?api-key=YOUR_KEY&format=csv&limit=1000
Other skilling,Year-wise Number of Women Candidates Trained under Skill Development Programme (SDP) and Entrepreneurship Awareness Programme (EAP) in Uttar Pradesh from 2017-18 to 2022-23,Rajya Sabha,2023-11-29,1,5d7ade9e-bc76-467e-a549-e8284bf37a50,https://www.data.gov.in/resource/year-wise-number-women-candidates-trained-under-skill-development-programme-sdp-and,https://api.data.gov.in/resource/5d7ade9e-bc76-467e-a549-e8284bf37a50?api-key=YOUR_KEY&format=csv&limit=1000
Other skilling,"Programme-wise Number of Tribal Candidates Trained under the Programmes of the Ministry of Skill Development and Entrepreneurship (MSDE) (in Reply to Unstarred Question on 08 February, 2023)",Rajya Sabha,2023-11-29,1,0b6ce142-fc8a-4a78-996b-f00b3fd6cc52,https://www.data.gov.in/resource/programme-wise-number-tribal-candidates-trained-under-programmes-ministry-skill,https://api.data.gov.in/resource/0b6ce142-fc8a-4a78-996b-f00b3fd6cc52?api-key=YOUR_KEY&format=csv&limit=1000
Other skilling,"State/UT-wise Number of Candidates Trained under Skill Development Programmes (SDP), Entrepreneurship Awareness Programmes (EAP) and Entrepreneurship Development Programme (EDP) during 2021-22",Rajya Sabha,2023-09-20,1,9197e6d5-c4e6-4a44-93c1-ae66aba25127,https://www.data.gov.in/resource/stateut-wise-number-candidates-trained-under-skill-development-programmes-sdp,https://api.data.gov.in/resource/9197e6d5-c4e6-4a44-93c1-ae66aba25127?api-key=YOUR_KEY&format=csv&limit=1000
Other skilling,State/UT-wise Number of Secondary Schools having Vocational Courses under National Skills Qualification Framework (NSQF) by Management and Enrolment under Vocational Courses during 2021-22,Ministry of Education,2023-09-14,0,8a4c1798-0127-4a58-8557-7ec8a7b70efd,https://www.data.gov.in/resource/stateut-wise-number-secondary-schools-having-vocational-courses-under-national-skills,https://api.data.gov.in/resource/8a4c1798-0127-4a58-8557-7ec8a7b70efd?api-key=YOUR_KEY&format=csv&limit=1000
Other skilling,State/UT-wise Number of Higher Secondary Schools having Vocational Courses under National Skills Qualification Framework (NSQF) by Management and Enrolment under Vocational Courses during 2021-22,Ministry of Education,2023-09-14,0,eff30d92-8433-4aa6-bcf4-e1e866862020,https://www.data.gov.in/resource/stateut-wise-number-higher-secondary-schools-having-vocational-courses-under-national,https://api.data.gov.in/resource/eff30d92-8433-4aa6-bcf4-e1e866862020?api-key=YOUR_KEY&format=csv&limit=1000
Other skilling,State/UT-wise Number of Secondary and Higher Secondary Schools having Vocational Courses under National Skills Qualification Framework (NSQF) by Management and Enrolment under Vocational Courses during 2021-22,Ministry of Education,2023-09-14,0,6243e4ea-d6b5-4218-8cd3-8a2bf7816e7e,https://www.data.gov.in/resource/stateut-wise-number-secondary-and-higher-secondary-schools-having-vocational-courses-under,https://api.data.gov.in/resource/6243e4ea-d6b5-4218-8cd3-8a2bf7816e7e?api-key=YOUR_KEY&format=csv&limit=1000
Other skilling,Year-wise Details of Trainees/Beneficiaries under Entrepreneurship and Skill Development Programme (ESDP) Scheme from 2018-19 to 2022-23,Rajya Sabha,2023-09-11,1,f2671c7d-be6e-4e33-bfda-5edadf07017a,https://www.data.gov.in/resource/year-wise-details-traineesbeneficiaries-under-entrepreneurship-and-skill-development,https://api.data.gov.in/resource/f2671c7d-be6e-4e33-bfda-5edadf07017a?api-key=YOUR_KEY&format=csv&limit=1000
Other skilling,Year-wise Funds Allocated in the State of Himachal Pradesh under Entrepreneurship and Skill Development Programme (ESDP) Scheme from 2019-20 to 2022-23,Rajya Sabha,2023-06-30,1,65cef929-4ae0-472a-bf43-c1afc701bc8a,https://www.data.gov.in/resource/year-wise-funds-allocated-state-himachal-pradesh-under-entrepreneurship-and-skill,https://api.data.gov.in/resource/65cef929-4ae0-472a-bf43-c1afc701bc8a?api-key=YOUR_KEY&format=csv&limit=1000
Other skilling,"State/UT-wise Details of the Number of Enterprise Facilitation Centres (EFCs) established under the Entrepreneurship Skill Development Programme (in Reply to Unstarred Question on 27 March, 2023)",Rajya Sabha,2023-06-30,1,34c1b8fb-8db9-40f2-99cb-545c06956704,https://www.data.gov.in/resource/stateut-wise-details-number-enterprise-facilitation-centres-efcs-established-under,https://api.data.gov.in/resource/34c1b8fb-8db9-40f2-99cb-545c06956704?api-key=YOUR_KEY&format=csv&limit=1000
Other skilling,Year-wise Details of Funds Allocated (Revised Estimates of Operational & Revenue Expenditure Budget) and Actual Expenditure in Respect of Aviation Skill Development Centres form 2017-18 to 2021-22,Rajya Sabha,2023-06-30,1,7b39b694-2a5b-4eb8-bfab-81595cff1cc5,https://www.data.gov.in/resource/year-wise-details-funds-allocated-revised-estimates-operational-revenue-expenditure-budget,https://api.data.gov.in/resource/7b39b694-2a5b-4eb8-bfab-81595cff1cc5?api-key=YOUR_KEY&format=csv&limit=1000
Other skilling,Year-wise Funds Allocated for Skill Development Schemes from 2019-20 to 2021-22,Rajya Sabha,2023-05-02,1,72c8e4fc-48ba-4576-99d1-8e4251e97965,https://www.data.gov.in/resource/year-wise-funds-allocated-skill-development-schemes-2019-20-2021-22,https://api.data.gov.in/resource/72c8e4fc-48ba-4576-99d1-8e4251e97965?api-key=YOUR_KEY&format=csv&limit=1000
Other skilling,"State/UTs-wise Details of the Number of Skill Trained Candidates Placed, Beneficiaries Assisted for setting-up individual/ group Micro Enterprises and Central Fund Released under DAY-NULM from 2017-18 to 2021-22",Rajya Sabha,2023-05-02,1,11d04e95-d63f-4adf-9c2a-d2a310c7e05a,https://www.data.gov.in/resource/stateuts-wise-details-number-skill-trained-candidates-placed-beneficiaries-assisted,https://api.data.gov.in/resource/11d04e95-d63f-4adf-9c2a-d2a310c7e05a?api-key=YOUR_KEY&format=csv&limit=1000
Other skilling,"Sector-wise Corporate Social Responsibility (CSR) Expenditure in Education, Special Education and Vocational Skill Sector from 2018-19 to 2020-21",Rajya Sabha,2023-04-03,1,c785bee5-e6f7-4e64-b760-f17ef15251a4,https://www.data.gov.in/resource/sector-wise-corporate-social-responsibility-csr-expenditure-education-special-education,https://api.data.gov.in/resource/c785bee5-e6f7-4e64-b760-f17ef15251a4?api-key=YOUR_KEY&format=csv&limit=1000
Other skilling,State/UTs-wise Details of the Number of Established PMKKs (Pradhan Mantri Kaushal Kendras) as on 30-09-2022,Rajya Sabha,2023-04-03,1,b289c2de-fc45-4141-9a89-6281603682ac,https://www.data.gov.in/resource/stateuts-wise-details-number-established-pmkks-pradhan-mantri-kaushal-kendras-30-09-2022,https://api.data.gov.in/resource/b289c2de-fc45-4141-9a89-6281603682ac?api-key=YOUR_KEY&format=csv&limit=1000
Other skilling,"Scheme-wise Department for Providing Skill Development Training on a pan India Basis, Including State of Haryana (in reply to Unstarred Question on 27 July, 2022)",Rajya Sabha,2023-02-21,1,6f371483-6646-4f5c-b2b5-1fe050c7eb0d,https://www.data.gov.in/resource/scheme-wise-department-providing-skill-development-training-pan-india-basis-including,https://api.data.gov.in/resource/6f371483-6646-4f5c-b2b5-1fe050c7eb0d?api-key=YOUR_KEY&format=csv&limit=1000
Other skilling,"Project-wise Total of Projects with an Estimated Cost of Partially Funded under Sagarmala Programme in the state of Maharashtra for Coastal Community Development which Include Areas Like Fisheries, Skill Development and Technology Centre as on 25.04.2022",Rajya Sabha,2023-02-21,1,3985d305-2c44-4c3c-a28e-2a3620858aa3,https://www.data.gov.in/resource/project-wise-total-projects-estimated-cost-partially-funded-under-sagarmala-programme,https://api.data.gov.in/resource/3985d305-2c44-4c3c-a28e-2a3620858aa3?api-key=YOUR_KEY&format=csv&limit=1000
Other skilling,State/UTs-wise Details of the Number of Youth skilled under various Schemes of the Ministry of Rural Development till 30-06-2022,Rajya Sabha,2023-02-21,1,f4bdcfa6-17a5-4bfb-9771-04a6450cba6d,https://www.data.gov.in/resource/stateuts-wise-details-number-youth-skilled-under-various-schemes-ministry-rural,https://api.data.gov.in/resource/f4bdcfa6-17a5-4bfb-9771-04a6450cba6d?api-key=YOUR_KEY&format=csv&limit=1000
Other skilling,State/UTs-wise Details of the Number of Youth skilled under various Schemes of the Ministry till 30-06-2022,Rajya Sabha,2023-02-21,1,9cb7c984-ed95-4767-bc23-0b6237c74152,https://www.data.gov.in/resource/stateuts-wise-details-number-youth-skilled-under-various-schemes-ministry-till-30-06-2022,https://api.data.gov.in/resource/9cb7c984-ed95-4767-bc23-0b6237c74152?api-key=YOUR_KEY&format=csv&limit=1000
Other skilling,"Year-wise Number of Deliveries that took Place in Government or Accredited Private Healthcare Facilities or at Home of the Pregnant Mother, Conducted by SBA (Skilled Birth Attendant) under JSY in Tamil Nadu from 2019-20 to 2021-22",Rajya Sabha,2023-02-21,1,2a5fa78a-a704-474c-9ff6-297ceebdae76,https://www.data.gov.in/resource/year-wise-number-deliveries-took-place-government-or-accredited-private-healthcare,https://api.data.gov.in/resource/2a5fa78a-a704-474c-9ff6-297ceebdae76?api-key=YOUR_KEY&format=csv&limit=1000
Other skilling,District wise Data for Entrepreneurship and Skill Development Programme (ESDP) Scheme in the State of Punjab from 2019-20 to 2021-22,Rajya Sabha,2023-01-11,1,f0ac304e-33fb-4585-9845-21906cb5743d,https://www.data.gov.in/resource/district-wise-data-entrepreneurship-and-skill-development-programme-esdp-scheme-state,https://api.data.gov.in/resource/f0ac304e-33fb-4585-9845-21906cb5743d?api-key=YOUR_KEY&format=csv&limit=1000
Other skilling,District-wise Number of Empanelled Training Centres (TCs) Including Pradhan Mantri Kaushal Kendra (PMKK) in the State of Tamil Nadu as on 30.06.2022,Rajya Sabha,2023-01-10,1,9f371480-ccb1-49e3-a238-74e452af6467,https://www.data.gov.in/resource/district-wise-number-empanelled-training-centres-tcs-including-pradhan-mantri-kaushal,https://api.data.gov.in/resource/9f371480-ccb1-49e3-a238-74e452af6467?api-key=YOUR_KEY&format=csv&limit=1000
Other skilling,Scheme-wise Budget Allocation under Skill India Mission from 2017-18 to 2021-22,Rajya Sabha,2023-01-10,1,7f103105-7e92-48d4-b875-a4c5eaf2a935,https://www.data.gov.in/resource/scheme-wise-budget-allocation-under-skill-india-mission-2017-18-2021-22,https://api.data.gov.in/resource/7f103105-7e92-48d4-b875-a4c5eaf2a935?api-key=YOUR_KEY&format=csv&limit=1000
Other skilling,"Scheme-wise Fund Allocated to the Skill India Mission during the last 5 years (in reply to Unstarred Question on 3 August, 2022)",Rajya Sabha,2023-01-10,1,7ab49d19-2f00-4865-8a7b-b39da06ee8ac,https://www.data.gov.in/resource/scheme-wise-fund-allocated-skill-india-mission-during-last-5-years-reply-unstarred,https://api.data.gov.in/resource/7ab49d19-2f00-4865-8a7b-b39da06ee8ac?api-key=YOUR_KEY&format=csv&limit=1000
Other skilling,"Year-wise Number of Entrepreneurship Awareness Programmes (EAPs), Entrepreneurship cum Skill Development Programmes (ESDP) and Management Development Programmes (MDPs) conducted by MSMEs-DI based in Thrissur, Kerala during 2020-21 and 2021-22",Rajya Sabha,2023-01-10,1,7cd92c50-a8d0-4e51-8ce8-d886858d1f35,https://www.data.gov.in/resource/year-wise-number-entrepreneurship-awareness-programmes-eaps-entrepreneurship-cum-skill,https://api.data.gov.in/resource/7cd92c50-a8d0-4e51-8ce8-d886858d1f35?api-key=YOUR_KEY&format=csv&limit=1000
Other skilling,"District-wise Distribution of Entrepreneurship Awareness Programmes (EAPs), Entrepreneurship cum Skill Development Programmes (ESDPs) and Management Development Programmes (MDPs) conducted by MSMEs-DI Thrissur, Kerala during 2020-21 and 2021-22",Rajya Sabha,2023-01-10,1,20b5ad65-a116-401c-9068-a8925554067f,https://www.data.gov.in/resource/district-wise-distribution-entrepreneurship-awareness-programmes-eaps-entrepreneurship-cum,https://api.data.gov.in/resource/20b5ad65-a116-401c-9068-a8925554067f?api-key=YOUR_KEY&format=csv&limit=1000
Other skilling,State/UTs-wise Notified Wage Rates for Unskilled Worker under Mahatma Gandhi National Rural Employment Guarantee Act (NREGS) during 2021-22 and 2022-23,Rajya Sabha,2022-12-21,1,528c30ca-45c4-49d6-935b-6631696809f3,https://www.data.gov.in/resource/stateuts-wise-notified-wage-rates-unskilled-worker-under-mahatma-gandhi-national-rural,https://api.data.gov.in/resource/528c30ca-45c4-49d6-935b-6631696809f3?api-key=YOUR_KEY&format=csv&limit=1000
Other skilling,"Country-wise Number of Returnees Holding Swades Skill Cards under the Scheme (in reply to Starred Question on 31 March, 2022)",Rajya Sabha,2022-12-15,1,f13986f9-3a3f-403b-8157-1e4c1edf7cc5,https://www.data.gov.in/resource/country-wise-number-returnees-holding-swades-skill-cards-under-scheme-reply-starred,https://api.data.gov.in/resource/f13986f9-3a3f-403b-8157-1e4c1edf7cc5?api-key=YOUR_KEY&format=csv&limit=1000
Other skilling,Year-wise Funds Sanctioned and Utilized for Hunar Haat under Upgrading the Skill and Training Traditional Arts/Crafts for Development (USTTAD) Scheme from 2016-17 to 2021-22,Rajya Sabha,2022-12-14,0,b715c992-7da2-48fc-bc9a-629df49e3ef3,https://www.data.gov.in/resource/year-wise-funds-sanctioned-and-utilized-hunar-haat-under-upgrading-skill-and-training,https://api.data.gov.in/resource/b715c992-7da2-48fc-bc9a-629df49e3ef3?api-key=YOUR_KEY&format=csv&limit=1000
Other skilling,State-wise Beneficiary Covered in Vocational Training Centre in Tribal Area during 2018-19,Rajya Sabha,2022-12-13,1,d3c835cf-f365-4774-a465-015a60ade141,https://www.data.gov.in/resource/state-wise-beneficiary-covered-vocational-training-centre-tribal-area-during-2018-19,https://api.data.gov.in/resource/d3c835cf-f365-4774-a465-015a60ade141?api-key=YOUR_KEY&format=csv&limit=1000
Other skilling,State-wise Fund Released under the Scheme of Vocational Training in Tribal Areas from 2018-19 to 2020-21,Rajya Sabha,2022-12-13,0,6fcf683b-6a49-42f4-9280-66a927d8f510,https://www.data.gov.in/resource/state-wise-fund-released-under-scheme-vocational-training-tribal-areas-2018-19-2020-21,https://api.data.gov.in/resource/6fcf683b-6a49-42f4-9280-66a927d8f510?api-key=YOUR_KEY&format=csv&limit=1000
Other skilling,"State/UTs-wise Total Number of Training Agency Empaneled to Facilitate Upskilling of the Target Groups (in reply to Unstarred Question on 2 February, 2022)",Rajya Sabha,2022-12-13,1,3ebbbcf6-43ee-4116-82f8-ed5530aa4284,https://www.data.gov.in/resource/stateuts-wise-total-number-training-agency-empaneled-facilitate-upskilling-target-groups,https://api.data.gov.in/resource/3ebbbcf6-43ee-4116-82f8-ed5530aa4284?api-key=YOUR_KEY&format=csv&limit=1000
Other skilling,Scheme-wise Educational Qualification of Returnees that received SWADES Skill Card under the Scheme as on 28th February 2022,Rajya Sabha,2022-12-13,1,0b9d3ed5-3868-4931-b41c-f5e616b2950c,https://www.data.gov.in/resource/scheme-wise-educational-qualification-returnees-received-swades-skill-card-under-scheme,https://api.data.gov.in/resource/0b9d3ed5-3868-4931-b41c-f5e616b2950c?api-key=YOUR_KEY&format=csv&limit=1000
Other skilling,State/UTs-wise Person Trained under the Various Scheme Being Implemented by Ministry of Skill Development and Entrepreneurship (MSDE) under the Skill India Mission during 2015-16,Rajya Sabha,2022-12-13,1,f2bde969-1532-4b10-8f29-a6105f3a2da2,https://www.data.gov.in/resource/stateuts-wise-person-trained-under-various-scheme-being-implemented-ministry-skill,https://api.data.gov.in/resource/f2bde969-1532-4b10-8f29-a6105f3a2da2?api-key=YOUR_KEY&format=csv&limit=1000
Other skilling,Country-wise Number of Returnees Holding SWADES SKILL CARDS under the Scheme as on 28th February 2022,Rajya Sabha,2022-12-13,1,08fc1180-c2c5-4ddd-98fa-31071af9a8aa,https://www.data.gov.in/resource/country-wise-number-returnees-holding-swades-skill-cards-under-scheme-28th-february-2022,https://api.data.gov.in/resource/08fc1180-c2c5-4ddd-98fa-31071af9a8aa?api-key=YOUR_KEY&format=csv&limit=1000
Other skilling,"Scheme-wise Number of Skill Development Centres in the State of Gujarat under the Programmes of MSDE (in reply to Unstarred Question on 2 February, 2022)",Rajya Sabha,2022-12-13,1,6c850f9b-680b-436c-9720-3bd85faab623,https://www.data.gov.in/resource/scheme-wise-number-skill-development-centres-state-gujarat-under-programmes-msde-reply,https://api.data.gov.in/resource/6c850f9b-680b-436c-9720-3bd85faab623?api-key=YOUR_KEY&format=csv&limit=1000
Other skilling,State/UTs-wise Amount Sanctioned under the Skill Loan Scheme from 2019 to 2021,Rajya Sabha,2022-09-20,1,22f2210b-14e6-4f89-82db-de4ac92c4d51,https://www.data.gov.in/resource/stateuts-wise-amount-sanctioned-under-skill-loan-scheme-2019-2021,https://api.data.gov.in/resource/22f2210b-14e6-4f89-82db-de4ac92c4d51?api-key=YOUR_KEY&format=csv&limit=1000
Other skilling,State/UTs-wise Number of Participants under in District Skill Development Planning (DSDP)Awards during 2020-21,Rajya Sabha,2022-09-20,1,e37ac6ce-29ae-4173-a7ff-1641efaacbfb,https://www.data.gov.in/resource/stateuts-wise-number-participants-under-district-skill-development-planning-dsdpawards,https://api.data.gov.in/resource/e37ac6ce-29ae-4173-a7ff-1641efaacbfb?api-key=YOUR_KEY&format=csv&limit=1000
Other skilling,"State/UTs-wise Beneficiaries under the Skill Loan Scheme (in reply to Unstarred Question on 6 April, 2022)",Rajya Sabha,2022-09-20,1,20132ea0-9c09-49be-9b88-549d707f707b,https://www.data.gov.in/resource/stateuts-wise-beneficiaries-under-skill-loan-scheme-reply-unstarred-question-6-april-2022,https://api.data.gov.in/resource/20132ea0-9c09-49be-9b88-549d707f707b?api-key=YOUR_KEY&format=csv&limit=1000
Other skilling,State/UTs-wise Details of Beneficiaries under Entrepreneurship and Skill Development Programme (ESDP) Scheme from 2018-19 to 2021-22,Rajya Sabha,2022-09-20,1,7e9312a4-2f75-4df1-a788-64cff075bda7,https://www.data.gov.in/resource/stateuts-wise-details-beneficiaries-under-entrepreneurship-and-skill-development-programme,https://api.data.gov.in/resource/7e9312a4-2f75-4df1-a788-64cff075bda7?api-key=YOUR_KEY&format=csv&limit=1000
Other skilling,Year-wise Number of Participants Trained in Entrepreneurship and Skill Development Programmes Conducted by NIEBSUD and IIE from 2017-18 to 2021-22,Rajya Sabha,2022-09-20,0,32485ad4-2070-4828-8ea6-1bfe92ac4037,https://www.data.gov.in/resource/year-wise-number-participants-trained-entrepreneurship-and-skill-development-programmes,https://api.data.gov.in/resource/32485ad4-2070-4828-8ea6-1bfe92ac4037?api-key=YOUR_KEY&format=csv&limit=1000
Other skilling,"Year-wise Persons Provided Skill Training through Various Courses in Electronics, IT and ITeS (Information Technology Enabled Services) Sector from 2019-20 to 2021-22",Rajya Sabha,2022-09-09,1,8c5af692-fe6f-4676-81ab-41fb90847b28,https://www.data.gov.in/resource/year-wise-persons-provided-skill-training-through-various-courses-electronics-it-and-ites,https://api.data.gov.in/resource/8c5af692-fe6f-4676-81ab-41fb90847b28?api-key=YOUR_KEY&format=csv&limit=1000
Other skilling,State-wise Funds Provided for Skill Development and Vocational Training of Tribal Persons under the Schemes Special Central Assistance to Tribal Sub-Scheme (SCA to TSS) and Grants under Constitution from 2017-18 to 2020-21,Rajya Sabha,2022-09-09,1,bd0370a3-e433-4a55-a987-4e4c77ed016b,https://www.data.gov.in/resource/state-wise-funds-provided-skill-development-and-vocational-training-tribal-persons-under-0,https://api.data.gov.in/resource/bd0370a3-e433-4a55-a987-4e4c77ed016b?api-key=YOUR_KEY&format=csv&limit=1000
Other skilling,State/UTs-wise Number of Borrowers and Amount Sanctioned under Skill Loan Scheme from 2015 to 2021,Rajya Sabha,2022-09-09,1,3e09ee76-445f-4428-8be9-26aeeb50a9fd,https://www.data.gov.in/resource/stateuts-wise-number-borrowers-and-amount-sanctioned-under-skill-loan-scheme-2015-2021,https://api.data.gov.in/resource/3e09ee76-445f-4428-8be9-26aeeb50a9fd?api-key=YOUR_KEY&format=csv&limit=1000
Other skilling,Year-wise CSR Expenditure in Development Sector Vocational Skill by the Corporate Sector from 2014-15 to 2020-21,Rajya Sabha,2022-09-09,1,896d7a70-c82c-4716-be38-b4e3293a92b4,https://www.data.gov.in/resource/year-wise-csr-expenditure-development-sector-vocational-skill-corporate-sector-2014-15,https://api.data.gov.in/resource/896d7a70-c82c-4716-be38-b4e3293a92b4?api-key=YOUR_KEY&format=csv&limit=1000
Other skilling,Year-wise Achievement in these Two Schemes Electronic System Design and Manufacturing (ESDM) and Skill Development in ESDM for Digital India from 2019-20 to 2021-22,Rajya Sabha,2022-09-09,1,95bd892e-0f92-4700-839c-ca68aa9f4ef9,https://www.data.gov.in/resource/year-wise-achievement-these-two-schemes-electronic-system-design-and-manufacturing-esdm,https://api.data.gov.in/resource/95bd892e-0f92-4700-839c-ca68aa9f4ef9?api-key=YOUR_KEY&format=csv&limit=1000
Other skilling,Year-wise CSR Expenditure by Central PSUs in Vocational Skills Development Sector from 2014-15 to 2020-21,Rajya Sabha,2022-09-09,0,76ae23c2-5908-4a31-bb8b-b938b267d883,https://www.data.gov.in/resource/year-wise-csr-expenditure-central-psus-vocational-skills-development-sector-2014-15-2020,https://api.data.gov.in/resource/76ae23c2-5908-4a31-bb8b-b938b267d883?api-key=YOUR_KEY&format=csv&limit=1000
Other skilling,State/UTs-wise Fresh Skilling and UP-Skilling under the Customized Crash Course Programme for COVID Warriors (CCCP for CW) as on 28.02.2022,Rajya Sabha,2022-09-09,1,5dab62d2-70a5-4e5f-bc39-b5e405c071cf,https://www.data.gov.in/resource/stateuts-wise-fresh-skilling-and-skilling-under-customized-crash-course-programme-covid,https://api.data.gov.in/resource/5dab62d2-70a5-4e5f-bc39-b5e405c071cf?api-key=YOUR_KEY&format=csv&limit=1000
Other skilling,"District-wise Operational Training Centres Including Pradhan Mantri Kaushal Kendras (PMKKs) in the State of Gujarat, as on 31.12.2021",Rajya Sabha,2022-09-08,1,2d21edb0-138d-4867-86b7-4522ef233f76,https://www.data.gov.in/resource/district-wise-operational-training-centres-including-pradhan-mantri-kaushal-kendras-pmkks,https://api.data.gov.in/resource/2d21edb0-138d-4867-86b7-4522ef233f76?api-key=YOUR_KEY&format=csv&limit=1000
Other skilling,Year-wise Funds Allocation and Utilization under Upgrading the Skills and Training in Traditional Arts/Crafts for Development (USTTAD) Scheme from 2019-20 to 2021-22,Rajya Sabha,2022-09-08,1,358ebdf0-fe5d-49ba-b7b3-dca385a0b8da,https://www.data.gov.in/resource/year-wise-funds-allocation-and-utilization-under-upgrading-skills-and-training-traditional,https://api.data.gov.in/resource/358ebdf0-fe5d-49ba-b7b3-dca385a0b8da?api-key=YOUR_KEY&format=csv&limit=1000
Other skilling,"State/UT-wise Institutions Providing Training in Skill Development (in reply to Unstarred Question on 01 December, 2021)",Rajya Sabha,2022-07-14,1,6cf70839-6e7c-4a49-be8e-4c093dff87f5,https://www.data.gov.in/resource/stateut-wise-institutions-providing-training-skill-development-reply-unstarred-question-01,https://api.data.gov.in/resource/6cf70839-6e7c-4a49-be8e-4c093dff87f5?api-key=YOUR_KEY&format=csv&limit=1000
Other skilling,State-wise Funds Released under the Scheme of Vocational Training in Tribal Areas from 2018-19 to 2020-21,Rajya Sabha,2022-07-14,0,001aa6f3-2004-45e7-b5d0-3cec51d97874,https://www.data.gov.in/resource/state-wise-funds-released-under-scheme-vocational-training-tribal-areas-2018-19-2020-21,https://api.data.gov.in/resource/001aa6f3-2004-45e7-b5d0-3cec51d97874?api-key=YOUR_KEY&format=csv&limit=1000
Other skilling,"Scheme-wise Youth Trained under the Skill Development Programmes of Ministry of Skill Development and Entrepreneurship (MSDE) (in reply to Unstarred Question on 15 December, 2021)",Rajya Sabha,2022-07-14,1,abf9676c-6fec-4388-89dd-e9c5ccb1dda9,https://www.data.gov.in/resource/scheme-wise-youth-trained-under-skill-development-programmes-ministry-skill-development,https://api.data.gov.in/resource/abf9676c-6fec-4388-89dd-e9c5ccb1dda9?api-key=YOUR_KEY&format=csv&limit=1000
Other skilling,State/UTs-wise Handloom Weavers under gone Skill Up Gradation Scheme for Capacity Building in Textile Sector (SAMARTH) from 2018-19 to 2020-21,Rajya Sabha,2022-07-14,1,3e1a7a58-c4e3-40a1-87e0-38982e18bf4e,https://www.data.gov.in/resource/stateuts-wise-handloom-weavers-under-gone-skill-gradation-scheme-capacity-building-textile,https://api.data.gov.in/resource/3e1a7a58-c4e3-40a1-87e0-38982e18bf4e?api-key=YOUR_KEY&format=csv&limit=1000
Other skilling,"Programme/Scheme-wise Number of Skill Development Centres in the State of Uttar Pradesh under the Programmes of MSDE (in reply to Unstarred Question on 01 December, 2021)",Rajya Sabha,2022-07-14,1,ffeb77f6-9ae4-4e5a-9a3b-5268b1769ca8,https://www.data.gov.in/resource/programmescheme-wise-number-skill-development-centres-state-uttar-pradesh-under-programmes,https://api.data.gov.in/resource/ffeb77f6-9ae4-4e5a-9a3b-5268b1769ca8?api-key=YOUR_KEY&format=csv&limit=1000
Other skilling,"Skill Development Centres/Institutes-wise Total No. of Skill Development Centres of across Country (in reply to Unstarred Question on 22 December, 2021)",Rajya Sabha,2022-07-08,1,f143a087-b4ce-46f8-8ace-6989164ab55b,https://www.data.gov.in/resource/skill-development-centresinstitutes-wise-total-no-skill-development-centres-across-country,https://api.data.gov.in/resource/f143a087-b4ce-46f8-8ace-6989164ab55b?api-key=YOUR_KEY&format=csv&limit=1000
Other skilling,"State/UT-wise Total Number of Such Schools Without Vocational Training Courses as a Percentage of Total Number of Such Schools (in reply to Unstarred Question on 08 December, 2021)",Rajya Sabha,2022-07-08,1,fecf7319-fb67-4cff-9024-cb33f965f351,https://www.data.gov.in/resource/stateut-wise-total-number-such-schools-without-vocational-training-courses-percentage,https://api.data.gov.in/resource/fecf7319-fb67-4cff-9024-cb33f965f351?api-key=YOUR_KEY&format=csv&limit=1000
Other skilling,State-wise Counselling/Skill Saathi Conducted from September 2018 to May 2019,Rajya Sabha,2022-07-08,1,613a82be-4076-47b3-a9fe-a367296ecb91,https://www.data.gov.in/resource/state-wise-counsellingskill-saathi-conducted-september-2018-may-2019,https://api.data.gov.in/resource/613a82be-4076-47b3-a9fe-a367296ecb91?api-key=YOUR_KEY&format=csv&limit=1000
Other skilling,"State/UTs-wise Sector Skill Council Trainers Certifications (in reply to Unstarred Question on 22 December, 2021)",Rajya Sabha,2022-07-08,1,417921f2-1193-416f-9914-2cab755497fd,https://www.data.gov.in/resource/stateuts-wise-sector-skill-council-trainers-certifications-reply-unstarred-question-22,https://api.data.gov.in/resource/417921f2-1193-416f-9914-2cab755497fd?api-key=YOUR_KEY&format=csv&limit=1000
Other skilling,"Skill-wise Contract Workmen Deployed by Contractor Employer for Works Awarded by Neyveli Lignite Corporation India Limited (NLCIL) (in reply to Unstarred Question on 20 December, 2021)",Rajya Sabha,2022-07-08,1,629153cc-1ad0-44a7-80b1-b4780d2a41ac,https://www.data.gov.in/resource/skill-wise-contract-workmen-deployed-contractor-employer-works-awarded-neyveli-lignite,https://api.data.gov.in/resource/629153cc-1ad0-44a7-80b1-b4780d2a41ac?api-key=YOUR_KEY&format=csv&limit=1000
Other skilling,"State/UTs-wise Pradhan Mantri Kaushal Kendras (in reply to Unstarred Question on 22 December, 2021)",Rajya Sabha,2022-07-08,1,53a358d1-a4c1-48f7-a6f2-2797daf76157,https://www.data.gov.in/resource/stateuts-wise-pradhan-mantri-kaushal-kendras-reply-unstarred-question-22-december-2021,https://api.data.gov.in/resource/53a358d1-a4c1-48f7-a6f2-2797daf76157?api-key=YOUR_KEY&format=csv&limit=1000
Other skilling,State/UTs-wise Pradhan Mantri Kaushal Kendras (PMKKs) Allocated and Established as on 30.11.2021,Rajya Sabha,2022-06-30,1,aa9201d4-5b78-4773-8dcf-d643c6ebd4c6,https://www.data.gov.in/resource/stateuts-wise-pradhan-mantri-kaushal-kendras-pmkks-allocated-and-established-30112021,https://api.data.gov.in/resource/aa9201d4-5b78-4773-8dcf-d643c6ebd4c6?api-key=YOUR_KEY&format=csv&limit=1000
Other skilling,State-wise Enhancing Skill Development Infrastructure in NE States Fund Released (Central Share) during 2020-21 and 2021-22,Rajya Sabha,2022-06-27,1,d42f20f1-97aa-4895-bedc-f6c4819766ec,https://www.data.gov.in/resource/state-wise-enhancing-skill-development-infrastructure-ne-states-fund-released-central,https://api.data.gov.in/resource/d42f20f1-97aa-4895-bedc-f6c4819766ec?api-key=YOUR_KEY&format=csv&limit=1000
Other skilling,List of Open Air Prison and staff training Institute,Karnataka,2022-06-16,0,e38c9995-738f-4a3a-a2b4-45eda6a44f85,https://www.data.gov.in/resource/list-open-air-prison-and-staff-training-institute,https://api.data.gov.in/resource/e38c9995-738f-4a3a-a2b4-45eda6a44f85?api-key=YOUR_KEY&format=csv&limit=1000
Other skilling,State-wise Number of Beneficiaries Covered in Vocational Training Centre in Tribal Areas during 2018-19,Rajya Sabha,2022-03-30,1,55aa6f0a-b98c-4df1-8c74-4df7236d3480,https://www.data.gov.in/resource/state-wise-number-beneficiaries-covered-vocational-training-centre-tribal-areas-during,https://api.data.gov.in/resource/55aa6f0a-b98c-4df1-8c74-4df7236d3480?api-key=YOUR_KEY&format=csv&limit=1000
Other skilling,State-wise Funds Released under the Scheme of Strengthening Education among ST Girls in Low Literacy Districts and Scheme of Vocational Training in Tribal Areas from 2018-19 to 2020-21,Rajya Sabha,2022-03-30,1,7da45ed5-cc9e-4cf6-8e08-725fe9da585e,https://www.data.gov.in/resource/state-wise-funds-released-under-scheme-strengthening-education-among-st-girls-low-1,https://api.data.gov.in/resource/7da45ed5-cc9e-4cf6-8e08-725fe9da585e?api-key=YOUR_KEY&format=csv&limit=1000
Other skilling,"State-wise Total Trainees under NSTC Scheme, IGMA from 2019-20 to 2021-22",Rajya Sabha,2022-03-30,0,0808b43a-fdc9-40d5-addb-9d95b7fff743,https://www.data.gov.in/resource/state-wise-total-trainees-under-nstc-scheme-igma-2019-20-2021-22,https://api.data.gov.in/resource/0808b43a-fdc9-40d5-addb-9d95b7fff743?api-key=YOUR_KEY&format=csv&limit=1000
Other skilling,"State-wise Funds, Released under MCY and Skill Upgradation Projects to Various States including Kerala during 2019-20 and 2020-21",Rajya Sabha,2022-03-30,1,a700bd52-d722-4d88-a4a3-2344fc905cfa,https://www.data.gov.in/resource/state-wise-funds-released-under-mcy-and-skill-upgradation-projects-various-states,https://api.data.gov.in/resource/a700bd52-d722-4d88-a4a3-2344fc905cfa?api-key=YOUR_KEY&format=csv&limit=1000
Other skilling,"State-wise Total Trainees under NSTC Scheme, Regular Schools from 2019-20 to 2021-22",Rajya Sabha,2022-03-30,1,95e64ee5-deb5-4ea6-be17-f119325f4913,https://www.data.gov.in/resource/state-wise-total-trainees-under-nstc-scheme-regular-schools-2019-20-2021-22,https://api.data.gov.in/resource/95e64ee5-deb5-4ea6-be17-f119325f4913?api-key=YOUR_KEY&format=csv&limit=1000
Other skilling,"State/UT-wise and Year-wise Trainees under NSTC Scheme, Adopted Akharas from 2019-20 to 2021-22",Rajya Sabha,2022-03-30,0,7663f742-9ffc-4e08-bef5-59054e474b18,https://www.data.gov.in/resource/stateut-wise-and-year-wise-trainees-under-nstc-scheme-adopted-akharas-2019-20-2021-22,https://api.data.gov.in/resource/7663f742-9ffc-4e08-bef5-59054e474b18?api-key=YOUR_KEY&format=csv&limit=1000
Other skilling,State-wise Handloom Workers Imparted Skill Upgradation Training from 2017-18 to 2019-20 (From: Ministry of Textiles),Rajya Sabha,2022-03-03,1,ada53e4b-eddd-4b3f-8d90-7ac0ea37bac1,https://www.data.gov.in/resource/state-wise-handloom-workers-imparted-skill-upgradation-training-2017-18-2019-20-ministry,https://api.data.gov.in/resource/ada53e4b-eddd-4b3f-8d90-7ac0ea37bac1?api-key=YOUR_KEY&format=csv&limit=1000
Other skilling,Numbers of Persons who have been Imparted Training under Ministry's eco-system from 2016-17 to 2019-20 (From: Ministry of Skill Development and Entrepreneurship),Rajya Sabha,2022-03-03,1,9b0377d3-e6e5-4d40-b26f-388474ed5597,https://www.data.gov.in/resource/numbers-persons-who-have-been-imparted-training-under-ministrys-eco-system-2016-17-2019-20,https://api.data.gov.in/resource/9b0377d3-e6e5-4d40-b26f-388474ed5597?api-key=YOUR_KEY&format=csv&limit=1000
Other skilling,"Skill Development Training Programme Sanctioned for Transgender Community through NBCFDC (in reply to Unstarred Question on 24 March, 2021) (From: Ministry of Social Justice and Empowerment)",Rajya Sabha,2022-03-03,1,6d445fbd-5da7-4897-8bcd-2c813850faf8,https://www.data.gov.in/resource/skill-development-training-programme-sanctioned-transgender-community-through-nbcfdc-reply,https://api.data.gov.in/resource/6d445fbd-5da7-4897-8bcd-2c813850faf8?api-key=YOUR_KEY&format=csv&limit=1000
Other skilling,State/UT-wise list of Pradhan Mantri Kaushal Kendras (PMKKs) (From: Ministry of Skill Development and Entrepreneurship),Rajya Sabha,2022-03-03,1,19de5098-13a8-499b-97ee-709483d7f590,https://www.data.gov.in/resource/stateut-wise-list-pradhan-mantri-kaushal-kendras-pmkks-ministry-skill-development-and,https://api.data.gov.in/resource/19de5098-13a8-499b-97ee-709483d7f590?api-key=YOUR_KEY&format=csv&limit=1000
Other skilling,State-wise Entrepreneurship and Skill Development Programme (ESDP) Trainees of ST/ Tribal during 2019-20 & 2020-21 (From: Ministry of Tribal Affairs),Rajya Sabha,2022-03-03,1,117ab5ad-55d1-4a7f-8a83-f873885727fb,https://www.data.gov.in/resource/state-wise-entrepreneurship-and-skill-development-programme-esdp-trainees-st-tribal-during,https://api.data.gov.in/resource/117ab5ad-55d1-4a7f-8a83-f873885727fb?api-key=YOUR_KEY&format=csv&limit=1000
Other skilling,"State/UT-wise list of number of youths trained under Schemes implemented by NSDC, from the funds disbursed through NSDF (in reply to Unstarred Question on 5 February, 2021) (From: Ministry of Skill Development and Entrepreneurship)",Rajya Sabha,2022-03-03,1,1689858e-92b4-4fb9-87fb-1da0571c4d0d,https://www.data.gov.in/resource/stateut-wise-list-number-youths-trained-under-schemes-implemented-nsdc-funds-disbursed,https://api.data.gov.in/resource/1689858e-92b4-4fb9-87fb-1da0571c4d0d?api-key=YOUR_KEY&format=csv&limit=1000
Other skilling,State/UT-wise NSFDC- Skill Training Programmes Physical Achievements from 2015-16 to 2019-20 (From: Ministry of Social Justice & Empowerment),Rajya Sabha,2022-01-27,1,448d22b2-4aea-4650-b17e-48694aa7ad51,https://www.data.gov.in/resource/stateut-wise-nsfdc-skill-training-programmes-physical-achievements-2015-16-2019-20,https://api.data.gov.in/resource/448d22b2-4aea-4650-b17e-48694aa7ad51?api-key=YOUR_KEY&format=csv&limit=1000
Other skilling,State/UT-wise Financial Achievements under NSFDC-Skill Training Programmes from 2015-16 to 2019-20 (From: Ministry of Social Justice & Empowerment),Rajya Sabha,2022-01-27,1,3c83b853-2edf-4d36-810b-4da9655f0e6f,https://www.data.gov.in/resource/stateut-wise-financial-achievements-under-nsfdc-skill-training-programmes-2015-16-2019-20,https://api.data.gov.in/resource/3c83b853-2edf-4d36-810b-4da9655f0e6f?api-key=YOUR_KEY&format=csv&limit=1000
Other skilling,State/UT-wise Physical and Financial Achievement under NSFDC- Skill Training Programmes from 2015-16 to 2019-20 (From: Ministry of Social Justice & Empowerment),Rajya Sabha,2022-01-27,1,846f05fb-24dc-4b5b-82d7-31c9f25b99ac,https://www.data.gov.in/resource/stateut-wise-physical-and-financial-achievement-under-nsfdc-skill-training-programmes-2015,https://api.data.gov.in/resource/846f05fb-24dc-4b5b-82d7-31c9f25b99ac?api-key=YOUR_KEY&format=csv&limit=1000
Other skilling,"District-wise Vocational Training Centres Sponsored by Department of ST, SC, Minority & BC Class Welfare, Govt. of Jharkhand (in reply to Unstarred Question on 11 February, 2021) (From: Ministry of Tribal Affairs)",Rajya Sabha,2022-01-27,1,958d3bc8-1e77-4431-af21-c29c0fc1e0df,https://www.data.gov.in/resource/district-wise-vocational-training-centres-sponsored-department-st-sc-minority-bc-class,https://api.data.gov.in/resource/958d3bc8-1e77-4431-af21-c29c0fc1e0df?api-key=YOUR_KEY&format=csv&limit=1000
Other skilling,"District-wise Number of Youth Benifitted from Vocational Training Centres Sponsored by Department of ST, SC, Minority & BC Class Welfare, Govt. of Jharkhand from 2017-18 to 2019-20 (From: Ministry of Tribal Affairs)",Rajya Sabha,2022-01-27,1,02bf51ab-d96d-4355-9221-ae67dcf1c169,https://www.data.gov.in/resource/district-wise-number-youth-benifitted-vocational-training-centres-sponsored-department-st,https://api.data.gov.in/resource/02bf51ab-d96d-4355-9221-ae67dcf1c169?api-key=YOUR_KEY&format=csv&limit=1000
Other skilling,State/UT-wise Fund Allocated/Released as on 17.03.2021 (From: Ministry of Skill Development & Entrepreneurship),Rajya Sabha,2022-01-27,1,f8dda69f-afc5-4b78-a30b-9fd2f191d7ae,https://www.data.gov.in/resource/stateut-wise-fund-allocatedreleased-17032021-ministry-skill-development-entrepreneurship,https://api.data.gov.in/resource/f8dda69f-afc5-4b78-a30b-9fd2f191d7ae?api-key=YOUR_KEY&format=csv&limit=1000
Other skilling,State/UT-wise NSKFDC-Skill Development Programmes from 2015-16 to 2019-20 (From: Ministry of Social Justice & Empowerment),Rajya Sabha,2022-01-27,1,89693eef-bc8d-472a-b149-eaa33eb6d07f,https://www.data.gov.in/resource/stateut-wise-nskfdc-skill-development-programmes-2015-16-2019-20-ministry-social-justice,https://api.data.gov.in/resource/89693eef-bc8d-472a-b149-eaa33eb6d07f?api-key=YOUR_KEY&format=csv&limit=1000
Other skilling,Scheme-wise Number of Candidates Trained and Reported Placed during 2016-17 (From: Ministry of Skill Development and Entrepreneurship),Rajya Sabha,2022-01-27,1,1777bb9a-e995-46de-a9f0-752367f06556,https://www.data.gov.in/resource/scheme-wise-number-candidates-trained-and-reported-placed-during-2016-17-ministry-skill,https://api.data.gov.in/resource/1777bb9a-e995-46de-a9f0-752367f06556?api-key=YOUR_KEY&format=csv&limit=1000
Other skilling,State/UT-wise and Year-wise Candidates Trained under CTS from 2015-16 to 2019-20 (From: Ministry of Skill Development and Entrepreneurship),Rajya Sabha,2022-01-27,1,afc145e6-a376-4ee2-8686-ec34fc879903,https://www.data.gov.in/resource/stateut-wise-and-year-wise-candidates-trained-under-cts-2015-16-2019-20-ministry-skill,https://api.data.gov.in/resource/afc145e6-a376-4ee2-8686-ec34fc879903?api-key=YOUR_KEY&format=csv&limit=1000
Other skilling,"State-wise Total Number of Beggars Rehabilitated by the Department for Skill Development Programme through NBCFDC (in reply to Unstarred Question on 10 February, 2021) (From: Ministry of Social Justice & Empowerment)",Rajya Sabha,2022-01-27,1,837943f6-fc07-48d3-b39f-c4ac2be86ba0,https://www.data.gov.in/resource/state-wise-total-number-beggars-rehabilitated-department-skill-development-programme,https://api.data.gov.in/resource/837943f6-fc07-48d3-b39f-c4ac2be86ba0?api-key=YOUR_KEY&format=csv&limit=1000
Other skilling,State/UT-wise Break-up of Micro Units Established by Women under Prime Minister's Employment Generation Programme (PMEGP) during 2018-19 to 2019-20 (From: Ministry of Skill Development and Entrepreneurship),Rajya Sabha,2022-01-27,1,86e315a7-d98d-45b4-b199-2015ce1eaedb,https://www.data.gov.in/resource/stateut-wise-break-micro-units-established-women-under-prime-ministers-employment,https://api.data.gov.in/resource/86e315a7-d98d-45b4-b199-2015ce1eaedb?api-key=YOUR_KEY&format=csv&limit=1000
Other skilling,"State/UT-wise Beneficiaries (Men and Women separately) Covered under EDP and Mentoring Camps Organised under the Project (in reply to Unstarred Question on 19 March, 2021) (From: Ministry of Skill Development and Entrepreneurship)",Rajya Sabha,2022-01-27,1,71294514-d280-44f1-a261-9cafd8b92973,https://www.data.gov.in/resource/stateut-wise-beneficiaries-men-and-women-separately-covered-under-edp-and-mentoring-camps,https://api.data.gov.in/resource/71294514-d280-44f1-a261-9cafd8b92973?api-key=YOUR_KEY&format=csv&limit=1000
Other skilling,State/UT-wise Unemployment Rate for Persons of all Ages According to Usual Status (Principal Status + Subsidiary Status) Approach to the Extent Available during 2017-18 and 2018-19 (From: Ministry of Skill Development and Entrepreneurship),Rajya Sabha,2022-01-27,1,4bec56c0-19bb-42ca-b82f-73f8cf144963,https://www.data.gov.in/resource/stateut-wise-unemployment-rate-persons-all-ages-according-usual-status-principal-status,https://api.data.gov.in/resource/4bec56c0-19bb-42ca-b82f-73f8cf144963?api-key=YOUR_KEY&format=csv&limit=1000
Other skilling,Short term skill training admission details 2017 to 2021,Karnataka,2022-01-13,0,30c13fb6-5b07-4f49-9e95-948ad2c7015b,https://www.data.gov.in/resource/short-term-skill-training-admission-details-2017-2021,https://api.data.gov.in/resource/30c13fb6-5b07-4f49-9e95-948ad2c7015b?api-key=YOUR_KEY&format=csv&limit=1000
Other skilling,Registered Student List in Karnataka Skill Development Center,Karnataka,2022-01-07,0,936ead53-a3b8-48aa-a979-676d261660ab,https://www.data.gov.in/resource/registered-student-list-karnataka-skill-development-center,https://api.data.gov.in/resource/936ead53-a3b8-48aa-a979-676d261660ab?api-key=YOUR_KEY&format=csv&limit=1000
Other skilling,Institute-wise Placement Record of All Directorate General (DG) Shipping Approved Maritime Training Institutes from 2014 to 2017 (From : Ministry of Shipping),Rajya Sabha,2021-12-11,1,739570d2-da8c-4014-92c8-0c19b4adde01,https://www.data.gov.in/resource/institute-wise-placement-record-all-directorate-general-dg-shipping-approved-maritime,https://api.data.gov.in/resource/739570d2-da8c-4014-92c8-0c19b4adde01?api-key=YOUR_KEY&format=csv&limit=1000
Other skilling,Agency-wise Funds Released to Implementing Agencies Conducted Training in Maharashtra State under Integrated Skill Development Scheme (ISDS) during 2016-17 and 2017-18 (From : Ministry of Textiles),Rajya Sabha,2021-12-11,1,8dec8caf-bb39-4952-a2ae-38d8906a72a1,https://www.data.gov.in/resource/agency-wise-funds-released-implementing-agencies-conducted-training-maharashtra-state,https://api.data.gov.in/resource/8dec8caf-bb39-4952-a2ae-38d8906a72a1?api-key=YOUR_KEY&format=csv&limit=1000
Other skilling,State/UT-wise Details of skill trained candidates placed under Deendayal Antyodaya Yojana- National Urban Livelihoods Mission (DAY-NULM) from 2015-16 to 2018-19 (From : Ministry of Labour and Employment),Rajya Sabha,2021-12-11,1,2319ad80-49e6-4fc9-8fbb-21788d5bd7dc,https://www.data.gov.in/resource/stateut-wise-details-skill-trained-candidates-placed-under-deendayal-antyodaya-yojana,https://api.data.gov.in/resource/2319ad80-49e6-4fc9-8fbb-21788d5bd7dc?api-key=YOUR_KEY&format=csv&limit=1000
Other skilling,Region-wise Status of Skill Development of Beedi Workers As on 30-04-2018 (From : Ministry of Labour and Employment),Rajya Sabha,2021-12-11,1,08837739-88b9-4abd-90dd-d608ca700222,https://www.data.gov.in/resource/region-wise-status-skill-development-beedi-workers-30-04-2018-ministry-labour-and,https://api.data.gov.in/resource/08837739-88b9-4abd-90dd-d608ca700222?api-key=YOUR_KEY&format=csv&limit=1000
Other skilling,"District/State-wise Funds Released Under the Scheme Setting Up of New Polytechnics upto 31st March, 2018 (From : Ministry of Skill Development and Entrepreneurship)",Rajya Sabha,2021-12-11,1,a7c2ba96-43d1-42ed-a578-dd3f21a53922,https://www.data.gov.in/resource/districtstate-wise-funds-released-under-scheme-setting-new-polytechnics-upto-31st-march,https://api.data.gov.in/resource/a7c2ba96-43d1-42ed-a578-dd3f21a53922?api-key=YOUR_KEY&format=csv&limit=1000
Other skilling,Sector-wise Details of Funds Released to various NGOs and Institutions for Skill Development Programmes in Maharashtra duing 2016-17 and 2017-18 (From : Ministry of Textiles),Rajya Sabha,2021-12-11,1,0f56d685-f9f9-4985-96fc-dc8d94b6850a,https://www.data.gov.in/resource/sector-wise-details-funds-released-various-ngos-and-institutions-skill-development,https://api.data.gov.in/resource/0f56d685-f9f9-4985-96fc-dc8d94b6850a?api-key=YOUR_KEY&format=csv&limit=1000
Other skilling,No. 941 answered on 25.07.2018) (From : Ministry of Skill Development and Entrepreneurship),Rajya Sabha,2021-12-11,1,7ea56076-b2c9-43bd-8a51-d357f6f0ec77,https://www.data.gov.in/resource/stateut-wise-number-new-polytechnics-covered-under-scheme-setting-new-polytechnics-reply,https://api.data.gov.in/resource/7ea56076-b2c9-43bd-8a51-d357f6f0ec77?api-key=YOUR_KEY&format=csv&limit=1000
Other skilling,(From : Ministry of Skill Development and Entrepreneurship),Rajya Sabha,2021-12-11,1,3687e900-13e7-4e9a-b46e-dcfc1d976974,https://www.data.gov.in/resource/district-wise-number-operational-tcs-state-bihar-under-stt-cscm-component-pradhan-mantri,https://api.data.gov.in/resource/3687e900-13e7-4e9a-b46e-dcfc1d976974?api-key=YOUR_KEY&format=csv&limit=1000
Other skilling,(From : Ministry of Skill Development and Entrepreneurship),Rajya Sabha,2021-12-11,1,eaeff116-1e01-4848-8054-06f893ce01d9,https://www.data.gov.in/resource/district-wise-number-operational-tcs-state-jharkhand-stt-cscm-component-pradhan-mantri,https://api.data.gov.in/resource/eaeff116-1e01-4848-8054-06f893ce01d9?api-key=YOUR_KEY&format=csv&limit=1000
Other skilling,List of Existing Institutes For the State Jharkhand Where Expansion Granted from 2013-2014 to 2015-16 (From: Ministry of Skill Development & Entrepreneurship),Rajya Sabha,2021-12-10,1,fa7af626-cafa-4627-a15a-d0af0fadd2c3,https://www.data.gov.in/resource/list-existing-institutes-state-jharkhand-where-expansion-granted-2013-2014-2015-16,https://api.data.gov.in/resource/fa7af626-cafa-4627-a15a-d0af0fadd2c3?api-key=YOUR_KEY&format=csv&limit=1000
Other skilling,List of NEW Institutes of the State Jharkhand Approved by AICTE from 2013-14 to 2015-16 (From: Ministry of Skill Development & Entrepreneurship),Rajya Sabha,2021-12-10,1,a9e02bd0-eafd-4269-8a7e-6b257815ea3c,https://www.data.gov.in/resource/list-new-institutes-state-jharkhand-approved-aicte-2013-14-2015-16-ministry-skill,https://api.data.gov.in/resource/a9e02bd0-eafd-4269-8a7e-6b257815ea3c?api-key=YOUR_KEY&format=csv&limit=1000
Other skilling,"State/ UT-wise NSDC's Operational Training Centers,for Financial year 2016-17 till 30th June 2016 (Ministry of Skill Development and Entrepreneurship )",Rajya Sabha,2021-12-10,1,f56de6eb-7b2c-40b5-a873-7da5bda8368d,https://www.data.gov.in/resource/state-ut-wise-nsdcs-operational-training-centersfor-financial-year-2016-17-till-30th-june,https://api.data.gov.in/resource/f56de6eb-7b2c-40b5-a873-7da5bda8368d?api-key=YOUR_KEY&format=csv&limit=1000
Other skilling,State/ UT-wise NSDC's Operational Training Centres for financial year 2016-17 (till 30-06-2016) (Ministry of Skill Development and Entrepreneurship ),Rajya Sabha,2021-12-10,1,2ff0c334-7cf8-4186-9b8f-da4024521f48,https://www.data.gov.in/resource/state-ut-wise-nsdcs-operational-training-centres-financial-year-2016-17-till-30-06-2016,https://api.data.gov.in/resource/2ff0c334-7cf8-4186-9b8f-da4024521f48?api-key=YOUR_KEY&format=csv&limit=1000
Other skilling,State-wise releases under the world bank assisted vocational training improvement project (VTIP)during 2014-15 to 2016-17(From:Ministry of Skill Development & Entrepreneurship),Rajya Sabha,2021-12-10,1,4e529ac9-283b-44be-aaa6-edff40d20e47,https://www.data.gov.in/resource/state-wise-releases-under-world-bank-assisted-vocational-training-improvement-project,https://api.data.gov.in/resource/4e529ac9-283b-44be-aaa6-edff40d20e47?api-key=YOUR_KEY&format=csv&limit=1000
Other skilling,List of National Skill Development Corporation (NSDC) Operational Training Centres (in reply to Unstarred Question on 04-08-2016 ) (Ministry of Skill Development and Entrepreneurship ),Rajya Sabha,2021-12-10,1,aa59063c-d6ce-4e72-8a44-a78859bfe6a7,https://www.data.gov.in/resource/list-national-skill-development-corporation-nsdc-operational-training-centres-reply,https://api.data.gov.in/resource/aa59063c-d6ce-4e72-8a44-a78859bfe6a7?api-key=YOUR_KEY&format=csv&limit=1000
Other skilling,Funds Released to State Governments for Skill Development / Vocational Training Under SCA to TSP and Art.275(1) during 2014-15 and 2015-16 (From:Ministry of Tribal Affairs),Rajya Sabha,2021-12-10,1,728b8efc-dacb-4139-bc71-4892f738d0ec,https://www.data.gov.in/resource/funds-released-state-governments-skill-development-vocational-training-under-sca-tsp-and,https://api.data.gov.in/resource/728b8efc-dacb-4139-bc71-4892f738d0ec?api-key=YOUR_KEY&format=csv&limit=1000
Other skilling,"Number of Candidates Enrolled, Trained, Passed and Placed under different Sector Skill Councils  (in reply to Starred Question on 11-08- 2016) (Ministry of Skill Development and Entrepreneurship )",Rajya Sabha,2021-12-10,1,d687287b-6f7a-40b4-a2c0-2c33cdcee01f,https://www.data.gov.in/resource/number-candidates-enrolled-trained-passed-and-placed-under-different-sector-skill-councils,https://api.data.gov.in/resource/d687287b-6f7a-40b4-a2c0-2c33cdcee01f?api-key=YOUR_KEY&format=csv&limit=1000
Other skilling,State-wise Entrepreneurship Profile - 2016 (From: Ministry of Skill Development and Entrepreneurship),Rajya Sabha,2021-12-10,1,2e195c56-33b9-47b8-b3a1-684452a9e34b,https://www.data.gov.in/resource/state-wise-entrepreneurship-profile-2016-ministry-skill-development-and-entrepreneurship,https://api.data.gov.in/resource/2e195c56-33b9-47b8-b3a1-684452a9e34b?api-key=YOUR_KEY&format=csv&limit=1000
Other skilling,Sector wise requirement of human resource from 2013 to 2022(From:Ministry of Skill Development & Entrepreneurship),Rajya Sabha,2021-12-10,1,d15636c9-e648-43de-961a-56cac653482c,https://www.data.gov.in/resource/sector-wise-requirement-human-resource-2013-2022fromministry-skill-development,https://api.data.gov.in/resource/d15636c9-e648-43de-961a-56cac653482c?api-key=YOUR_KEY&format=csv&limit=1000
Other skilling,Estimated percentage of employees (regular wage/salaried and casual labour) among workers in usual status (ps+ss) for each state/ut during 2009-10(From:Ministry of Skill Development & Entrepreneurship),Rajya Sabha,2021-12-10,1,58799f1d-fad4-4d8f-b90f-f0646551a036,https://www.data.gov.in/resource/estimated-percentage-employees-regular-wagesalaried-and-casual-labour-among-workers-usual,https://api.data.gov.in/resource/58799f1d-fad4-4d8f-b90f-f0646551a036?api-key=YOUR_KEY&format=csv&limit=1000
Other skilling,State/ UT-wise Estimates of Number of Unemployed Persons (All Ages and as per usual Status) during 2011-12 as per NSS 68th round (Jul-2011 to Jun-2012) (Ministry of Skill Development and Entrepreneurship ),Rajya Sabha,2021-12-10,1,2177c0be-62d4-42b2-be86-e6b1d7a7b2d7,https://www.data.gov.in/resource/state-ut-wise-estimates-number-unemployed-persons-all-ages-and-usual-status-during-2011-12,https://api.data.gov.in/resource/2177c0be-62d4-42b2-be86-e6b1d7a7b2d7?api-key=YOUR_KEY&format=csv&limit=1000
Other skilling,"Details of the Rural Self Employment Training Institutes (As on September, 2015) (From :Ministry of Rural Development)",Rajya Sabha,2021-12-09,0,5d2b9f4a-5818-4358-b6ed-00b4b4a1f67b,https://www.data.gov.in/resource/details-rural-self-employment-training-institutes-september-2015-ministry-rural,https://api.data.gov.in/resource/5d2b9f4a-5818-4358-b6ed-00b4b4a1f67b?api-key=YOUR_KEY&format=csv&limit=1000
Other skilling,Target to Skill Development Training to the unemployed youth for 2014-15 (From: Ministry of Skill Development And Entrepreneurship),Rajya Sabha,2021-12-09,1,6dd9dc9a-327c-44ff-8167-d6263b79d41d,https://www.data.gov.in/resource/target-skill-development-training-unemployed-youth-2014-15-ministry-skill-development-and,https://api.data.gov.in/resource/6dd9dc9a-327c-44ff-8167-d6263b79d41d?api-key=YOUR_KEY&format=csv&limit=1000
Other skilling,Funds released and utilization thereof under the Scheme of Vocational Training in Tribal Areas from 2013-14 to 2014-15 (From :Ministry of Tribal Affairs),Rajya Sabha,2021-12-09,0,700cdad3-6643-4e14-9925-ed6d999f6f2f,https://www.data.gov.in/resource/funds-released-and-utilization-thereof-under-scheme-vocational-training-tribal-areas-2013,https://api.data.gov.in/resource/700cdad3-6643-4e14-9925-ed6d999f6f2f?api-key=YOUR_KEY&format=csv&limit=1000
Other skilling,State-wise no. of beneficaries under the Scheme of vocational training centre in tribal areas from 2014-15 to 2015-16(From : Ministry of Tribal Affairs),Rajya Sabha,2021-12-09,1,c209e1fb-50ad-4fb4-b736-38c5b771f0dd,https://www.data.gov.in/resource/state-wise-no-beneficaries-under-scheme-vocational-training-centre-tribal-areas-2014-15,https://api.data.gov.in/resource/c209e1fb-50ad-4fb4-b736-38c5b771f0dd?api-key=YOUR_KEY&format=csv&limit=1000
Other skilling,Details of no. of projects and Amount released to NGOS under the central sector Scheme of vocational training in tribal areas from 2014-15 to 2015-16(From : Ministry of Tribal Affairs),Rajya Sabha,2021-12-09,1,5fad94b2-e5e9-4e1d-8ab3-fad472b2aac3,https://www.data.gov.in/resource/details-no-projects-and-amount-released-ngos-under-central-sector-scheme-vocational,https://api.data.gov.in/resource/5fad94b2-e5e9-4e1d-8ab3-fad472b2aac3?api-key=YOUR_KEY&format=csv&limit=1000
Other skilling,Ministry-wise annual target and the achievements in skill development for the year 2014-15  (From: Ministry of Skill Development And Entrepreneurship),Rajya Sabha,2021-12-09,1,cc4be86d-5286-4152-ad8a-cf693d14a6c9,https://www.data.gov.in/resource/ministry-wise-annual-target-and-achievements-skill-development-year-2014-15-ministry-skill,https://api.data.gov.in/resource/cc4be86d-5286-4152-ad8a-cf693d14a6c9?api-key=YOUR_KEY&format=csv&limit=1000
Other skilling,State-wise List under Skill Development scheme of 34 Districts affected by Left Wing Extremism in 2013 (From :Ministry of Skill Development and Entrepreneurship),Rajya Sabha,2021-12-09,1,10c8b229-045c-4df8-ae29-cbbfb65ebb14,https://www.data.gov.in/resource/state-wise-list-under-skill-development-scheme-34-districts-affected-left-wing-extremism,https://api.data.gov.in/resource/10c8b229-045c-4df8-ae29-cbbfb65ebb14?api-key=YOUR_KEY&format=csv&limit=1000
Other skilling,Incremental Human Resource requirements across States during 2013-22 (From :Ministry of Skill Development And Entrepreneurship),Rajya Sabha,2021-12-09,1,dc341054-239d-4386-83fe-2e621cd58607,https://www.data.gov.in/resource/incremental-human-resource-requirements-across-states-during-2013-22-ministry-skill,https://api.data.gov.in/resource/dc341054-239d-4386-83fe-2e621cd58607?api-key=YOUR_KEY&format=csv&limit=1000
Other skilling,Targets and Achievements by different Ministries/Departments during 2011-12 to 2014-15 (From: Ministry of Skill Development And Entrepreneurship),Rajya Sabha,2021-12-09,1,5109e987-256d-4160-af4a-215388be9bbf,https://www.data.gov.in/resource/targets-and-achievements-different-ministriesdepartments-during-2011-12-2014-15-ministry,https://api.data.gov.in/resource/5109e987-256d-4160-af4a-215388be9bbf?api-key=YOUR_KEY&format=csv&limit=1000
Other skilling,Funds released to NSDC and their utilization from 2008-09 to 2014-15 (From: Ministry of Skill Development and Entrepreneurship),Rajya Sabha,2021-12-09,1,30479aab-1972-4135-b3e4-2b7d76cd5bd5,https://www.data.gov.in/resource/funds-released-nsdc-and-their-utilization-2008-09-2014-15-ministry-skill-development-and,https://api.data.gov.in/resource/30479aab-1972-4135-b3e4-2b7d76cd5bd5?api-key=YOUR_KEY&format=csv&limit=1000
Other skilling,Amount Sanction to the States for Undertaking Skill Development and other Employment-cum-income Generation Programmes under special Central Assistance to Tribal Sub-plan during 2014-15 and Grants Under Article 275(1) (From: Ministry of Tribal Affairs),Rajya Sabha,2021-12-09,1,4586fc80-e092-4f41-bfe4-09f31c5b9100,https://www.data.gov.in/resource/amount-sanction-states-undertaking-skill-development-and-other-employment-cum-income,https://api.data.gov.in/resource/4586fc80-e092-4f41-bfe4-09f31c5b9100?api-key=YOUR_KEY&format=csv&limit=1000
Other skilling,State-wise details of educated and uneducated including skilled and unskilled jobseekers as on 31-12-2012  (From: Ministry of Labour And Employment),Rajya Sabha,2021-12-09,1,bd4ed7c3-78a1-4f3e-a4b5-984d10c28d44,https://www.data.gov.in/resource/state-wise-details-educated-and-uneducated-including-skilled-and-unskilled-jobseekers-31,https://api.data.gov.in/resource/bd4ed7c3-78a1-4f3e-a4b5-984d10c28d44?api-key=YOUR_KEY&format=csv&limit=1000
Other skilling,State-wise Details of Women who have been Provided Training in National/ Regional Vocational Training Institutes (NVTI/RVTIs) during 2014-15 to 2016-17 (From: Ministry of Skill Development and Entrepreneurship),Rajya Sabha,2021-09-08,1,1f447c2f-6deb-445e-b214-38787472fd11,https://www.data.gov.in/resource/state-wise-details-women-who-have-been-provided-training-national-regional-vocational,https://api.data.gov.in/resource/1f447c2f-6deb-445e-b214-38787472fd11?api-key=YOUR_KEY&format=csv&limit=1000
Other skilling,Institutes Closed by All India Council for Technical Education (AICTE) as on April 2016 (From: Ministry of Skill Development and Entrepreneurship),Rajya Sabha,2021-09-08,1,d01550e6-70f3-4efa-a08f-00cc2553f807,https://www.data.gov.in/resource/institutes-closed-all-india-council-technical-education-aicte-april-2016-ministry-skill,https://api.data.gov.in/resource/d01550e6-70f3-4efa-a08f-00cc2553f807?api-key=YOUR_KEY&format=csv&limit=1000
Other skilling,State/ UT-wise Achievements of Skill Development Training Programme from 2013-14 to 2015-16 (From: Ministry of Social Justice & Empowerment),Rajya Sabha,2021-09-08,1,711ef71c-611c-4c0d-a895-711cb18952a1,https://www.data.gov.in/resource/state-ut-wise-achievements-skill-development-training-programme-2013-14-2015-16-ministry,https://api.data.gov.in/resource/711ef71c-611c-4c0d-a895-711cb18952a1?api-key=YOUR_KEY&format=csv&limit=1000
Other skilling,"State/UT-wise Vocational Training Improvement Project (VTIP) from 2014-15 to 2017-18
 (From: Ministry of Skill Development and Entrepreneurship)",Rajya Sabha,2021-09-08,1,cbc707d6-56df-41ba-80ad-68a92aea308e,https://www.data.gov.in/resource/stateut-wise-vocational-training-improvement-project-vtip-2014-15-2017-18-ministry-skill,https://api.data.gov.in/resource/cbc707d6-56df-41ba-80ad-68a92aea308e?api-key=YOUR_KEY&format=csv&limit=1000
Other skilling,State/UT-wise Skill Development Training Provided by NBCFDC from 2016-17 to 2018-19 (From: Ministry of Social Justice & Empowerment),Rajya Sabha,2021-09-08,1,e1c5eb17-d11f-4b75-8e60-05c21ec88825,https://www.data.gov.in/resource/stateut-wise-skill-development-training-provided-nbcfdc-2016-17-2018-19-ministry-social,https://api.data.gov.in/resource/e1c5eb17-d11f-4b75-8e60-05c21ec88825?api-key=YOUR_KEY&format=csv&limit=1000
Other skilling,State-wise Scheme of Vocational Training in Tribal Areas NGOs from 2016-17 to 2018-19 (From: Ministry of Tribal Affairs),Rajya Sabha,2021-09-08,0,f4b55238-40ed-4a7a-9cb7-904f8f5d535c,https://www.data.gov.in/resource/state-wise-scheme-vocational-training-tribal-areas-ngos-2016-17-2018-19-ministry-tribal,https://api.data.gov.in/resource/f4b55238-40ed-4a7a-9cb7-904f8f5d535c?api-key=YOUR_KEY&format=csv&limit=1000
Other skilling,Trainees Identified in 34 Districts for Training (in reply to Unstarred Question on 28-07-2016) (Ministry of Skill Development and Entrepreneurship ),Rajya Sabha,2021-09-08,1,f0e40d86-8817-454d-911a-ac78607a7ee9,https://www.data.gov.in/resource/trainees-identified-34-districts-training-reply-unstarred-question-28-07-2016-ministry,https://api.data.gov.in/resource/f0e40d86-8817-454d-911a-ac78607a7ee9?api-key=YOUR_KEY&format=csv&limit=1000
Other skilling,Release of Fund for Skill Training Programme under the SIPDA Scheme from 2013-14 to 2015-16 (From: Ministry of Social Justice & Empowerment ),Rajya Sabha,2021-09-08,0,4e1173a8-1f54-4a34-a8b3-4b6b80f20ee1,https://www.data.gov.in/resource/release-fund-skill-training-programme-under-sipda-scheme-2013-14-2015-16-ministry-social,https://api.data.gov.in/resource/4e1173a8-1f54-4a34-a8b3-4b6b80f20ee1?api-key=YOUR_KEY&format=csv&limit=1000
Other skilling,Region-wise Status of Training and Placement provided to Beedi Workers under Skill Development as on 31-08-2018 (From : Ministry of Labour and Employment),Rajya Sabha,2021-09-08,1,434d3475-a8d3-4b63-96c6-86a2f46cb16f,https://www.data.gov.in/resource/region-wise-status-training-and-placement-provided-beedi-workers-under-skill-development,https://api.data.gov.in/resource/434d3475-a8d3-4b63-96c6-86a2f46cb16f?api-key=YOUR_KEY&format=csv&limit=1000
Other skilling,State-wise Funds Released and Utilized under Scheme of Vocational Training in Tribal Areas (NGOs) from 2016-17 to 2018-19 (From: Ministry of Tribal Affairs),Rajya Sabha,2021-09-08,0,6a170da2-0431-4fbb-bfe5-28a22a5fb76b,https://www.data.gov.in/resource/state-wise-funds-released-and-utilized-under-scheme-vocational-training-tribal-areas-ngos,https://api.data.gov.in/resource/6a170da2-0431-4fbb-bfe5-28a22a5fb76b?api-key=YOUR_KEY&format=csv&limit=1000
Other skilling,"Funds Released for Skill Development, Vocational Training etc. and No. of Beneficiaries Under SCA to TSP during 2013-14 (From: Ministry of Skill Development and Entrepreneurship)",Rajya Sabha,2021-09-08,1,51fdb71b-7b69-4a99-ba6b-7a4cb680cc75,https://www.data.gov.in/resource/funds-released-skill-development-vocational-training-etc-and-no-beneficiaries-under-sca,https://api.data.gov.in/resource/51fdb71b-7b69-4a99-ba6b-7a4cb680cc75?api-key=YOUR_KEY&format=csv&limit=1000
Other skilling,State/ UT-wise Skill Development Training through National Backward Classes Finance and Development Corporation (NBCFDC) from 2013-14 to 2015-16 (From: Ministry of Social Justice & Empowerment),Rajya Sabha,2021-09-08,0,8a052440-2b19-4541-99ca-010048e8f0f4,https://www.data.gov.in/resource/state-ut-wise-skill-development-training-through-national-backward-classes-finance-and,https://api.data.gov.in/resource/8a052440-2b19-4541-99ca-010048e8f0f4?api-key=YOUR_KEY&format=csv&limit=1000
Other skilling,State-wise Funds Releases under the World Bank assisted Vocational Training Improvement Project (VTIP) during 2014-15 to 2016-17 (From: Ministry of Skill Development and Entrepreneurship ),Rajya Sabha,2021-09-08,1,86888755-faa6-4c6c-a0a4-0d4a3f20b24e,https://www.data.gov.in/resource/state-wise-funds-releases-under-world-bank-assisted-vocational-training-improvement,https://api.data.gov.in/resource/86888755-faa6-4c6c-a0a4-0d4a3f20b24e?api-key=YOUR_KEY&format=csv&limit=1000
Other skilling,State/UT-wise Details of Funds released under the Scheme of Vocational Training in Tribal Areas during 2016-17 and 2017-18 (From : Ministry of Tribal Affairs),Rajya Sabha,2021-09-08,1,b1436ac0-a9ea-49f3-aa6f-e323574ddf36,https://www.data.gov.in/resource/stateut-wise-details-funds-released-under-scheme-vocational-training-tribal-areas-during,https://api.data.gov.in/resource/b1436ac0-a9ea-49f3-aa6f-e323574ddf36?api-key=YOUR_KEY&format=csv&limit=1000
Other skilling,State/UT-wise Skill Trained candidates placed under Employment Through Skills Training and Placement (EST&P) from 2014-15 to 2018-19 (From : Ministry of Labour and Employment),Rajya Sabha,2021-09-08,1,b1e46ad9-ef88-4093-b331-7c7696fbcd9e,https://www.data.gov.in/resource/stateut-wise-skill-trained-candidates-placed-under-employment-through-skills-training-and,https://api.data.gov.in/resource/b1e46ad9-ef88-4093-b331-7c7696fbcd9e?api-key=YOUR_KEY&format=csv&limit=1000
Other skilling,"State-wise detail of number of farmers imparted skill development training related to agriculture by Government as on 11th Nov, 2019 (From: Ministry of Skill Development and Entrepreneurship)",Rajya Sabha,2021-09-08,1,500e7be6-ae51-4e53-bb5d-bbad36c43cd2,https://www.data.gov.in/resource/state-wise-detail-number-farmers-imparted-skill-development-training-related-agriculture,https://api.data.gov.in/resource/500e7be6-ae51-4e53-bb5d-bbad36c43cd2?api-key=YOUR_KEY&format=csv&limit=1000
Other skilling,Year-wise details of Training Done under three Corporations of Ministry of Social Justice and Empowerment from 2014-15 to 2017-18 (From : Ministry of Skill Development and Entrepreneurship),Rajya Sabha,2021-09-08,1,1fcf9cec-4571-45f8-bcc8-5c56fd233385,https://www.data.gov.in/resource/year-wise-details-training-done-under-three-corporations-ministry-social-justice-and,https://api.data.gov.in/resource/1fcf9cec-4571-45f8-bcc8-5c56fd233385?api-key=YOUR_KEY&format=csv&limit=1000
Other skilling,Details of Funds released to State Governments/UT Administrations under the Scheme of Vocational Training in Tribal Areas from 2012-13 to 2015-16 (From: Ministry of Tribal Affairs),Rajya Sabha,2021-09-08,1,08f563df-38e0-4bee-b6f6-54fc2671e179,https://www.data.gov.in/resource/details-funds-released-state-governmentsut-administrations-under-scheme-vocational,https://api.data.gov.in/resource/08f563df-38e0-4bee-b6f6-54fc2671e179?api-key=YOUR_KEY&format=csv&limit=1000
Other skilling,State/ UT-wise Number of Persons Trained and Placed under Upgrading Skills and Training in Traditional Arts and Crafts for Development (USTTAD) during 2015-16 (From: Ministry of Minority Affairs),Rajya Sabha,2021-09-08,1,4ba766a4-cbd9-4476-b5c4-2cb53153655b,https://www.data.gov.in/resource/state-ut-wise-number-persons-trained-and-placed-under-upgrading-skills-and-training,https://api.data.gov.in/resource/4ba766a4-cbd9-4476-b5c4-2cb53153655b?api-key=YOUR_KEY&format=csv&limit=1000
Other skilling,"State-wise Funds Released for Skill Development, Vocational Training Income generation under SCA to TSS and Article 275(1) from 2014-15 to 2017-18 (From: Ministry of Tribal Affairs)",Rajya Sabha,2021-09-08,1,f2385641-add8-4d96-ba1e-f1a14d325b21,https://www.data.gov.in/resource/state-wise-funds-released-skill-development-vocational-training-income-generation-under,https://api.data.gov.in/resource/f2385641-add8-4d96-ba1e-f1a14d325b21?api-key=YOUR_KEY&format=csv&limit=1000
Other skilling,State-wise Funds Released for Vocational Training/Skill Development under the Schemes of SCA to TSS and Article 275(1) from 2016-17 to 2019-20 (From: Ministry of Tribal Affairs),Rajya Sabha,2021-09-08,1,e67652d7-ef6e-4f3b-9abf-33a770e42497,https://www.data.gov.in/resource/state-wise-funds-released-vocational-trainingskill-development-under-schemes-sca-tss-and,https://api.data.gov.in/resource/e67652d7-ef6e-4f3b-9abf-33a770e42497?api-key=YOUR_KEY&format=csv&limit=1000
Other skilling,"Number of persons given training in North Bengal with regard to tea plantation under RPL (in reply to Unstarred Question on 18 September, 2020) (From: Ministry of Skill Development and Entrepreneurship)",Rajya Sabha,2021-09-08,1,4578f362-aa49-432f-a24b-01b5ad086d8b,https://www.data.gov.in/resource/number-persons-given-training-north-bengal-regard-tea-plantation-under-rpl-reply-unstarred,https://api.data.gov.in/resource/4578f362-aa49-432f-a24b-01b5ad086d8b?api-key=YOUR_KEY&format=csv&limit=1000
Other skilling,State/UT-wise Skill Development Training Provided to Target Group by National Backward Classes Finance and Development Corporation (NBCFDC) from 2016-17 to 2018-19 (From: Ministry of Social Justice and Empowerment),Rajya Sabha,2021-09-08,1,d352c4c3-9c4f-4d9e-a111-779b6cd7af06,https://www.data.gov.in/resource/stateut-wise-skill-development-training-provided-target-group-national-backward-classes,https://api.data.gov.in/resource/d352c4c3-9c4f-4d9e-a111-779b6cd7af06?api-key=YOUR_KEY&format=csv&limit=1000
Other skilling,"State-wise Funds Provided to State Governments for Skill Development, Vocational Training under Special Central Assistance to Tribal Sub-Scheme and Grants under Article 275(1) of the Constitution from 2014-15 to 2017-18 (From: Ministry of Tribal Affairs)",Rajya Sabha,2021-09-08,1,dae6b162-c76f-4335-85f9-61e007bcf2a0,https://www.data.gov.in/resource/state-wise-funds-provided-state-governments-skill-development-vocational-training-under,https://api.data.gov.in/resource/dae6b162-c76f-4335-85f9-61e007bcf2a0?api-key=YOUR_KEY&format=csv&limit=1000
Other skilling,State-wise Funds Provided for Skill Development and Vocational Training of Tribal Persons under Schemes Special Central Assistance to Tribal Sub-Scheme and Grants Article 275(1) of Constitution from 2014-15 to 2016-17 (From: Ministry of Tribal Affairs),Rajya Sabha,2021-09-08,0,ba08e824-31f6-4245-9a4f-87831d4eae5a,https://www.data.gov.in/resource/state-wise-funds-provided-skill-development-and-vocational-training-tribal-persons-under,https://api.data.gov.in/resource/ba08e824-31f6-4245-9a4f-87831d4eae5a?api-key=YOUR_KEY&format=csv&limit=1000
Other skilling,Community Wise & State Wise Number of Trainees Got Trained Under the Scheme of NAI ROSHNI (Scheme for Leadership Development of Minority Women) during 2014-15 (From :Ministry of Minority Affairs),Rajya Sabha,2021-09-08,1,ff2a66dc-ce5a-4448-9235-98c137098bc3,https://www.data.gov.in/resource/community-wise-state-wise-number-trainees-got-trained-under-scheme-nai-roshni-scheme-1,https://api.data.gov.in/resource/ff2a66dc-ce5a-4448-9235-98c137098bc3?api-key=YOUR_KEY&format=csv&limit=1000
Other skilling,Number of Trainees Allocated and Fund Released to the Project Implementing Agencies (PIAs) under Upgrading the Skills and Training in Traditional Arts/ Crafts for Development (USTTAD) during 2016-17 (From: Ministry of Minority Affairs),Rajya Sabha,2021-09-08,1,2efc6d9f-ecf3-4e45-a7ed-67bcbb48637e,https://www.data.gov.in/resource/number-trainees-allocated-and-fund-released-project-implementing-agencies-pias-under,https://api.data.gov.in/resource/2efc6d9f-ecf3-4e45-a7ed-67bcbb48637e?api-key=YOUR_KEY&format=csv&limit=1000
Other skilling,"State -wise Funds Provided to State Governments for Skill Development, Vocational Training under SCA to TSS and Grants under Article 275(1) of the Constitution from 2014-15 to 2017-18 (From: Ministry of Tribal Affairs)",Rajya Sabha,2021-09-08,0,762661a2-eafd-425d-98fe-eb9091268b03,https://www.data.gov.in/resource/state-wise-funds-provided-state-governments-skill-development-vocational-training-under-0,https://api.data.gov.in/resource/762661a2-eafd-425d-98fe-eb9091268b03?api-key=YOUR_KEY&format=csv&limit=1000
Other skilling,"Details of Candidates Trained, Certified and Placed under Central Ministries/Departments from 2016-17 to 2019-20 (From : Ministry of Skill Development and Entrepreneurship)",Rajya Sabha,2021-09-08,1,f54c7ee9-e214-4f6d-ae97-c9996e25ec88,https://www.data.gov.in/resource/details-candidates-trained-certified-and-placed-under-central-ministriesdepartments-2016,https://api.data.gov.in/resource/f54c7ee9-e214-4f6d-ae97-c9996e25ec88?api-key=YOUR_KEY&format=csv&limit=1000
Other skilling,Details of the Memorandam of Understanding (MoUs) Signed by National Skill Development Fund (NSDF) (in reply to Starred Question for 09-03-2017) (From: Ministry of Skill Development and Entrepreneurship ),Rajya Sabha,2021-09-08,1,ae1e06d9-9163-4637-9631-d089c93d0b92,https://www.data.gov.in/resource/details-memorandam-understanding-mous-signed-national-skill-development-fund-nsdf-reply,https://api.data.gov.in/resource/ae1e06d9-9163-4637-9631-d089c93d0b92?api-key=YOUR_KEY&format=csv&limit=1000
Other skilling,The Details of Memorandum of Understanding (MoUs) signed by National Skill Development Corporation (NSDC) (in reply to Unstarred Question for 09-03-2017) (From: Ministry of Skill Development and Entrepreneurship ),Rajya Sabha,2021-09-08,1,78883b14-37ff-47b2-b2a3-e11d41ab126c,https://www.data.gov.in/resource/details-memorandum-understanding-mous-signed-national-skill-development-corporation-nsdc,https://api.data.gov.in/resource/78883b14-37ff-47b2-b2a3-e11d41ab126c?api-key=YOUR_KEY&format=csv&limit=1000
Other skilling,The Details of Funds Accrued in National Skill Development fund (NSDF) from the Government and Funds Disbursed by NSDC under Various Programme (in reply to Unstarred Question for 09-03-2017) (From: Ministry of Skill Development and Entrepreneurship ),Rajya Sabha,2021-09-08,1,4eb57a15-eceb-4128-abdb-470e8c6c8ac2,https://www.data.gov.in/resource/details-funds-accrued-national-skill-development-fund-nsdf-government-and-funds-disbursed,https://api.data.gov.in/resource/4eb57a15-eceb-4128-abdb-470e8c6c8ac2?api-key=YOUR_KEY&format=csv&limit=1000
Other skilling,Details of Skill Targets and Achievements during 2015-16 (From: Ministry of Skill Development and Entrepreneurship),Rajya Sabha,2021-09-08,1,c655b345-e3be-41f1-af0e-be5c23c997a2,https://www.data.gov.in/resource/details-skill-targets-and-achievements-during-2015-16-ministry-skill-development-and,https://api.data.gov.in/resource/c655b345-e3be-41f1-af0e-be5c23c997a2?api-key=YOUR_KEY&format=csv&limit=1000
Other skilling,Details of Annual Target for  Skill Development during 2016-17 (From: Ministry of Skill Development and Entrepreneurship),Rajya Sabha,2021-09-08,1,e9d7028e-be9e-46cf-9566-4b708d8b25be,https://www.data.gov.in/resource/details-annual-target-skill-development-during-2016-17-ministry-skill-development-and,https://api.data.gov.in/resource/e9d7028e-be9e-46cf-9566-4b708d8b25be?api-key=YOUR_KEY&format=csv&limit=1000
Other skilling,Skill Target allocation to different Ministries from 2015-16 to 2016-17 (From: Ministry of Skill Development and Entrepreneurship),Rajya Sabha,2021-09-08,1,20128f92-f2ee-48eb-a3a0-701c098e06f1,https://www.data.gov.in/resource/skill-target-allocation-different-ministries-2015-16-2016-17-ministry-skill-development,https://api.data.gov.in/resource/20128f92-f2ee-48eb-a3a0-701c098e06f1?api-key=YOUR_KEY&format=csv&limit=1000
Other skilling,"National Skill Development Corporation (NSDC) has Collaborated with Textile Mills Association Namely Indian Texpreneurs Federation (in reply to Unstarred Question on 21 November, 2019) (From: Ministry of Textiles)",Rajya Sabha,2021-09-08,1,5f083c40-11d0-4c6c-869c-58a73409caab,https://www.data.gov.in/resource/national-skill-development-corporation-nsdc-has-collaborated-textile-mills-association,https://api.data.gov.in/resource/5f083c40-11d0-4c6c-869c-58a73409caab?api-key=YOUR_KEY&format=csv&limit=1000
Other skilling,State/UT-wise Number of candidates Skill Trained under Deendayal Antyodaya Yojana - National Urban Livelihoods Mission (DAY-NULM) during 2016-17 and 2017-18 (From : Ministry of Housing & Urban Affairs),Rajya Sabha,2021-09-08,1,a28cee9e-7f2d-48af-b8e1-f565e9849f79,https://www.data.gov.in/resource/stateut-wise-number-candidates-skill-trained-under-deendayal-antyodaya-yojana-national,https://api.data.gov.in/resource/a28cee9e-7f2d-48af-b8e1-f565e9849f79?api-key=YOUR_KEY&format=csv&limit=1000
Other skilling,The Details of Enhancing Skill Development Infrastructure in NE States & Sikkim during 2014-15 to 2016-17 (From: Ministry of Skill Development and Entrepreneurship ),Rajya Sabha,2021-09-08,1,2a9ebf72-d43e-42dd-84a2-dba40ec00129,https://www.data.gov.in/resource/details-enhancing-skill-development-infrastructure-ne-states-sikkim-during-2014-15-2016-17,https://api.data.gov.in/resource/2a9ebf72-d43e-42dd-84a2-dba40ec00129?api-key=YOUR_KEY&format=csv&limit=1000
Other skilling,State-wise Fund Released under Skill Development in Affected by LWE from 2016-17 to 2019-20 (From: Ministry of Skill Development and Entrepreneurship),Rajya Sabha,2021-09-08,1,80ad58a1-60a4-4b9a-9c9c-42885aa6640a,https://www.data.gov.in/resource/state-wise-fund-released-under-skill-development-affected-lwe-2016-17-2019-20-ministry,https://api.data.gov.in/resource/80ad58a1-60a4-4b9a-9c9c-42885aa6640a?api-key=YOUR_KEY&format=csv&limit=1000
Other skilling,State-wise Skill Development in 47 Districts Affected by Left Wing Extremism during 2014-15 to 2016-17 (From: Ministry of Skill Development and Entrepreneurship ),Rajya Sabha,2021-09-08,1,03b3b680-c623-43f7-b483-b4cdb4e54ffc,https://www.data.gov.in/resource/state-wise-skill-development-47-districts-affected-left-wing-extremism-during-2014-15-2016,https://api.data.gov.in/resource/03b3b680-c623-43f7-b483-b4cdb4e54ffc?api-key=YOUR_KEY&format=csv&limit=1000
Other skilling,State-wise Fund Released under Enhancing Skill Development Infrastructure in NE States from 2016-17 to 2019-20 (From: Ministry of Skill Development and Entrepreneurship),Rajya Sabha,2021-09-08,1,332ce280-3d59-430d-a2fd-468bfd000f0d,https://www.data.gov.in/resource/state-wise-fund-released-under-enhancing-skill-development-infrastructure-ne-states-2016,https://api.data.gov.in/resource/332ce280-3d59-430d-a2fd-468bfd000f0d?api-key=YOUR_KEY&format=csv&limit=1000
Other skilling,State/UT-wise Details of Skill Trained and Placed under Deendayal Antyodaya Yojana-National Urban Livelihoods Mission DAY-NULM from 2014-15 to 2017-18 (From: Ministry of Housing and Urban Affairs),Rajya Sabha,2021-09-08,1,3c83816d-cab2-4874-a4aa-0a8abf536de9,https://www.data.gov.in/resource/stateut-wise-details-skill-trained-and-placed-under-deendayal-antyodaya-yojana-national,https://api.data.gov.in/resource/3c83816d-cab2-4874-a4aa-0a8abf536de9?api-key=YOUR_KEY&format=csv&limit=1000
Other skilling,State/UT-wise Number of candidates Skill Trained candidates placed under Deendayal Antyodaya Yojana - National Urban Livelihoods Mission (DAY-NULM) during 2016-17 and 2017-18 (From : Ministry of Housing & Urban Affairs),Rajya Sabha,2021-09-08,1,e7d80d04-0c61-4a31-a08c-a4085ec49b58,https://www.data.gov.in/resource/stateut-wise-number-candidates-skill-trained-candidates-placed-under-deendayal-antyodaya,https://api.data.gov.in/resource/e7d80d04-0c61-4a31-a08c-a4085ec49b58?api-key=YOUR_KEY&format=csv&limit=1000
Other skilling,States/ UT-wise list of Skill Development Centres under PMKV (in reply to Unstarred Question for 09-03-2017) (From: Ministry of Skill Development and Entrepreneurship ),Rajya Sabha,2021-09-08,1,ad42854e-ddd6-4a7a-8363-256c9d349b31,https://www.data.gov.in/resource/states-ut-wise-list-skill-development-centres-under-pmkv-reply-unstarred-question-09-03,https://api.data.gov.in/resource/ad42854e-ddd6-4a7a-8363-256c9d349b31?api-key=YOUR_KEY&format=csv&limit=1000
Other skilling,"Summary of Findings of Study on Human Resource and Skill Requirement of 24 High Priority Sectors Conducted in 2013 (in reply to Unstarred Question on 13 March, 2020) (From: Ministry of Skill Development and Entrepreneurship)",Rajya Sabha,2021-09-08,0,7dd9432d-09d1-4609-b085-80b90706a462,https://www.data.gov.in/resource/summary-findings-study-human-resource-and-skill-requirement-24-high-priority-sectors,https://api.data.gov.in/resource/7dd9432d-09d1-4609-b085-80b90706a462?api-key=YOUR_KEY&format=csv&limit=1000
Other skilling,Skill development and capacity building in Handicrafts from 2013-14 to 2015-16 (From: Ministry of Tribal Affairs),Rajya Sabha,2021-09-08,1,85f95238-d655-4443-9032-9d9638e01cd3,https://www.data.gov.in/resource/skill-development-and-capacity-building-handicrafts-2013-14-2015-16-ministry-tribal,https://api.data.gov.in/resource/85f95238-d655-4443-9032-9d9638e01cd3?api-key=YOUR_KEY&format=csv&limit=1000
Other skilling,"State/UT-wise Allocated and Established PMKKs, as on 11 November, 2019 (From: Ministry of Skill Development and Entrepreneurship)",Rajya Sabha,2021-09-08,1,f23d3288-f877-4972-9836-29f9dbed5763,https://www.data.gov.in/resource/stateut-wise-allocated-and-established-pmkks-11-november-2019-ministry-skill-development,https://api.data.gov.in/resource/f23d3288-f877-4972-9836-29f9dbed5763?api-key=YOUR_KEY&format=csv&limit=1000
Other skilling,State/ UT-wise Population of Persons with Disabilities as per Census during 2011 (From: Ministry of Skill Development and Entrepreneurship),Rajya Sabha,2021-09-08,1,cf8fd9f4-262e-4d93-959a-53842a267499,https://www.data.gov.in/resource/state-ut-wise-population-persons-disabilities-census-during-2011-ministry-skill,https://api.data.gov.in/resource/cf8fd9f4-262e-4d93-959a-53842a267499?api-key=YOUR_KEY&format=csv&limit=1000
Other skilling,State/ UT-wise Details of Trainees Enrolled during 2014-15 to 2016-17 (From: Ministry of Skill Development and Entrepreneurship ),Rajya Sabha,2021-09-08,1,567b6ac9-6ade-41bd-9cf9-ac6f57877ee7,https://www.data.gov.in/resource/state-ut-wise-details-trainees-enrolled-during-2014-15-2016-17-ministry-skill-development,https://api.data.gov.in/resource/567b6ac9-6ade-41bd-9cf9-ac6f57877ee7?api-key=YOUR_KEY&format=csv&limit=1000
Other skilling,Ministry/Department-wise Number of Persons Trained and placed under Skill Development during 2017-18 (From : Ministry of Labour and Employment),Rajya Sabha,2021-09-08,1,5bd0647d-c58a-438e-87c0-e4a9fc596561,https://www.data.gov.in/resource/ministrydepartment-wise-number-persons-trained-and-placed-under-skill-development-during,https://api.data.gov.in/resource/5bd0647d-c58a-438e-87c0-e4a9fc596561?api-key=YOUR_KEY&format=csv&limit=1000
Other skilling,Funds Released to Implementing Agencies of Integrated Skill Development Scheme (ISDS) during 2017-18 and 2018-19 (From: Ministry of Textiles),Rajya Sabha,2021-09-08,1,359fa1f1-0e30-4e2c-b0bd-ddcd316b46b4,https://www.data.gov.in/resource/funds-released-implementing-agencies-integrated-skill-development-scheme-isds-during-2017,https://api.data.gov.in/resource/359fa1f1-0e30-4e2c-b0bd-ddcd316b46b4?api-key=YOUR_KEY&format=csv&limit=1000
Other skilling,State/UT-wise Releases of Funds under Schemes from 2016-17 to 2018-19 (From: Ministry of Skill Development and Entrepreneurship),Rajya Sabha,2021-09-08,1,5d4e70f9-1fed-4b17-9f54-28a0a056a1e4,https://www.data.gov.in/resource/stateut-wise-releases-funds-under-schemes-2016-17-2018-19-ministry-skill-development-and,https://api.data.gov.in/resource/5d4e70f9-1fed-4b17-9f54-28a0a056a1e4?api-key=YOUR_KEY&format=csv&limit=1000
Other skilling,State/UT-wise Integrated Skill Development Scheme (ISDS) (in Reply to Starred Question on 25 July 2019) (From : Ministry of Textiles),Rajya Sabha,2021-09-08,1,d172a897-c5cd-4cbc-a886-5b0448e44210,https://www.data.gov.in/resource/stateut-wise-integrated-skill-development-scheme-isds-reply-starred-question-25-july-2019,https://api.data.gov.in/resource/d172a897-c5cd-4cbc-a886-5b0448e44210?api-key=YOUR_KEY&format=csv&limit=1000
Other skilling,State/UT-wise Number of Destinations where Skill Development Activities to be Conducted in during 2020-21 (From: Ministry of Tourism),Rajya Sabha,2021-09-08,1,a9b29f04-5cfc-4259-aaa4-6d599b27e3c3,https://www.data.gov.in/resource/stateut-wise-number-destinations-where-skill-development-activities-be-conducted-during,https://api.data.gov.in/resource/a9b29f04-5cfc-4259-aaa4-6d599b27e3c3?api-key=YOUR_KEY&format=csv&limit=1000
Other skilling,Sector-wise Requirement of Human Resource (in reply to Unstarred Question for 03-08-2017 (From: Ministry of Skill Development and Entrepreneurship),Rajya Sabha,2021-09-08,1,f72c1f87-820f-49d9-8932-e8e46b9ce8ee,https://www.data.gov.in/resource/sector-wise-requirement-human-resource-reply-unstarred-question-03-08-2017-ministry-skill,https://api.data.gov.in/resource/f72c1f87-820f-49d9-8932-e8e46b9ce8ee?api-key=YOUR_KEY&format=csv&limit=1000
Other skilling,State-wise Districts covered and fund released (in reply to Unstarred Question on 28-7-2016) (Ministry of Skill Development and Entrepreneurship ),Rajya Sabha,2021-09-08,1,6f0059eb-32c7-4cde-b33b-4a8c5f8e4df9,https://www.data.gov.in/resource/state-wise-districts-covered-and-fund-released-reply-unstarred-question-28-7-2016-ministry,https://api.data.gov.in/resource/6f0059eb-32c7-4cde-b33b-4a8c5f8e4df9?api-key=YOUR_KEY&format=csv&limit=1000
Other skilling,Sector-wise Incremental Workforce Requirement for the State of Andhra Pradesh during 2017 to 2022 (From: Ministry of Skill Development and Entrepreneurship ),Rajya Sabha,2021-09-08,1,e14d0eb6-eeb2-4e39-a16b-df4868cf6332,https://www.data.gov.in/resource/sector-wise-incremental-workforce-requirement-state-andhra-pradesh-during-2017-2022,https://api.data.gov.in/resource/e14d0eb6-eeb2-4e39-a16b-df4868cf6332?api-key=YOUR_KEY&format=csv&limit=1000
Other skilling,State/ UT-wise Details of Students Placed under Integrated Skill Development Scheme (ISDS) as on 14-3-2017 (From: Ministry of Textiles),Rajya Sabha,2021-09-08,1,4e4e290a-6d7b-42ab-b6ea-36c2ec34ce1a,https://www.data.gov.in/resource/state-ut-wise-details-students-placed-under-integrated-skill-development-scheme-isds-14-3,https://api.data.gov.in/resource/4e4e290a-6d7b-42ab-b6ea-36c2ec34ce1a?api-key=YOUR_KEY&format=csv&limit=1000
Other skilling,Allocation of Funds to Centrally Sponsored Schemes of MSDE from 2016-17 to 2018-19 (From: Ministry of Skill Development and Entrepreneurship),Rajya Sabha,2021-09-08,1,936a0bb8-eda8-4d1c-9077-f628a8b11352,https://www.data.gov.in/resource/allocation-funds-centrally-sponsored-schemes-msde-2016-17-2018-19-ministry-skill,https://api.data.gov.in/resource/936a0bb8-eda8-4d1c-9077-f628a8b11352?api-key=YOUR_KEY&format=csv&limit=1000
Other skilling,Details of Budget Allocated under Skill Development Programme for Beedi Workers during 2017-18 and 2018-19 (From : Ministry of Labour and Employment),Rajya Sabha,2021-09-08,1,a6eeccfb-7dbf-4884-935e-d39c5f30e9cc,https://www.data.gov.in/resource/details-budget-allocated-under-skill-development-programme-beedi-workers-during-2017-18,https://api.data.gov.in/resource/a6eeccfb-7dbf-4884-935e-d39c5f30e9cc?api-key=YOUR_KEY&format=csv&limit=1000
Other skilling,Funds Allocated to State of Maharashtra under Skill India Mission from 2016-17 to 2018-19 (From: Ministry of Social Justice and Empowerment),Rajya Sabha,2021-09-08,1,fa2accac-c6fc-4d8d-92eb-b727723921cf,https://www.data.gov.in/resource/funds-allocated-state-maharashtra-under-skill-india-mission-2016-17-2018-19-ministry,https://api.data.gov.in/resource/fa2accac-c6fc-4d8d-92eb-b727723921cf?api-key=YOUR_KEY&format=csv&limit=1000
Other skilling,"Scheme-wise Funds Allocation, Expenditure and Unspent under State Component from 2016-17 to 2018-19 (From: Ministry of Skill Development and Entrepreneurship)",Rajya Sabha,2021-09-08,0,17578b9c-2f1c-48e3-97dc-037406787a66,https://www.data.gov.in/resource/scheme-wise-funds-allocation-expenditure-and-unspent-under-state-component-2016-17-2018-19,https://api.data.gov.in/resource/17578b9c-2f1c-48e3-97dc-037406787a66?api-key=YOUR_KEY&format=csv&limit=1000
Other skilling,State/UT-wise Number of Skill Trained Candidates Placed under DAY-NULM during 2016-17 and 2017-18 (From : Ministry of Housing & Urban Affairs),Rajya Sabha,2021-09-08,1,69c09221-b72e-45c9-b90f-ed239f544143,https://www.data.gov.in/resource/stateut-wise-number-skill-trained-candidates-placed-under-day-nulm-during-2016-17-and-2017,https://api.data.gov.in/resource/69c09221-b72e-45c9-b90f-ed239f544143?api-key=YOUR_KEY&format=csv&limit=1000
Other skilling,Segment-wise Details of persons enrolled under the Integrated Skill Development Scheme (ISDS) (in reply to Unstarred Question on 12.12.2018) (From : Ministry of Textiles),Rajya Sabha,2021-09-08,1,7c88c306-97b1-4f68-877e-1b9ca126a286,https://www.data.gov.in/resource/segment-wise-details-persons-enrolled-under-integrated-skill-development-scheme-isds-reply,https://api.data.gov.in/resource/7c88c306-97b1-4f68-877e-1b9ca126a286?api-key=YOUR_KEY&format=csv&limit=1000
Other skilling,"State/UT-wise Trained People under Integrated Skill Development Scheme (ISDS) (in reply to Unstarred Question on 21 November, 2019) (From: Ministry of Textiles)",Rajya Sabha,2021-09-08,1,46ab3864-d755-4f2c-b369-3e290bcc57c6,https://www.data.gov.in/resource/stateut-wise-trained-people-under-integrated-skill-development-scheme-isds-reply-unstarred,https://api.data.gov.in/resource/46ab3864-d755-4f2c-b369-3e290bcc57c6?api-key=YOUR_KEY&format=csv&limit=1000
Other skilling,Skill development and capacity building in Minor Forest Produce (MFPs) under taken by TRIFED from 2013-14 to 2015-16 (From: Ministry of Tribal Affairs),Rajya Sabha,2021-09-08,1,697f0871-25b2-49a9-a40a-ae4fed013cf0,https://www.data.gov.in/resource/skill-development-and-capacity-building-minor-forest-produce-mfps-under-taken-trifed-2013,https://api.data.gov.in/resource/697f0871-25b2-49a9-a40a-ae4fed013cf0?api-key=YOUR_KEY&format=csv&limit=1000
Other skilling,State/UT and Year-wise details of Skill Trained Candidates Placed under DAY-NULM from 2014-15 to 2017-18 (From : Ministry of Labour and Employment),Rajya Sabha,2021-09-08,1,9f7cef7e-a24c-40d6-ae3a-1f5d1fae1ba9,https://www.data.gov.in/resource/stateut-and-year-wise-details-skill-trained-candidates-placed-under-day-nulm-2014-15-2017,https://api.data.gov.in/resource/9f7cef7e-a24c-40d6-ae3a-1f5d1fae1ba9?api-key=YOUR_KEY&format=csv&limit=1000
Other skilling,State/ UT-wise Funds released under Vocationalisation of Secondary and Higher Secondary Education (VS & HSE) from 2015-16 to 2017-18 (From: Ministry of Skill Development and Entrepreneurship ),Rajya Sabha,2021-09-08,1,7f122cb3-c9a6-41a6-8b70-59cf36772ac6,https://www.data.gov.in/resource/state-ut-wise-funds-released-under-vocationalisation-secondary-and-higher-secondary,https://api.data.gov.in/resource/7f122cb3-c9a6-41a6-8b70-59cf36772ac6?api-key=YOUR_KEY&format=csv&limit=1000
Other skilling,"State/UT-wise Unemployment Rate (UR) according to usual status (ps+ss) (in reply to Unstarred Question on 06 March, 2020) (From: Ministry of Skill Development and Entrepreneurship)",Rajya Sabha,2021-09-08,0,96f9852d-a512-4465-a8ea-433749c12039,https://www.data.gov.in/resource/stateut-wise-unemployment-rate-ur-according-usual-status-psss-reply-unstarred-question-06,https://api.data.gov.in/resource/96f9852d-a512-4465-a8ea-433749c12039?api-key=YOUR_KEY&format=csv&limit=1000
Other skilling,State/UT-wise Details of Skill Trained Candidates Placed under (EST&P) Progress under DAY-NULM during 2017-18 and 2018-19 (From : Ministry of Labour and Employment),Rajya Sabha,2021-09-08,1,836a27bd-b9df-4dc8-946b-56cf5dc50be9,https://www.data.gov.in/resource/stateut-wise-details-skill-trained-candidates-placed-under-estp-progress-under-day-nulm,https://api.data.gov.in/resource/836a27bd-b9df-4dc8-946b-56cf5dc50be9?api-key=YOUR_KEY&format=csv&limit=1000
Other skilling,State/UT-wise Details of Funds Released to NGOs under the Scheme of Support to Voluntary Agencies for Adult Education and Skill Development from 2014-15 to 2017-18 (From: Ministry of Human Resource Development),Rajya Sabha,2021-09-08,1,20954ec0-eb77-4ca0-8ba0-c6e150af0f79,https://www.data.gov.in/resource/stateut-wise-details-funds-released-ngos-under-scheme-support-voluntary-agencies-adult,https://api.data.gov.in/resource/20954ec0-eb77-4ca0-8ba0-c6e150af0f79?api-key=YOUR_KEY&format=csv&limit=1000
Other skilling,State-wise Number of Beneficiaries for Skill Development under Special Central Assistance to Tribal Sub-Scheme and Article 275(1) from 2015-16 to 2018-19 (From : Ministry of Tribal Affairs),Rajya Sabha,2021-09-08,1,7d96d401-0cbb-4b9d-8ce1-72c56ea13f16,https://www.data.gov.in/resource/state-wise-number-beneficiaries-skill-development-under-special-central-assistance-tribal,https://api.data.gov.in/resource/7d96d401-0cbb-4b9d-8ce1-72c56ea13f16?api-key=YOUR_KEY&format=csv&limit=1000
Other skilling,"District-wise Grant-in-Aid Released by Government of India Under Costruction of Women's Hostal in the State of Rajasthan 31st March, 2019 (From: Ministry of Skill Development and Entrepreneurship)",Rajya Sabha,2021-09-08,1,629e86c0-8b1c-41f2-aa48-26f1863c3b8a,https://www.data.gov.in/resource/district-wise-grant-aid-released-government-india-under-costruction-womens-hostal-state,https://api.data.gov.in/resource/629e86c0-8b1c-41f2-aa48-26f1863c3b8a?api-key=YOUR_KEY&format=csv&limit=1000
Other skilling,"State/UT-wise Number of Empanelled TCs, Candidates Trained, Established PMKKs and Loan Amount Disbursed for Establishment of PMKK as on 11 November, 2019 (From: Ministry of Skill Development and Entrepreneurship)",Rajya Sabha,2021-09-08,1,f0cfb36c-9e33-45e8-a274-e7ef29873646,https://www.data.gov.in/resource/stateut-wise-number-empanelled-tcs-candidates-trained-established-pmkks-and-loan-amount,https://api.data.gov.in/resource/f0cfb36c-9e33-45e8-a274-e7ef29873646?api-key=YOUR_KEY&format=csv&limit=1000
Other skilling,"District-wise Grant-in-Aid Released by Government of India Under Setting up of new polytechnics in the State of Rajasthan 31st March, 2019 (From: Ministry of Skill Development and Entrepreneurship)",Rajya Sabha,2021-09-08,1,26c82762-1a40-4ce8-ab0e-8fe5b7e4034d,https://www.data.gov.in/resource/district-wise-grant-aid-released-government-india-under-setting-new-polytechnics-state,https://api.data.gov.in/resource/26c82762-1a40-4ce8-ab0e-8fe5b7e4034d?api-key=YOUR_KEY&format=csv&limit=1000
Other skilling,Details of Overall Candidates and Persons with Disabilities (PwDs) Trained and reported Placed by NSDC under Fee based Model from 2015-16 to 2019-20 (From: Ministry of Skill Development and Entrepreneurship),Rajya Sabha,2021-09-08,1,b92881c4-cb7f-4f2f-b62d-9562c7b09967,https://www.data.gov.in/resource/details-overall-candidates-and-persons-disabilities-pwds-trained-and-reported-placed-nsdc,https://api.data.gov.in/resource/b92881c4-cb7f-4f2f-b62d-9562c7b09967?api-key=YOUR_KEY&format=csv&limit=1000
Other skilling,"(in Reply to Starred Question on 12, July 2019) (From : Ministry of Skill Development and Entrepreneurship)",Rajya Sabha,2021-09-08,1,55214cef-9b47-4888-b7e8-b68108d79918,https://www.data.gov.in/resource/details-placement-youth-different-sectors-and-average-salary-received-under-cscm-pmkvy-20,https://api.data.gov.in/resource/55214cef-9b47-4888-b7e8-b68108d79918?api-key=YOUR_KEY&format=csv&limit=1000
Other skilling,Number of Trainees Sanctioned under National Backward Classes Finance and Development Coporation (NBCFDC) from 2016-17 to 2019-20 (From: Ministry of Social Justice & Empowerment),Rajya Sabha,2021-09-08,1,67e0543e-9231-4306-97c3-e85653f39cec,https://www.data.gov.in/resource/number-trainees-sanctioned-under-national-backward-classes-finance-and-development,https://api.data.gov.in/resource/67e0543e-9231-4306-97c3-e85653f39cec?api-key=YOUR_KEY&format=csv&limit=1000
Other skilling,"State-wise Total Number of Skill Trained Candidates Placed under EST&P, beneficiaries Assisted for SEP(I&G) and SHGs Disbursed Loans under SHG- Bank Linkage Programme under DAY-NULM during 2014-15 (From : Ministry of Labour and Employment)",Rajya Sabha,2021-09-08,1,ebc7c4c3-5f12-4d6a-aee8-999fc6db94a1,https://www.data.gov.in/resource/state-wise-total-number-skill-trained-candidates-placed-under-estp-beneficiaries-assisted,https://api.data.gov.in/resource/ebc7c4c3-5f12-4d6a-aee8-999fc6db94a1?api-key=YOUR_KEY&format=csv&limit=1000
Other skilling,State/UT-wise Number of Skill Trained Candidates Placed under DAY-NULM from 2014-15 to 2018-19 (From: Ministry of Labour and Employment),Rajya Sabha,2021-09-08,1,5ba007de-4249-4b66-a985-3bb581804774,https://www.data.gov.in/resource/stateut-wise-number-skill-trained-candidates-placed-under-day-nulm-2014-15-2018-19,https://api.data.gov.in/resource/5ba007de-4249-4b66-a985-3bb581804774?api-key=YOUR_KEY&format=csv&limit=1000
Other skilling,Schools for Teacher Training Institute in Dindigul District : DHB 2017-18,Tamil Nadu,2020-12-29,0,3b77b78d-e541-4213-8934-55991d7cce8d,https://www.data.gov.in/resource/schools-teacher-training-institute-dindigul-district-dhb-2017-18,https://api.data.gov.in/resource/3b77b78d-e541-4213-8934-55991d7cce8d?api-key=YOUR_KEY&format=csv&limit=1000
Other skilling,Schools for Teacher Training Institute in Tiruchirappalli District : DHB 2017-18,Tamil Nadu,2020-09-18,0,1a705053-dd8c-44a5-bde9-c8565f732eee,https://www.data.gov.in/resource/schools-teacher-training-institute-tiruchirappalli-district-dhb-2017-18,https://api.data.gov.in/resource/1a705053-dd8c-44a5-bde9-c8565f732eee?api-key=YOUR_KEY&format=csv&limit=1000
Other skilling,District-wise Performance on Amma Skill Training and Employment Scheme 2016-17,Tamil Nadu,2018-09-27,1,d1003db8-6b27-4937-81f4-5166e60074a6,https://www.data.gov.in/resource/district-wise-performance-amma-skill-training-and-employment-scheme-2016-17,https://api.data.gov.in/resource/d1003db8-6b27-4937-81f4-5166e60074a6?api-key=YOUR_KEY&format=csv&limit=1000
Other skilling,State & UT-wise Number of Prison Inmates Trained Under Different Vocational Trainings during 2010,Ministry of Home Affairs,2018-01-16,0,94138819-444a-44f1-b984-d663e43e4829,https://www.data.gov.in/resource/state-ut-wise-number-prison-inmates-trained-under-different-vocational-trainings-during-1,https://api.data.gov.in/resource/94138819-444a-44f1-b984-d663e43e4829?api-key=YOUR_KEY&format=csv&limit=1000
Other skilling,State & UT-wise Vocational Training during 1997,Ministry of Home Affairs,2017-09-27,0,30d3ad98-3fc1-47a8-96af-fca96a7e86ba,https://www.data.gov.in/resource/state-ut-wise-vocational-training-during-1997,https://api.data.gov.in/resource/30d3ad98-3fc1-47a8-96af-fca96a7e86ba?api-key=YOUR_KEY&format=csv&limit=1000
Other skilling,State & UT-wise Number of Prison Inmates Trained under different Vocational Training during 2000,Ministry of Home Affairs,2017-09-19,0,cafc8b92-1ba2-4f1a-9689-bd8fdf177480,https://www.data.gov.in/resource/state-ut-wise-number-prison-inmates-trained-under-different-vocational-training-during,https://api.data.gov.in/resource/cafc8b92-1ba2-4f1a-9689-bd8fdf177480?api-key=YOUR_KEY&format=csv&limit=1000
Other skilling,Number of prison inmates trained under different vocational trainings during 2013,Ministry of Home Affairs,2015-03-16,1,f0d9f2a6-c7ad-4cf5-85a5-a38377b1bc71,https://www.data.gov.in/resource/number-prison-inmates-trained-under-different-vocational-trainings-during-2013,https://api.data.gov.in/resource/f0d9f2a6-c7ad-4cf5-85a5-a38377b1bc71?api-key=YOUR_KEY&format=csv&limit=1000
Other skilling,Details of Short-Term Trainees in National Institute of Biomedical Genomics 2012,Ministry of Science and Technology,2014-04-17,0,3b13f438-c649-439d-9cfd-61bd09df99a5,https://www.data.gov.in/resource/details-short-term-trainees-national-institute-biomedical-genomics-2012,https://api.data.gov.in/resource/3b13f438-c649-439d-9cfd-61bd09df99a5?api-key=YOUR_KEY&format=csv&limit=1000
